Hora del evento,Mensaje,Grupo de registros,Secuencia de registro
2026-03-15T19:53:14.659Z,"10.0.4.151 - - [15/Mar/2026:19:53:14 +0000] ""GET / HTTP/1.1"" 200 459 ""-"" ""Mozilla/5.0 (Windows NT 10.0; Win64; x64) AppleWebKit/537.36 (KHTML, like Gecko) Chrome/90.0.4430.85 Safari/537.36 Edg/90.0.818.46"" ""204.76.203.206""",011337674220:/ecs/cococash-wfe,wfe/wfe/20973f81ed264592b429b2332dd43237
2026-03-15T19:53:16.530Z,"10.0.4.151 - - [15/Mar/2026:19:53:16 +0000] ""GET / HTTP/1.1"" 200 459 ""-"" ""ELB-HealthChecker/2.0"" ""-""",011337674220:/ecs/cococash-wfe,wfe/wfe/20973f81ed264592b429b2332dd43237
2026-03-15T19:53:13.821Z,"10.0.1.20 - - [15/Mar/2026:19:53:13 +0000] ""GET / HTTP/1.1"" 200 459 ""-"" ""ELB-HealthChecker/2.0"" ""-""",011337674220:/ecs/cococash-wfe,wfe/wfe/c88d236c7466456d9645d055b1a3262e
2026-03-15T19:53:16.530Z,"10.0.4.151 - - [15/Mar/2026:19:53:16 +0000] ""GET / HTTP/1.1"" 200 459 ""-"" ""ELB-HealthChecker/2.0"" ""-""",011337674220:/ecs/cococash-wfe,wfe/wfe/c88d236c7466456d9645d055b1a3262e
2026-03-15T19:53:19.657Z,"10.0.1.20 - - [15/Mar/2026:19:53:19 +0000] ""GET / HTTP/1.1"" 200 459 ""-"" ""ELB-HealthChecker/2.0"" ""-""",011337674220:/ecs/cococash-wfe,wfe/wfe/20973f81ed264592b429b2332dd43237
2026-03-15T19:53:19.899Z,"10.0.4.151 - - [15/Mar/2026:19:53:19 +0000] ""GET / HTTP/1.1"" 200 459 ""-"" ""Mozilla/5.0 (X11; U; Linux i686; en-gb) AppleWebKit/534.35 (KHTML, like Gecko) Chrome/11.0.696.65 Safari/534.35 Puffin/2.0.5603M"" ""93.174.93.12""",011337674220:/ecs/cococash-wfe,wfe/wfe/c88d236c7466456d9645d055b1a3262e
2026-03-15T19:53:46.559Z,"10.0.4.151 - - [15/Mar/2026:19:53:46 +0000] ""GET / HTTP/1.1"" 200 459 ""-"" ""ELB-HealthChecker/2.0"" ""-""",011337674220:/ecs/cococash-wfe,wfe/wfe/20973f81ed264592b429b2332dd43237
2026-03-15T19:53:43.836Z,"10.0.1.20 - - [15/Mar/2026:19:53:43 +0000] ""GET / HTTP/1.1"" 200 459 ""-"" ""ELB-HealthChecker/2.0"" ""-""",011337674220:/ecs/cococash-wfe,wfe/wfe/c88d236c7466456d9645d055b1a3262e
2026-03-15T19:53:46.559Z,"10.0.4.151 - - [15/Mar/2026:19:53:46 +0000] ""GET / HTTP/1.1"" 200 459 ""-"" ""ELB-HealthChecker/2.0"" ""-""",011337674220:/ecs/cococash-wfe,wfe/wfe/c88d236c7466456d9645d055b1a3262e
2026-03-15T19:53:49.664Z,"10.0.1.20 - - [15/Mar/2026:19:53:49 +0000] ""GET / HTTP/1.1"" 200 459 ""-"" ""ELB-HealthChecker/2.0"" ""-""",011337674220:/ecs/cococash-wfe,wfe/wfe/20973f81ed264592b429b2332dd43237
2026-03-15T19:54:16.588Z,"10.0.4.151 - - [15/Mar/2026:19:54:16 +0000] ""GET / HTTP/1.1"" 200 459 ""-"" ""ELB-HealthChecker/2.0"" ""-""",011337674220:/ecs/cococash-wfe,wfe/wfe/20973f81ed264592b429b2332dd43237
2026-03-15T19:54:13.860Z,"10.0.1.20 - - [15/Mar/2026:19:54:13 +0000] ""GET / HTTP/1.1"" 200 459 ""-"" ""ELB-HealthChecker/2.0"" ""-""",011337674220:/ecs/cococash-wfe,wfe/wfe/c88d236c7466456d9645d055b1a3262e
2026-03-15T19:54:16.588Z,"10.0.4.151 - - [15/Mar/2026:19:54:16 +0000] ""GET / HTTP/1.1"" 200 459 ""-"" ""ELB-HealthChecker/2.0"" ""-""",011337674220:/ecs/cococash-wfe,wfe/wfe/c88d236c7466456d9645d055b1a3262e
2026-03-15T19:54:19.665Z,"10.0.1.20 - - [15/Mar/2026:19:54:19 +0000] ""GET / HTTP/1.1"" 200 459 ""-"" ""ELB-HealthChecker/2.0"" ""-""",011337674220:/ecs/cococash-wfe,wfe/wfe/20973f81ed264592b429b2332dd43237
2026-03-15T19:54:17.666Z,2026/03/15 19:54:17 Processing report batch: 3 accounts for period 2026-03,011337674220:/ecs/cococash-transaction,transaction/transaction-ms/429b0449b543441c8b399439fbb31f40
2026-03-15T19:54:17.690Z,2026/03/15 19:54:17 Found 0 transactions for user=00000000-0000-0000-0000-000000000001 period=2026-03,011337674220:/ecs/cococash-transaction,transaction/transaction-ms/429b0449b543441c8b399439fbb31f40
2026-03-15T19:54:17.742Z,2026/03/15 19:54:17 Published consolidated report for user=00000000-0000-0000-0000-000000000001 period=2026-03 (0 txns),011337674220:/ecs/cococash-transaction,transaction/transaction-ms/429b0449b543441c8b399439fbb31f40
2026-03-15T19:54:17.745Z,2026/03/15 19:54:17 Found 3 transactions for user=b4086408-f091-70c7-1cae-fbf6dea2c607 period=2026-03,011337674220:/ecs/cococash-transaction,transaction/transaction-ms/429b0449b543441c8b399439fbb31f40
2026-03-15T19:54:17.763Z,2026/03/15 19:54:17 Published consolidated report for user=b4086408-f091-70c7-1cae-fbf6dea2c607 period=2026-03 (3 txns),011337674220:/ecs/cococash-transaction,transaction/transaction-ms/429b0449b543441c8b399439fbb31f40
2026-03-15T19:54:17.766Z,2026/03/15 19:54:17 Found 3 transactions for user=94180498-80b1-70c6-aa12-1b5de6f27bbb period=2026-03,011337674220:/ecs/cococash-transaction,transaction/transaction-ms/429b0449b543441c8b399439fbb31f40
2026-03-15T19:54:17.777Z,2026/03/15 19:54:17 Published consolidated report for user=94180498-80b1-70c6-aa12-1b5de6f27bbb period=2026-03 (3 txns),011337674220:/ecs/cococash-transaction,transaction/transaction-ms/429b0449b543441c8b399439fbb31f40
2026-03-15T19:54:16.128Z,"INIT_START Runtime Version: provided:al2023.v124	Runtime Version ARN: arn:aws:lambda:us-east-1::runtime:b07b728c501d765f715ce5e24338fe899244ba83c91ecf6c67b5cea1dc629a90
",011337674220:/aws/lambda/cococash-get-accounts,2026/03/15/[$LATEST]fd4495ceb84c41f79d880be87688ec26
2026-03-15T19:54:16.202Z,"START RequestId: 14b1782e-ace2-4250-986a-38b80e450e97 Version: $LATEST
",011337674220:/aws/lambda/cococash-get-accounts,2026/03/15/[$LATEST]fd4495ceb84c41f79d880be87688ec26
2026-03-15T19:54:16.202Z,"2026/03/15 19:54:16 Starting report generation for period: 2026-03
",011337674220:/aws/lambda/cococash-get-accounts,2026/03/15/[$LATEST]fd4495ceb84c41f79d880be87688ec26
2026-03-15T19:54:17.553Z,"2026/03/15 19:54:17 Fetched 3 active accounts
",011337674220:/aws/lambda/cococash-get-accounts,2026/03/15/[$LATEST]fd4495ceb84c41f79d880be87688ec26
2026-03-15T19:54:17.630Z,"2026/03/15 19:54:17 Published batch 1 (3 accounts)
",011337674220:/aws/lambda/cococash-get-accounts,2026/03/15/[$LATEST]fd4495ceb84c41f79d880be87688ec26
2026-03-15T19:54:17.630Z,"2026/03/15 19:54:17 Completed: published 1 batches for 3 accounts, period 2026-03
",011337674220:/aws/lambda/cococash-get-accounts,2026/03/15/[$LATEST]fd4495ceb84c41f79d880be87688ec26
2026-03-15T19:54:17.632Z,"END RequestId: 14b1782e-ace2-4250-986a-38b80e450e97
",011337674220:/aws/lambda/cococash-get-accounts,2026/03/15/[$LATEST]fd4495ceb84c41f79d880be87688ec26
2026-03-15T19:54:17.632Z,"REPORT RequestId: 14b1782e-ace2-4250-986a-38b80e450e97	Duration: 1429.73 ms	Billed Duration: 1500 ms	Memory Size: 128 MB	Max Memory Used: 30 MB	Init Duration: 70.13 ms	
",011337674220:/aws/lambda/cococash-get-accounts,2026/03/15/[$LATEST]fd4495ceb84c41f79d880be87688ec26
2026-03-15T19:54:38.063Z,"INIT_START Runtime Version: provided:al2023.v124	Runtime Version ARN: arn:aws:lambda:us-east-1::runtime:b07b728c501d765f715ce5e24338fe899244ba83c91ecf6c67b5cea1dc629a90
",011337674220:/aws/lambda/cococash-pdf-maker,2026/03/15/[$LATEST]024661ad47e24db39e4e4702db408b3e
2026-03-15T19:54:38.146Z,"START RequestId: 44790578-0e27-57aa-b8ba-67491e863c68 Version: $LATEST
",011337674220:/aws/lambda/cococash-pdf-maker,2026/03/15/[$LATEST]024661ad47e24db39e4e4702db408b3e
2026-03-15T19:54:38.147Z,"2026/03/15 19:54:38 Generating PDF for user=94180498-80b1-70c6-aa12-1b5de6f27bbb account=8f4fc671-ebc7-489f-b2b2-287c5e1538e2 period=2026-03 transactions=3
",011337674220:/aws/lambda/cococash-pdf-maker,2026/03/15/[$LATEST]024661ad47e24db39e4e4702db408b3e
2026-03-15T19:54:38.775Z,"2026/03/15 19:54:38 Uploaded PDF to s3://cococash-pdf-odb-011337674220/reportes/94180498-80b1-70c6-aa12-1b5de6f27bbb/2026/03/extracto.pdf
",011337674220:/aws/lambda/cococash-pdf-maker,2026/03/15/[$LATEST]024661ad47e24db39e4e4702db408b3e
2026-03-15T19:54:38.777Z,"END RequestId: 44790578-0e27-57aa-b8ba-67491e863c68
",011337674220:/aws/lambda/cococash-pdf-maker,2026/03/15/[$LATEST]024661ad47e24db39e4e4702db408b3e
2026-03-15T19:54:38.777Z,"REPORT RequestId: 44790578-0e27-57aa-b8ba-67491e863c68	Duration: 629.97 ms	Billed Duration: 709 ms	Memory Size: 256 MB	Max Memory Used: 31 MB	Init Duration: 78.89 ms	
",011337674220:/aws/lambda/cococash-pdf-maker,2026/03/15/[$LATEST]024661ad47e24db39e4e4702db408b3e
2026-03-15T19:54:38.049Z,"INIT_START Runtime Version: provided:al2023.v124	Runtime Version ARN: arn:aws:lambda:us-east-1::runtime:b07b728c501d765f715ce5e24338fe899244ba83c91ecf6c67b5cea1dc629a90
",011337674220:/aws/lambda/cococash-pdf-maker,2026/03/15/[$LATEST]528aa744996a4e95b9ca5ac04c08d6dd
2026-03-15T19:54:38.163Z,"START RequestId: 26b941fd-b5dc-588a-a7e2-23cca57d9385 Version: $LATEST
",011337674220:/aws/lambda/cococash-pdf-maker,2026/03/15/[$LATEST]528aa744996a4e95b9ca5ac04c08d6dd
2026-03-15T19:54:38.164Z,"2026/03/15 19:54:38 Generating PDF for user=b4086408-f091-70c7-1cae-fbf6dea2c607 account=937c9f9e-5df2-4f7e-86f2-002bce00f354 period=2026-03 transactions=3
",011337674220:/aws/lambda/cococash-pdf-maker,2026/03/15/[$LATEST]528aa744996a4e95b9ca5ac04c08d6dd
2026-03-15T19:54:38.824Z,"2026/03/15 19:54:38 Uploaded PDF to s3://cococash-pdf-odb-011337674220/reportes/b4086408-f091-70c7-1cae-fbf6dea2c607/2026/03/extracto.pdf
",011337674220:/aws/lambda/cococash-pdf-maker,2026/03/15/[$LATEST]528aa744996a4e95b9ca5ac04c08d6dd
2026-03-15T19:54:38.825Z,"END RequestId: 26b941fd-b5dc-588a-a7e2-23cca57d9385
",011337674220:/aws/lambda/cococash-pdf-maker,2026/03/15/[$LATEST]528aa744996a4e95b9ca5ac04c08d6dd
2026-03-15T19:54:38.825Z,"REPORT RequestId: 26b941fd-b5dc-588a-a7e2-23cca57d9385	Duration: 661.43 ms	Billed Duration: 772 ms	Memory Size: 256 MB	Max Memory Used: 30 MB	Init Duration: 110.56 ms	
",011337674220:/aws/lambda/cococash-pdf-maker,2026/03/15/[$LATEST]528aa744996a4e95b9ca5ac04c08d6dd
2026-03-15T19:54:17.507Z,"{""httpMethod"":""GET"",""integrationError"":""-"",""ip"":""13.216.212.172"",""protocol"":""HTTP/1.1"",""requestId"":""aR8wjgDsoAMES2w="",""requestTime"":""15/Mar/2026:19:54:17 +0000"",""responseLength"":""821"",""routeKey"":""GET /v1/accounts/all"",""status"":""200""}",011337674220:/apigateway/cococash-api,1klwe2emka_.default-2026-03-15-19-54
2026-03-15T19:54:38.066Z,"INIT_START Runtime Version: provided:al2023.v124	Runtime Version ARN: arn:aws:lambda:us-east-1::runtime:b07b728c501d765f715ce5e24338fe899244ba83c91ecf6c67b5cea1dc629a90
",011337674220:/aws/lambda/cococash-pdf-maker,2026/03/15/[$LATEST]cf23b45679304821b3c966368a552e3d
2026-03-15T19:54:38.139Z,"START RequestId: 46945009-97cf-5274-aa05-3238876e5c4c Version: $LATEST
",011337674220:/aws/lambda/cococash-pdf-maker,2026/03/15/[$LATEST]cf23b45679304821b3c966368a552e3d
2026-03-15T19:54:38.140Z,"2026/03/15 19:54:38 Generating PDF for user=00000000-0000-0000-0000-000000000001 account=a0000000-0000-0000-0000-000000000001 period=2026-03 transactions=0
",011337674220:/aws/lambda/cococash-pdf-maker,2026/03/15/[$LATEST]cf23b45679304821b3c966368a552e3d
2026-03-15T19:54:38.767Z,"2026/03/15 19:54:38 Uploaded PDF to s3://cococash-pdf-odb-011337674220/reportes/00000000-0000-0000-0000-000000000001/2026/03/extracto.pdf
",011337674220:/aws/lambda/cococash-pdf-maker,2026/03/15/[$LATEST]cf23b45679304821b3c966368a552e3d
2026-03-15T19:54:38.769Z,"END RequestId: 46945009-97cf-5274-aa05-3238876e5c4c
",011337674220:/aws/lambda/cococash-pdf-maker,2026/03/15/[$LATEST]cf23b45679304821b3c966368a552e3d
2026-03-15T19:54:38.769Z,"REPORT RequestId: 46945009-97cf-5274-aa05-3238876e5c4c	Duration: 630.33 ms	Billed Duration: 699 ms	Memory Size: 256 MB	Max Memory Used: 32 MB	Init Duration: 68.66 ms	
",011337674220:/aws/lambda/cococash-pdf-maker,2026/03/15/[$LATEST]cf23b45679304821b3c966368a552e3d
2026-03-15T19:54:46.619Z,"10.0.4.151 - - [15/Mar/2026:19:54:46 +0000] ""GET / HTTP/1.1"" 200 459 ""-"" ""ELB-HealthChecker/2.0"" ""-""",011337674220:/ecs/cococash-wfe,wfe/wfe/20973f81ed264592b429b2332dd43237
2026-03-15T19:54:43.885Z,"10.0.1.20 - - [15/Mar/2026:19:54:43 +0000] ""GET / HTTP/1.1"" 200 459 ""-"" ""ELB-HealthChecker/2.0"" ""-""",011337674220:/ecs/cococash-wfe,wfe/wfe/c88d236c7466456d9645d055b1a3262e
2026-03-15T19:54:46.619Z,"10.0.4.151 - - [15/Mar/2026:19:54:46 +0000] ""GET / HTTP/1.1"" 200 459 ""-"" ""ELB-HealthChecker/2.0"" ""-""",011337674220:/ecs/cococash-wfe,wfe/wfe/c88d236c7466456d9645d055b1a3262e
2026-03-15T19:54:49.671Z,"10.0.1.20 - - [15/Mar/2026:19:54:49 +0000] ""GET / HTTP/1.1"" 200 459 ""-"" ""ELB-HealthChecker/2.0"" ""-""",011337674220:/ecs/cococash-wfe,wfe/wfe/20973f81ed264592b429b2332dd43237
2026-03-15T19:55:13.908Z,"10.0.1.20 - - [15/Mar/2026:19:55:13 +0000] ""GET / HTTP/1.1"" 200 459 ""-"" ""ELB-HealthChecker/2.0"" ""-""",011337674220:/ecs/cococash-wfe,wfe/wfe/c88d236c7466456d9645d055b1a3262e
2026-03-15T19:55:16.646Z,"10.0.4.151 - - [15/Mar/2026:19:55:16 +0000] ""GET / HTTP/1.1"" 200 459 ""-"" ""ELB-HealthChecker/2.0"" ""-""",011337674220:/ecs/cococash-wfe,wfe/wfe/c88d236c7466456d9645d055b1a3262e
2026-03-15T19:55:15.841Z,2026/03/15 19:55:15 Processing report batch: 3 accounts for period 2026-03,011337674220:/ecs/cococash-transaction,transaction/transaction-ms/16613d4aa3bc43eda88e56a626244b7c
2026-03-15T19:55:15.866Z,2026/03/15 19:55:15 Found 0 transactions for user=00000000-0000-0000-0000-000000000001 period=2026-03,011337674220:/ecs/cococash-transaction,transaction/transaction-ms/16613d4aa3bc43eda88e56a626244b7c
2026-03-15T19:55:15.896Z,2026/03/15 19:55:15 Published consolidated report for user=00000000-0000-0000-0000-000000000001 period=2026-03 (0 txns),011337674220:/ecs/cococash-transaction,transaction/transaction-ms/16613d4aa3bc43eda88e56a626244b7c
2026-03-15T19:55:15.899Z,2026/03/15 19:55:15 Found 3 transactions for user=b4086408-f091-70c7-1cae-fbf6dea2c607 period=2026-03,011337674220:/ecs/cococash-transaction,transaction/transaction-ms/16613d4aa3bc43eda88e56a626244b7c
2026-03-15T19:55:15.910Z,2026/03/15 19:55:15 Published consolidated report for user=b4086408-f091-70c7-1cae-fbf6dea2c607 period=2026-03 (3 txns),011337674220:/ecs/cococash-transaction,transaction/transaction-ms/16613d4aa3bc43eda88e56a626244b7c
2026-03-15T19:55:15.914Z,2026/03/15 19:55:15 Found 3 transactions for user=94180498-80b1-70c6-aa12-1b5de6f27bbb period=2026-03,011337674220:/ecs/cococash-transaction,transaction/transaction-ms/16613d4aa3bc43eda88e56a626244b7c
2026-03-15T19:55:15.924Z,2026/03/15 19:55:15 Published consolidated report for user=94180498-80b1-70c6-aa12-1b5de6f27bbb period=2026-03 (3 txns),011337674220:/ecs/cococash-transaction,transaction/transaction-ms/16613d4aa3bc43eda88e56a626244b7c
2026-03-15T19:55:16.646Z,"10.0.4.151 - - [15/Mar/2026:19:55:16 +0000] ""GET / HTTP/1.1"" 200 459 ""-"" ""ELB-HealthChecker/2.0"" ""-""",011337674220:/ecs/cococash-wfe,wfe/wfe/20973f81ed264592b429b2332dd43237
2026-03-15T19:55:19.677Z,"10.0.1.20 - - [15/Mar/2026:19:55:19 +0000] ""GET / HTTP/1.1"" 200 459 ""-"" ""ELB-HealthChecker/2.0"" ""-""",011337674220:/ecs/cococash-wfe,wfe/wfe/20973f81ed264592b429b2332dd43237
2026-03-15T19:55:15.716Z,"START RequestId: 1578dd48-0c56-4f05-895b-6189f2e0c2f5 Version: $LATEST
",011337674220:/aws/lambda/cococash-get-accounts,2026/03/15/[$LATEST]fd4495ceb84c41f79d880be87688ec26
2026-03-15T19:55:15.716Z,"2026/03/15 19:55:15 Starting report generation for period: 2026-03
",011337674220:/aws/lambda/cococash-get-accounts,2026/03/15/[$LATEST]fd4495ceb84c41f79d880be87688ec26
2026-03-15T19:55:15.758Z,"2026/03/15 19:55:15 Fetched 3 active accounts
",011337674220:/aws/lambda/cococash-get-accounts,2026/03/15/[$LATEST]fd4495ceb84c41f79d880be87688ec26
2026-03-15T19:55:15.804Z,"2026/03/15 19:55:15 Published batch 1 (3 accounts)
",011337674220:/aws/lambda/cococash-get-accounts,2026/03/15/[$LATEST]fd4495ceb84c41f79d880be87688ec26
2026-03-15T19:55:15.804Z,"2026/03/15 19:55:15 Completed: published 1 batches for 3 accounts, period 2026-03
",011337674220:/aws/lambda/cococash-get-accounts,2026/03/15/[$LATEST]fd4495ceb84c41f79d880be87688ec26
2026-03-15T19:55:15.805Z,"END RequestId: 1578dd48-0c56-4f05-895b-6189f2e0c2f5
",011337674220:/aws/lambda/cococash-get-accounts,2026/03/15/[$LATEST]fd4495ceb84c41f79d880be87688ec26
2026-03-15T19:55:15.805Z,"REPORT RequestId: 1578dd48-0c56-4f05-895b-6189f2e0c2f5	Duration: 88.73 ms	Billed Duration: 89 ms	Memory Size: 128 MB	Max Memory Used: 30 MB	
",011337674220:/aws/lambda/cococash-get-accounts,2026/03/15/[$LATEST]fd4495ceb84c41f79d880be87688ec26
2026-03-15T19:55:15.963Z,"START RequestId: b10169cc-9302-5b1c-9bc6-0bfd83df3636 Version: $LATEST
",011337674220:/aws/lambda/cococash-pdf-maker,2026/03/15/[$LATEST]528aa744996a4e95b9ca5ac04c08d6dd
2026-03-15T19:55:15.964Z,"2026/03/15 19:55:15 Generating PDF for user=94180498-80b1-70c6-aa12-1b5de6f27bbb account=8f4fc671-ebc7-489f-b2b2-287c5e1538e2 period=2026-03 transactions=3
",011337674220:/aws/lambda/cococash-pdf-maker,2026/03/15/[$LATEST]528aa744996a4e95b9ca5ac04c08d6dd
2026-03-15T19:55:16.057Z,"2026/03/15 19:55:16 Uploaded PDF to s3://cococash-pdf-odb-011337674220/reportes/94180498-80b1-70c6-aa12-1b5de6f27bbb/2026/03/extracto.pdf
",011337674220:/aws/lambda/cococash-pdf-maker,2026/03/15/[$LATEST]528aa744996a4e95b9ca5ac04c08d6dd
2026-03-15T19:55:16.059Z,"END RequestId: b10169cc-9302-5b1c-9bc6-0bfd83df3636
",011337674220:/aws/lambda/cococash-pdf-maker,2026/03/15/[$LATEST]528aa744996a4e95b9ca5ac04c08d6dd
2026-03-15T19:55:16.059Z,"REPORT RequestId: b10169cc-9302-5b1c-9bc6-0bfd83df3636	Duration: 94.92 ms	Billed Duration: 95 ms	Memory Size: 256 MB	Max Memory Used: 31 MB	
",011337674220:/aws/lambda/cococash-pdf-maker,2026/03/15/[$LATEST]528aa744996a4e95b9ca5ac04c08d6dd
2026-03-15T19:55:16.162Z,"START RequestId: 2d2690e8-b859-56d7-8b67-f2d9a88a55e5 Version: $LATEST
",011337674220:/aws/lambda/cococash-pdf-maker,2026/03/15/[$LATEST]528aa744996a4e95b9ca5ac04c08d6dd
2026-03-15T19:55:16.162Z,"2026/03/15 19:55:16 Generating PDF for user=00000000-0000-0000-0000-000000000001 account=a0000000-0000-0000-0000-000000000001 period=2026-03 transactions=0
",011337674220:/aws/lambda/cococash-pdf-maker,2026/03/15/[$LATEST]528aa744996a4e95b9ca5ac04c08d6dd
2026-03-15T19:55:16.199Z,"2026/03/15 19:55:16 Uploaded PDF to s3://cococash-pdf-odb-011337674220/reportes/00000000-0000-0000-0000-000000000001/2026/03/extracto.pdf
",011337674220:/aws/lambda/cococash-pdf-maker,2026/03/15/[$LATEST]528aa744996a4e95b9ca5ac04c08d6dd
2026-03-15T19:55:16.200Z,"END RequestId: 2d2690e8-b859-56d7-8b67-f2d9a88a55e5
",011337674220:/aws/lambda/cococash-pdf-maker,2026/03/15/[$LATEST]528aa744996a4e95b9ca5ac04c08d6dd
2026-03-15T19:55:16.200Z,"REPORT RequestId: 2d2690e8-b859-56d7-8b67-f2d9a88a55e5	Duration: 37.84 ms	Billed Duration: 38 ms	Memory Size: 256 MB	Max Memory Used: 31 MB	
",011337674220:/aws/lambda/cococash-pdf-maker,2026/03/15/[$LATEST]528aa744996a4e95b9ca5ac04c08d6dd
2026-03-15T19:55:16.182Z,"START RequestId: 5824ed0d-8c19-59a7-8ecb-8f3c9cca8250 Version: $LATEST
",011337674220:/aws/lambda/cococash-pdf-maker,2026/03/15/[$LATEST]024661ad47e24db39e4e4702db408b3e
2026-03-15T19:55:16.183Z,"2026/03/15 19:55:16 Generating PDF for user=b4086408-f091-70c7-1cae-fbf6dea2c607 account=937c9f9e-5df2-4f7e-86f2-002bce00f354 period=2026-03 transactions=3
",011337674220:/aws/lambda/cococash-pdf-maker,2026/03/15/[$LATEST]024661ad47e24db39e4e4702db408b3e
2026-03-15T19:55:16.269Z,"2026/03/15 19:55:16 Uploaded PDF to s3://cococash-pdf-odb-011337674220/reportes/b4086408-f091-70c7-1cae-fbf6dea2c607/2026/03/extracto.pdf
",011337674220:/aws/lambda/cococash-pdf-maker,2026/03/15/[$LATEST]024661ad47e24db39e4e4702db408b3e
2026-03-15T19:55:16.271Z,"END RequestId: 5824ed0d-8c19-59a7-8ecb-8f3c9cca8250
",011337674220:/aws/lambda/cococash-pdf-maker,2026/03/15/[$LATEST]024661ad47e24db39e4e4702db408b3e
2026-03-15T19:55:16.271Z,"REPORT RequestId: 5824ed0d-8c19-59a7-8ecb-8f3c9cca8250	Duration: 88.42 ms	Billed Duration: 89 ms	Memory Size: 256 MB	Max Memory Used: 31 MB	
",011337674220:/aws/lambda/cococash-pdf-maker,2026/03/15/[$LATEST]024661ad47e24db39e4e4702db408b3e
2026-03-15T19:55:43.924Z,"10.0.1.20 - - [15/Mar/2026:19:55:43 +0000] ""GET / HTTP/1.1"" 200 459 ""-"" ""ELB-HealthChecker/2.0"" ""-""",011337674220:/ecs/cococash-wfe,wfe/wfe/c88d236c7466456d9645d055b1a3262e
2026-03-15T19:55:46.673Z,"10.0.4.151 - - [15/Mar/2026:19:55:46 +0000] ""GET / HTTP/1.1"" 200 459 ""-"" ""ELB-HealthChecker/2.0"" ""-""",011337674220:/ecs/cococash-wfe,wfe/wfe/c88d236c7466456d9645d055b1a3262e
2026-03-15T19:55:46.673Z,"10.0.4.151 - - [15/Mar/2026:19:55:46 +0000] ""GET / HTTP/1.1"" 200 459 ""-"" ""ELB-HealthChecker/2.0"" ""-""",011337674220:/ecs/cococash-wfe,wfe/wfe/20973f81ed264592b429b2332dd43237
2026-03-15T19:55:49.683Z,"10.0.1.20 - - [15/Mar/2026:19:55:49 +0000] ""GET / HTTP/1.1"" 200 459 ""-"" ""ELB-HealthChecker/2.0"" ""-""",011337674220:/ecs/cococash-wfe,wfe/wfe/20973f81ed264592b429b2332dd43237
2026-03-15T19:55:15.719Z,"{""httpMethod"":""GET"",""integrationError"":""-"",""ip"":""13.216.212.172"",""protocol"":""HTTP/1.1"",""requestId"":""aR85phXzoAMEa5A="",""requestTime"":""15/Mar/2026:19:55:15 +0000"",""responseLength"":""821"",""routeKey"":""GET /v1/accounts/all"",""status"":""200""}",011337674220:/apigateway/cococash-api,1klwe2emka_.default-2026-03-15-19-55
2026-03-15T19:56:13.948Z,"10.0.1.20 - - [15/Mar/2026:19:56:13 +0000] ""GET / HTTP/1.1"" 200 459 ""-"" ""ELB-HealthChecker/2.0"" ""-""",011337674220:/ecs/cococash-wfe,wfe/wfe/c88d236c7466456d9645d055b1a3262e
2026-03-15T19:56:16.696Z,"10.0.4.151 - - [15/Mar/2026:19:56:16 +0000] ""GET / HTTP/1.1"" 200 459 ""-"" ""ELB-HealthChecker/2.0"" ""-""",011337674220:/ecs/cococash-wfe,wfe/wfe/c88d236c7466456d9645d055b1a3262e
2026-03-15T19:56:15.878Z,2026/03/15 19:56:15 Processing report batch: 3 accounts for period 2026-03,011337674220:/ecs/cococash-transaction,transaction/transaction-ms/16613d4aa3bc43eda88e56a626244b7c
2026-03-15T19:56:15.881Z,2026/03/15 19:56:15 Found 0 transactions for user=00000000-0000-0000-0000-000000000001 period=2026-03,011337674220:/ecs/cococash-transaction,transaction/transaction-ms/16613d4aa3bc43eda88e56a626244b7c
2026-03-15T19:56:15.943Z,2026/03/15 19:56:15 Published consolidated report for user=00000000-0000-0000-0000-000000000001 period=2026-03 (0 txns),011337674220:/ecs/cococash-transaction,transaction/transaction-ms/16613d4aa3bc43eda88e56a626244b7c
2026-03-15T19:56:15.946Z,2026/03/15 19:56:15 Found 3 transactions for user=b4086408-f091-70c7-1cae-fbf6dea2c607 period=2026-03,011337674220:/ecs/cococash-transaction,transaction/transaction-ms/16613d4aa3bc43eda88e56a626244b7c
2026-03-15T19:56:15.957Z,2026/03/15 19:56:15 Published consolidated report for user=b4086408-f091-70c7-1cae-fbf6dea2c607 period=2026-03 (3 txns),011337674220:/ecs/cococash-transaction,transaction/transaction-ms/16613d4aa3bc43eda88e56a626244b7c
2026-03-15T19:56:15.960Z,2026/03/15 19:56:15 Found 3 transactions for user=94180498-80b1-70c6-aa12-1b5de6f27bbb period=2026-03,011337674220:/ecs/cococash-transaction,transaction/transaction-ms/16613d4aa3bc43eda88e56a626244b7c
2026-03-15T19:56:15.974Z,2026/03/15 19:56:15 Published consolidated report for user=94180498-80b1-70c6-aa12-1b5de6f27bbb period=2026-03 (3 txns),011337674220:/ecs/cococash-transaction,transaction/transaction-ms/16613d4aa3bc43eda88e56a626244b7c
2026-03-15T19:56:16.696Z,"10.0.4.151 - - [15/Mar/2026:19:56:16 +0000] ""GET / HTTP/1.1"" 200 459 ""-"" ""ELB-HealthChecker/2.0"" ""-""",011337674220:/ecs/cococash-wfe,wfe/wfe/20973f81ed264592b429b2332dd43237
2026-03-15T19:56:19.690Z,"10.0.1.20 - - [15/Mar/2026:19:56:19 +0000] ""GET / HTTP/1.1"" 200 459 ""-"" ""ELB-HealthChecker/2.0"" ""-""",011337674220:/ecs/cococash-wfe,wfe/wfe/20973f81ed264592b429b2332dd43237
2026-03-15T19:56:15.748Z,"START RequestId: e0c413c7-82a9-4418-8d92-71df320491d3 Version: $LATEST
",011337674220:/aws/lambda/cococash-get-accounts,2026/03/15/[$LATEST]fd4495ceb84c41f79d880be87688ec26
2026-03-15T19:56:15.749Z,"2026/03/15 19:56:15 Starting report generation for period: 2026-03
",011337674220:/aws/lambda/cococash-get-accounts,2026/03/15/[$LATEST]fd4495ceb84c41f79d880be87688ec26
2026-03-15T19:56:15.798Z,"2026/03/15 19:56:15 Fetched 3 active accounts
",011337674220:/aws/lambda/cococash-get-accounts,2026/03/15/[$LATEST]fd4495ceb84c41f79d880be87688ec26
2026-03-15T19:56:15.850Z,"2026/03/15 19:56:15 Published batch 1 (3 accounts)
",011337674220:/aws/lambda/cococash-get-accounts,2026/03/15/[$LATEST]fd4495ceb84c41f79d880be87688ec26
2026-03-15T19:56:15.850Z,"2026/03/15 19:56:15 Completed: published 1 batches for 3 accounts, period 2026-03
",011337674220:/aws/lambda/cococash-get-accounts,2026/03/15/[$LATEST]fd4495ceb84c41f79d880be87688ec26
2026-03-15T19:56:15.852Z,"END RequestId: e0c413c7-82a9-4418-8d92-71df320491d3
",011337674220:/aws/lambda/cococash-get-accounts,2026/03/15/[$LATEST]fd4495ceb84c41f79d880be87688ec26
2026-03-15T19:56:15.852Z,"REPORT RequestId: e0c413c7-82a9-4418-8d92-71df320491d3	Duration: 103.19 ms	Billed Duration: 104 ms	Memory Size: 128 MB	Max Memory Used: 30 MB	
",011337674220:/aws/lambda/cococash-get-accounts,2026/03/15/[$LATEST]fd4495ceb84c41f79d880be87688ec26
2026-03-15T19:56:15.994Z,"START RequestId: f424bab4-2bf5-5985-8c0e-d8853af9ce53 Version: $LATEST
",011337674220:/aws/lambda/cococash-pdf-maker,2026/03/15/[$LATEST]024661ad47e24db39e4e4702db408b3e
2026-03-15T19:56:15.995Z,"2026/03/15 19:56:15 Generating PDF for user=00000000-0000-0000-0000-000000000001 account=a0000000-0000-0000-0000-000000000001 period=2026-03 transactions=0
",011337674220:/aws/lambda/cococash-pdf-maker,2026/03/15/[$LATEST]024661ad47e24db39e4e4702db408b3e
2026-03-15T19:56:16.095Z,"2026/03/15 19:56:16 Uploaded PDF to s3://cococash-pdf-odb-011337674220/reportes/00000000-0000-0000-0000-000000000001/2026/03/extracto.pdf
",011337674220:/aws/lambda/cococash-pdf-maker,2026/03/15/[$LATEST]024661ad47e24db39e4e4702db408b3e
2026-03-15T19:56:16.097Z,"END RequestId: f424bab4-2bf5-5985-8c0e-d8853af9ce53
",011337674220:/aws/lambda/cococash-pdf-maker,2026/03/15/[$LATEST]024661ad47e24db39e4e4702db408b3e
2026-03-15T19:56:16.097Z,"REPORT RequestId: f424bab4-2bf5-5985-8c0e-d8853af9ce53	Duration: 101.90 ms	Billed Duration: 102 ms	Memory Size: 256 MB	Max Memory Used: 31 MB	
",011337674220:/aws/lambda/cococash-pdf-maker,2026/03/15/[$LATEST]024661ad47e24db39e4e4702db408b3e
2026-03-15T19:56:16.016Z,"START RequestId: 8d4020db-5581-57d9-8b16-42ea4498a5ac Version: $LATEST
",011337674220:/aws/lambda/cococash-pdf-maker,2026/03/15/[$LATEST]528aa744996a4e95b9ca5ac04c08d6dd
2026-03-15T19:56:16.017Z,"2026/03/15 19:56:16 Generating PDF for user=94180498-80b1-70c6-aa12-1b5de6f27bbb account=8f4fc671-ebc7-489f-b2b2-287c5e1538e2 period=2026-03 transactions=3
",011337674220:/aws/lambda/cococash-pdf-maker,2026/03/15/[$LATEST]528aa744996a4e95b9ca5ac04c08d6dd
2026-03-15T19:56:16.115Z,"2026/03/15 19:56:16 Uploaded PDF to s3://cococash-pdf-odb-011337674220/reportes/94180498-80b1-70c6-aa12-1b5de6f27bbb/2026/03/extracto.pdf
",011337674220:/aws/lambda/cococash-pdf-maker,2026/03/15/[$LATEST]528aa744996a4e95b9ca5ac04c08d6dd
2026-03-15T19:56:16.117Z,"END RequestId: 8d4020db-5581-57d9-8b16-42ea4498a5ac
",011337674220:/aws/lambda/cococash-pdf-maker,2026/03/15/[$LATEST]528aa744996a4e95b9ca5ac04c08d6dd
2026-03-15T19:56:16.117Z,"REPORT RequestId: 8d4020db-5581-57d9-8b16-42ea4498a5ac	Duration: 99.61 ms	Billed Duration: 100 ms	Memory Size: 256 MB	Max Memory Used: 31 MB	
",011337674220:/aws/lambda/cococash-pdf-maker,2026/03/15/[$LATEST]528aa744996a4e95b9ca5ac04c08d6dd
2026-03-15T19:56:16.023Z,"START RequestId: 73b63468-14f9-5276-8b12-565905e8a5ad Version: $LATEST
",011337674220:/aws/lambda/cococash-pdf-maker,2026/03/15/[$LATEST]cf23b45679304821b3c966368a552e3d
2026-03-15T19:56:16.026Z,"2026/03/15 19:56:16 Generating PDF for user=b4086408-f091-70c7-1cae-fbf6dea2c607 account=937c9f9e-5df2-4f7e-86f2-002bce00f354 period=2026-03 transactions=3
",011337674220:/aws/lambda/cococash-pdf-maker,2026/03/15/[$LATEST]cf23b45679304821b3c966368a552e3d
2026-03-15T19:56:16.116Z,"2026/03/15 19:56:16 Uploaded PDF to s3://cococash-pdf-odb-011337674220/reportes/b4086408-f091-70c7-1cae-fbf6dea2c607/2026/03/extracto.pdf
",011337674220:/aws/lambda/cococash-pdf-maker,2026/03/15/[$LATEST]cf23b45679304821b3c966368a552e3d
2026-03-15T19:56:16.118Z,"END RequestId: 73b63468-14f9-5276-8b12-565905e8a5ad
",011337674220:/aws/lambda/cococash-pdf-maker,2026/03/15/[$LATEST]cf23b45679304821b3c966368a552e3d
2026-03-15T19:56:16.118Z,"REPORT RequestId: 73b63468-14f9-5276-8b12-565905e8a5ad	Duration: 95.11 ms	Billed Duration: 96 ms	Memory Size: 256 MB	Max Memory Used: 32 MB	
",011337674220:/aws/lambda/cococash-pdf-maker,2026/03/15/[$LATEST]cf23b45679304821b3c966368a552e3d
2026-03-15T19:56:43.972Z,"10.0.1.20 - - [15/Mar/2026:19:56:43 +0000] ""GET / HTTP/1.1"" 200 459 ""-"" ""ELB-HealthChecker/2.0"" ""-""",011337674220:/ecs/cococash-wfe,wfe/wfe/c88d236c7466456d9645d055b1a3262e
2026-03-15T19:56:46.720Z,"10.0.4.151 - - [15/Mar/2026:19:56:46 +0000] ""GET / HTTP/1.1"" 200 459 ""-"" ""ELB-HealthChecker/2.0"" ""-""",011337674220:/ecs/cococash-wfe,wfe/wfe/c88d236c7466456d9645d055b1a3262e
2026-03-15T19:56:46.720Z,"10.0.4.151 - - [15/Mar/2026:19:56:46 +0000] ""GET / HTTP/1.1"" 200 459 ""-"" ""ELB-HealthChecker/2.0"" ""-""",011337674220:/ecs/cococash-wfe,wfe/wfe/20973f81ed264592b429b2332dd43237
2026-03-15T19:56:49.693Z,"10.0.1.20 - - [15/Mar/2026:19:56:49 +0000] ""GET / HTTP/1.1"" 200 459 ""-"" ""ELB-HealthChecker/2.0"" ""-""",011337674220:/ecs/cococash-wfe,wfe/wfe/20973f81ed264592b429b2332dd43237
2026-03-15T19:56:15.750Z,"{""httpMethod"":""GET"",""integrationError"":""-"",""ip"":""13.216.212.172"",""protocol"":""HTTP/1.1"",""requestId"":""aR9DBgDrIAMESMA="",""requestTime"":""15/Mar/2026:19:56:15 +0000"",""responseLength"":""821"",""routeKey"":""GET /v1/accounts/all"",""status"":""200""}",011337674220:/apigateway/cococash-api,1klwe2emka_.default-2026-03-15-19-56
2026-03-15T19:56:54.835Z,"INIT_START Runtime Version: provided:al2023.v124	Runtime Version ARN: arn:aws:lambda:us-east-1::runtime:b07b728c501d765f715ce5e24338fe899244ba83c91ecf6c67b5cea1dc629a90
",011337674220:/aws/lambda/cococash-link-generator,2026/03/15/[$LATEST]3d8ab15746c247498a5b1459d7d8d1ff
2026-03-15T19:56:54.923Z,"START RequestId: d37ec0f1-77bf-4b7a-b5ab-b8a9fdf56171 Version: $LATEST
",011337674220:/aws/lambda/cococash-link-generator,2026/03/15/[$LATEST]3d8ab15746c247498a5b1459d7d8d1ff
2026-03-15T19:56:54.924Z,"2026/03/15 19:56:54 Checking for report: bucket=cococash-pdf-odb-011337674220 key=reportes/94180498-80b1-70c6-aa12-1b5de6f27bbb/2026/03/extracto.pdf user=94180498-80b1-70c6-aa12-1b5de6f27bbb
",011337674220:/aws/lambda/cococash-link-generator,2026/03/15/[$LATEST]3d8ab15746c247498a5b1459d7d8d1ff
2026-03-15T19:56:56.403Z,"2026/03/15 19:56:56 Generated presigned URL for user=94180498-80b1-70c6-aa12-1b5de6f27bbb period=2026-03
",011337674220:/aws/lambda/cococash-link-generator,2026/03/15/[$LATEST]3d8ab15746c247498a5b1459d7d8d1ff
2026-03-15T19:56:56.405Z,"END RequestId: d37ec0f1-77bf-4b7a-b5ab-b8a9fdf56171
",011337674220:/aws/lambda/cococash-link-generator,2026/03/15/[$LATEST]3d8ab15746c247498a5b1459d7d8d1ff
2026-03-15T19:56:56.405Z,"REPORT RequestId: d37ec0f1-77bf-4b7a-b5ab-b8a9fdf56171	Duration: 1481.99 ms	Billed Duration: 1566 ms	Memory Size: 128 MB	Max Memory Used: 31 MB	Init Duration: 83.81 ms	
",011337674220:/aws/lambda/cococash-link-generator,2026/03/15/[$LATEST]3d8ab15746c247498a5b1459d7d8d1ff
2026-03-15T19:57:13.992Z,"10.0.1.20 - - [15/Mar/2026:19:57:13 +0000] ""GET / HTTP/1.1"" 200 459 ""-"" ""ELB-HealthChecker/2.0"" ""-""",011337674220:/ecs/cococash-wfe,wfe/wfe/c88d236c7466456d9645d055b1a3262e
2026-03-15T19:57:16.748Z,"10.0.4.151 - - [15/Mar/2026:19:57:16 +0000] ""GET / HTTP/1.1"" 200 459 ""-"" ""ELB-HealthChecker/2.0"" ""-""",011337674220:/ecs/cococash-wfe,wfe/wfe/c88d236c7466456d9645d055b1a3262e
2026-03-15T19:57:16.012Z,2026/03/15 19:57:16 Processing report batch: 3 accounts for period 2026-03,011337674220:/ecs/cococash-transaction,transaction/transaction-ms/16613d4aa3bc43eda88e56a626244b7c
2026-03-15T19:57:16.014Z,2026/03/15 19:57:16 Found 0 transactions for user=00000000-0000-0000-0000-000000000001 period=2026-03,011337674220:/ecs/cococash-transaction,transaction/transaction-ms/16613d4aa3bc43eda88e56a626244b7c
2026-03-15T19:57:16.056Z,2026/03/15 19:57:16 Published consolidated report for user=00000000-0000-0000-0000-000000000001 period=2026-03 (0 txns),011337674220:/ecs/cococash-transaction,transaction/transaction-ms/16613d4aa3bc43eda88e56a626244b7c
2026-03-15T19:57:16.059Z,2026/03/15 19:57:16 Found 3 transactions for user=b4086408-f091-70c7-1cae-fbf6dea2c607 period=2026-03,011337674220:/ecs/cococash-transaction,transaction/transaction-ms/16613d4aa3bc43eda88e56a626244b7c
2026-03-15T19:57:16.072Z,2026/03/15 19:57:16 Published consolidated report for user=b4086408-f091-70c7-1cae-fbf6dea2c607 period=2026-03 (3 txns),011337674220:/ecs/cococash-transaction,transaction/transaction-ms/16613d4aa3bc43eda88e56a626244b7c
2026-03-15T19:57:16.074Z,2026/03/15 19:57:16 Found 3 transactions for user=94180498-80b1-70c6-aa12-1b5de6f27bbb period=2026-03,011337674220:/ecs/cococash-transaction,transaction/transaction-ms/16613d4aa3bc43eda88e56a626244b7c
2026-03-15T19:57:16.085Z,2026/03/15 19:57:16 Published consolidated report for user=94180498-80b1-70c6-aa12-1b5de6f27bbb period=2026-03 (3 txns),011337674220:/ecs/cococash-transaction,transaction/transaction-ms/16613d4aa3bc43eda88e56a626244b7c
2026-03-15T19:57:16.747Z,"10.0.4.151 - - [15/Mar/2026:19:57:16 +0000] ""GET / HTTP/1.1"" 200 459 ""-"" ""ELB-HealthChecker/2.0"" ""-""",011337674220:/ecs/cococash-wfe,wfe/wfe/20973f81ed264592b429b2332dd43237
2026-03-15T19:57:19.695Z,"10.0.1.20 - - [15/Mar/2026:19:57:19 +0000] ""GET / HTTP/1.1"" 200 459 ""-"" ""ELB-HealthChecker/2.0"" ""-""",011337674220:/ecs/cococash-wfe,wfe/wfe/20973f81ed264592b429b2332dd43237
2026-03-15T19:56:54.399Z,"{""httpMethod"":""GET"",""integrationError"":""-"",""ip"":""186.81.58.124"",""protocol"":""HTTP/1.1"",""requestId"":""aR9JDhcJoAMEJoQ="",""requestTime"":""15/Mar/2026:19:56:54 +0000"",""responseLength"":""1700"",""routeKey"":""GET /v1/reports/{accountId}/download"",""status"":""200""}",011337674220:/apigateway/cococash-api,1klwe2emka_.default-2026-03-15-19-56
2026-03-15T19:57:15.844Z,"START RequestId: ec05650c-2fad-437f-bb88-03dd6bf1da26 Version: $LATEST
",011337674220:/aws/lambda/cococash-get-accounts,2026/03/15/[$LATEST]fd4495ceb84c41f79d880be87688ec26
2026-03-15T19:57:15.848Z,"2026/03/15 19:57:15 Starting report generation for period: 2026-03
",011337674220:/aws/lambda/cococash-get-accounts,2026/03/15/[$LATEST]fd4495ceb84c41f79d880be87688ec26
2026-03-15T19:57:15.888Z,"2026/03/15 19:57:15 Fetched 3 active accounts
",011337674220:/aws/lambda/cococash-get-accounts,2026/03/15/[$LATEST]fd4495ceb84c41f79d880be87688ec26
2026-03-15T19:57:15.980Z,"2026/03/15 19:57:15 Published batch 1 (3 accounts)
",011337674220:/aws/lambda/cococash-get-accounts,2026/03/15/[$LATEST]fd4495ceb84c41f79d880be87688ec26
2026-03-15T19:57:15.980Z,"2026/03/15 19:57:15 Completed: published 1 batches for 3 accounts, period 2026-03
",011337674220:/aws/lambda/cococash-get-accounts,2026/03/15/[$LATEST]fd4495ceb84c41f79d880be87688ec26
2026-03-15T19:57:15.982Z,"END RequestId: ec05650c-2fad-437f-bb88-03dd6bf1da26
",011337674220:/aws/lambda/cococash-get-accounts,2026/03/15/[$LATEST]fd4495ceb84c41f79d880be87688ec26
2026-03-15T19:57:15.982Z,"REPORT RequestId: ec05650c-2fad-437f-bb88-03dd6bf1da26	Duration: 137.29 ms	Billed Duration: 138 ms	Memory Size: 128 MB	Max Memory Used: 30 MB	
",011337674220:/aws/lambda/cococash-get-accounts,2026/03/15/[$LATEST]fd4495ceb84c41f79d880be87688ec26
2026-03-15T19:57:16.103Z,"START RequestId: 0eb1f1fc-6345-542a-87d1-93cd7209efe8 Version: $LATEST
",011337674220:/aws/lambda/cococash-pdf-maker,2026/03/15/[$LATEST]cf23b45679304821b3c966368a552e3d
2026-03-15T19:57:16.104Z,"2026/03/15 19:57:16 Generating PDF for user=00000000-0000-0000-0000-000000000001 account=a0000000-0000-0000-0000-000000000001 period=2026-03 transactions=0
",011337674220:/aws/lambda/cococash-pdf-maker,2026/03/15/[$LATEST]cf23b45679304821b3c966368a552e3d
2026-03-15T19:57:16.193Z,"2026/03/15 19:57:16 Uploaded PDF to s3://cococash-pdf-odb-011337674220/reportes/00000000-0000-0000-0000-000000000001/2026/03/extracto.pdf
",011337674220:/aws/lambda/cococash-pdf-maker,2026/03/15/[$LATEST]cf23b45679304821b3c966368a552e3d
2026-03-15T19:57:16.195Z,"END RequestId: 0eb1f1fc-6345-542a-87d1-93cd7209efe8
",011337674220:/aws/lambda/cococash-pdf-maker,2026/03/15/[$LATEST]cf23b45679304821b3c966368a552e3d
2026-03-15T19:57:16.195Z,"REPORT RequestId: 0eb1f1fc-6345-542a-87d1-93cd7209efe8	Duration: 91.62 ms	Billed Duration: 92 ms	Memory Size: 256 MB	Max Memory Used: 32 MB	
",011337674220:/aws/lambda/cococash-pdf-maker,2026/03/15/[$LATEST]cf23b45679304821b3c966368a552e3d
2026-03-15T19:57:16.123Z,"START RequestId: 65aeb0cd-4c8e-543f-b0a1-d2fc5dc6bfbe Version: $LATEST
",011337674220:/aws/lambda/cococash-pdf-maker,2026/03/15/[$LATEST]528aa744996a4e95b9ca5ac04c08d6dd
2026-03-15T19:57:16.134Z,"2026/03/15 19:57:16 Generating PDF for user=b4086408-f091-70c7-1cae-fbf6dea2c607 account=937c9f9e-5df2-4f7e-86f2-002bce00f354 period=2026-03 transactions=3
",011337674220:/aws/lambda/cococash-pdf-maker,2026/03/15/[$LATEST]528aa744996a4e95b9ca5ac04c08d6dd
2026-03-15T19:57:16.204Z,"2026/03/15 19:57:16 Uploaded PDF to s3://cococash-pdf-odb-011337674220/reportes/b4086408-f091-70c7-1cae-fbf6dea2c607/2026/03/extracto.pdf
",011337674220:/aws/lambda/cococash-pdf-maker,2026/03/15/[$LATEST]528aa744996a4e95b9ca5ac04c08d6dd
2026-03-15T19:57:16.205Z,"END RequestId: 65aeb0cd-4c8e-543f-b0a1-d2fc5dc6bfbe
",011337674220:/aws/lambda/cococash-pdf-maker,2026/03/15/[$LATEST]528aa744996a4e95b9ca5ac04c08d6dd
2026-03-15T19:57:16.206Z,"REPORT RequestId: 65aeb0cd-4c8e-543f-b0a1-d2fc5dc6bfbe	Duration: 82.10 ms	Billed Duration: 83 ms	Memory Size: 256 MB	Max Memory Used: 31 MB	
",011337674220:/aws/lambda/cococash-pdf-maker,2026/03/15/[$LATEST]528aa744996a4e95b9ca5ac04c08d6dd
2026-03-15T19:57:16.138Z,"START RequestId: c4f122e2-1fef-5568-95e5-40d30ea7ead0 Version: $LATEST
",011337674220:/aws/lambda/cococash-pdf-maker,2026/03/15/[$LATEST]024661ad47e24db39e4e4702db408b3e
2026-03-15T19:57:16.139Z,"2026/03/15 19:57:16 Generating PDF for user=94180498-80b1-70c6-aa12-1b5de6f27bbb account=8f4fc671-ebc7-489f-b2b2-287c5e1538e2 period=2026-03 transactions=3
",011337674220:/aws/lambda/cococash-pdf-maker,2026/03/15/[$LATEST]024661ad47e24db39e4e4702db408b3e
2026-03-15T19:57:16.211Z,"2026/03/15 19:57:16 Uploaded PDF to s3://cococash-pdf-odb-011337674220/reportes/94180498-80b1-70c6-aa12-1b5de6f27bbb/2026/03/extracto.pdf
",011337674220:/aws/lambda/cococash-pdf-maker,2026/03/15/[$LATEST]024661ad47e24db39e4e4702db408b3e
2026-03-15T19:57:16.212Z,"END RequestId: c4f122e2-1fef-5568-95e5-40d30ea7ead0
",011337674220:/aws/lambda/cococash-pdf-maker,2026/03/15/[$LATEST]024661ad47e24db39e4e4702db408b3e
2026-03-15T19:57:16.212Z,"REPORT RequestId: c4f122e2-1fef-5568-95e5-40d30ea7ead0	Duration: 73.65 ms	Billed Duration: 74 ms	Memory Size: 256 MB	Max Memory Used: 31 MB	
",011337674220:/aws/lambda/cococash-pdf-maker,2026/03/15/[$LATEST]024661ad47e24db39e4e4702db408b3e
2026-03-15T19:57:15.845Z,"{""httpMethod"":""GET"",""integrationError"":""-"",""ip"":""13.216.212.172"",""protocol"":""HTTP/1.1"",""requestId"":""aR9MagDmIAMESmA="",""requestTime"":""15/Mar/2026:19:57:15 +0000"",""responseLength"":""821"",""routeKey"":""GET /v1/accounts/all"",""status"":""200""}",011337674220:/apigateway/cococash-api,1klwe2emka_.default-2026-03-15-19-57
2026-03-15T19:57:44.017Z,"10.0.1.20 - - [15/Mar/2026:19:57:44 +0000] ""GET / HTTP/1.1"" 200 459 ""-"" ""ELB-HealthChecker/2.0"" ""-""",011337674220:/ecs/cococash-wfe,wfe/wfe/c88d236c7466456d9645d055b1a3262e
2026-03-15T19:57:46.756Z,"10.0.4.151 - - [15/Mar/2026:19:57:46 +0000] ""GET / HTTP/1.1"" 200 459 ""-"" ""ELB-HealthChecker/2.0"" ""-""",011337674220:/ecs/cococash-wfe,wfe/wfe/c88d236c7466456d9645d055b1a3262e
2026-03-15T19:57:46.756Z,"10.0.4.151 - - [15/Mar/2026:19:57:46 +0000] ""GET / HTTP/1.1"" 200 459 ""-"" ""ELB-HealthChecker/2.0"" ""-""",011337674220:/ecs/cococash-wfe,wfe/wfe/20973f81ed264592b429b2332dd43237
2026-03-15T19:57:49.702Z,"10.0.1.20 - - [15/Mar/2026:19:57:49 +0000] ""GET / HTTP/1.1"" 200 459 ""-"" ""ELB-HealthChecker/2.0"" ""-""",011337674220:/ecs/cococash-wfe,wfe/wfe/20973f81ed264592b429b2332dd43237
2026-03-15T19:57:56.711Z,Published transfer.completed event for transfer 6ff3ccc5-4893-4d30-9b72-0b3a7e0efbd3,011337674220:/ecs/cococash-wallet,wallet/wallet-ms/36a03b4daf1a4df3b49b54360436437b
2026-03-15T19:57:56.773Z,2026/03/15 19:57:56 Processing event: transfer.completed for transfer 6ff3ccc5-4893-4d30-9b72-0b3a7e0efbd3,011337674220:/ecs/cococash-transaction,transaction/transaction-ms/429b0449b543441c8b399439fbb31f40
2026-03-15T19:57:56.803Z,2026/03/15 19:57:56 Stored transaction 855fc61f-c985-4f25-ac78-b1dffaaeb375-debit for user b4086408-f091-70c7-1cae-fbf6dea2c607,011337674220:/ecs/cococash-transaction,transaction/transaction-ms/429b0449b543441c8b399439fbb31f40
2026-03-15T19:57:56.808Z,2026/03/15 19:57:56 Stored transaction 855fc61f-c985-4f25-ac78-b1dffaaeb375-credit for user 94180498-80b1-70c6-aa12-1b5de6f27bbb,011337674220:/ecs/cococash-transaction,transaction/transaction-ms/429b0449b543441c8b399439fbb31f40
2026-03-15T19:57:56.808Z,2026/03/15 19:57:56 Successfully processed transfer 6ff3ccc5-4893-4d30-9b72-0b3a7e0efbd3 (transfer.completed),011337674220:/ecs/cococash-transaction,transaction/transaction-ms/429b0449b543441c8b399439fbb31f40
2026-03-15T19:57:59.503Z,"{""httpMethod"":""GET"",""integrationError"":""-"",""ip"":""186.81.58.124"",""protocol"":""HTTP/1.1"",""requestId"":""aR9TPhAuIAMEZhw="",""requestTime"":""15/Mar/2026:19:57:59 +0000"",""responseLength"":""272"",""routeKey"":""GET /v1/accounts/me"",""status"":""200""}",011337674220:/apigateway/cococash-api,1klwe2emka_.default-2026-03-15-19-57
2026-03-15T19:58:14.042Z,"10.0.1.20 - - [15/Mar/2026:19:58:14 +0000] ""GET / HTTP/1.1"" 200 459 ""-"" ""ELB-HealthChecker/2.0"" ""-""",011337674220:/ecs/cococash-wfe,wfe/wfe/c88d236c7466456d9645d055b1a3262e
2026-03-15T19:58:16.787Z,"10.0.4.151 - - [15/Mar/2026:19:58:16 +0000] ""GET / HTTP/1.1"" 200 459 ""-"" ""ELB-HealthChecker/2.0"" ""-""",011337674220:/ecs/cococash-wfe,wfe/wfe/c88d236c7466456d9645d055b1a3262e
2026-03-15T19:58:16.003Z,2026/03/15 19:58:16 Processing report batch: 3 accounts for period 2026-03,011337674220:/ecs/cococash-transaction,transaction/transaction-ms/16613d4aa3bc43eda88e56a626244b7c
2026-03-15T19:58:16.005Z,2026/03/15 19:58:16 Found 0 transactions for user=00000000-0000-0000-0000-000000000001 period=2026-03,011337674220:/ecs/cococash-transaction,transaction/transaction-ms/16613d4aa3bc43eda88e56a626244b7c
2026-03-15T19:58:16.035Z,2026/03/15 19:58:16 Published consolidated report for user=00000000-0000-0000-0000-000000000001 period=2026-03 (0 txns),011337674220:/ecs/cococash-transaction,transaction/transaction-ms/16613d4aa3bc43eda88e56a626244b7c
2026-03-15T19:58:16.039Z,2026/03/15 19:58:16 Found 4 transactions for user=b4086408-f091-70c7-1cae-fbf6dea2c607 period=2026-03,011337674220:/ecs/cococash-transaction,transaction/transaction-ms/16613d4aa3bc43eda88e56a626244b7c
2026-03-15T19:58:16.051Z,2026/03/15 19:58:16 Published consolidated report for user=b4086408-f091-70c7-1cae-fbf6dea2c607 period=2026-03 (4 txns),011337674220:/ecs/cococash-transaction,transaction/transaction-ms/16613d4aa3bc43eda88e56a626244b7c
2026-03-15T19:58:16.053Z,2026/03/15 19:58:16 Found 4 transactions for user=94180498-80b1-70c6-aa12-1b5de6f27bbb period=2026-03,011337674220:/ecs/cococash-transaction,transaction/transaction-ms/16613d4aa3bc43eda88e56a626244b7c
2026-03-15T19:58:16.066Z,2026/03/15 19:58:16 Published consolidated report for user=94180498-80b1-70c6-aa12-1b5de6f27bbb period=2026-03 (4 txns),011337674220:/ecs/cococash-transaction,transaction/transaction-ms/16613d4aa3bc43eda88e56a626244b7c
2026-03-15T19:58:16.787Z,"10.0.4.151 - - [15/Mar/2026:19:58:16 +0000] ""GET / HTTP/1.1"" 200 459 ""-"" ""ELB-HealthChecker/2.0"" ""-""",011337674220:/ecs/cococash-wfe,wfe/wfe/20973f81ed264592b429b2332dd43237
2026-03-15T19:58:19.708Z,"10.0.1.20 - - [15/Mar/2026:19:58:19 +0000] ""GET / HTTP/1.1"" 200 459 ""-"" ""ELB-HealthChecker/2.0"" ""-""",011337674220:/ecs/cococash-wfe,wfe/wfe/20973f81ed264592b429b2332dd43237
2026-03-15T19:58:15.867Z,"START RequestId: e921f30b-c1ac-4dff-ab1d-29ca5c75096b Version: $LATEST
",011337674220:/aws/lambda/cococash-get-accounts,2026/03/15/[$LATEST]fd4495ceb84c41f79d880be87688ec26
2026-03-15T19:58:15.867Z,"2026/03/15 19:58:15 Starting report generation for period: 2026-03
",011337674220:/aws/lambda/cococash-get-accounts,2026/03/15/[$LATEST]fd4495ceb84c41f79d880be87688ec26
2026-03-15T19:58:15.918Z,"2026/03/15 19:58:15 Fetched 3 active accounts
",011337674220:/aws/lambda/cococash-get-accounts,2026/03/15/[$LATEST]fd4495ceb84c41f79d880be87688ec26
2026-03-15T19:58:15.975Z,"2026/03/15 19:58:15 Published batch 1 (3 accounts)
",011337674220:/aws/lambda/cococash-get-accounts,2026/03/15/[$LATEST]fd4495ceb84c41f79d880be87688ec26
2026-03-15T19:58:15.975Z,"2026/03/15 19:58:15 Completed: published 1 batches for 3 accounts, period 2026-03
",011337674220:/aws/lambda/cococash-get-accounts,2026/03/15/[$LATEST]fd4495ceb84c41f79d880be87688ec26
2026-03-15T19:58:15.976Z,"END RequestId: e921f30b-c1ac-4dff-ab1d-29ca5c75096b
",011337674220:/aws/lambda/cococash-get-accounts,2026/03/15/[$LATEST]fd4495ceb84c41f79d880be87688ec26
2026-03-15T19:58:15.976Z,"REPORT RequestId: e921f30b-c1ac-4dff-ab1d-29ca5c75096b	Duration: 109.55 ms	Billed Duration: 110 ms	Memory Size: 128 MB	Max Memory Used: 30 MB	
",011337674220:/aws/lambda/cococash-get-accounts,2026/03/15/[$LATEST]fd4495ceb84c41f79d880be87688ec26
2026-03-15T19:58:16.085Z,"START RequestId: f31548a1-1d6e-5257-97c9-2a900cea8e50 Version: $LATEST
",011337674220:/aws/lambda/cococash-pdf-maker,2026/03/15/[$LATEST]024661ad47e24db39e4e4702db408b3e
2026-03-15T19:58:16.086Z,"2026/03/15 19:58:16 Generating PDF for user=00000000-0000-0000-0000-000000000001 account=a0000000-0000-0000-0000-000000000001 period=2026-03 transactions=0
",011337674220:/aws/lambda/cococash-pdf-maker,2026/03/15/[$LATEST]024661ad47e24db39e4e4702db408b3e
2026-03-15T19:58:16.179Z,"2026/03/15 19:58:16 Uploaded PDF to s3://cococash-pdf-odb-011337674220/reportes/00000000-0000-0000-0000-000000000001/2026/03/extracto.pdf
",011337674220:/aws/lambda/cococash-pdf-maker,2026/03/15/[$LATEST]024661ad47e24db39e4e4702db408b3e
2026-03-15T19:58:16.181Z,"END RequestId: f31548a1-1d6e-5257-97c9-2a900cea8e50
",011337674220:/aws/lambda/cococash-pdf-maker,2026/03/15/[$LATEST]024661ad47e24db39e4e4702db408b3e
2026-03-15T19:58:16.181Z,"REPORT RequestId: f31548a1-1d6e-5257-97c9-2a900cea8e50	Duration: 95.35 ms	Billed Duration: 96 ms	Memory Size: 256 MB	Max Memory Used: 31 MB	
",011337674220:/aws/lambda/cococash-pdf-maker,2026/03/15/[$LATEST]024661ad47e24db39e4e4702db408b3e
2026-03-15T19:58:16.120Z,"START RequestId: 50c0df61-c402-5e11-abe4-bd50d59a29c7 Version: $LATEST
",011337674220:/aws/lambda/cococash-pdf-maker,2026/03/15/[$LATEST]528aa744996a4e95b9ca5ac04c08d6dd
2026-03-15T19:58:16.134Z,"2026/03/15 19:58:16 Generating PDF for user=b4086408-f091-70c7-1cae-fbf6dea2c607 account=937c9f9e-5df2-4f7e-86f2-002bce00f354 period=2026-03 transactions=4
",011337674220:/aws/lambda/cococash-pdf-maker,2026/03/15/[$LATEST]528aa744996a4e95b9ca5ac04c08d6dd
2026-03-15T19:58:16.208Z,"2026/03/15 19:58:16 Uploaded PDF to s3://cococash-pdf-odb-011337674220/reportes/b4086408-f091-70c7-1cae-fbf6dea2c607/2026/03/extracto.pdf
",011337674220:/aws/lambda/cococash-pdf-maker,2026/03/15/[$LATEST]528aa744996a4e95b9ca5ac04c08d6dd
2026-03-15T19:58:16.209Z,"END RequestId: 50c0df61-c402-5e11-abe4-bd50d59a29c7
",011337674220:/aws/lambda/cococash-pdf-maker,2026/03/15/[$LATEST]528aa744996a4e95b9ca5ac04c08d6dd
2026-03-15T19:58:16.209Z,"REPORT RequestId: 50c0df61-c402-5e11-abe4-bd50d59a29c7	Duration: 88.24 ms	Billed Duration: 89 ms	Memory Size: 256 MB	Max Memory Used: 31 MB	
",011337674220:/aws/lambda/cococash-pdf-maker,2026/03/15/[$LATEST]528aa744996a4e95b9ca5ac04c08d6dd
2026-03-15T19:58:16.298Z,"START RequestId: bb65eddc-c541-5ab9-948b-8fedd4d91d6f Version: $LATEST
",011337674220:/aws/lambda/cococash-pdf-maker,2026/03/15/[$LATEST]528aa744996a4e95b9ca5ac04c08d6dd
2026-03-15T19:58:16.299Z,"2026/03/15 19:58:16 Generating PDF for user=94180498-80b1-70c6-aa12-1b5de6f27bbb account=8f4fc671-ebc7-489f-b2b2-287c5e1538e2 period=2026-03 transactions=4
",011337674220:/aws/lambda/cococash-pdf-maker,2026/03/15/[$LATEST]528aa744996a4e95b9ca5ac04c08d6dd
2026-03-15T19:58:16.327Z,"2026/03/15 19:58:16 Uploaded PDF to s3://cococash-pdf-odb-011337674220/reportes/94180498-80b1-70c6-aa12-1b5de6f27bbb/2026/03/extracto.pdf
",011337674220:/aws/lambda/cococash-pdf-maker,2026/03/15/[$LATEST]528aa744996a4e95b9ca5ac04c08d6dd
2026-03-15T19:58:16.329Z,"END RequestId: bb65eddc-c541-5ab9-948b-8fedd4d91d6f
",011337674220:/aws/lambda/cococash-pdf-maker,2026/03/15/[$LATEST]528aa744996a4e95b9ca5ac04c08d6dd
2026-03-15T19:58:16.329Z,"REPORT RequestId: bb65eddc-c541-5ab9-948b-8fedd4d91d6f	Duration: 30.93 ms	Billed Duration: 31 ms	Memory Size: 256 MB	Max Memory Used: 31 MB	
",011337674220:/aws/lambda/cococash-pdf-maker,2026/03/15/[$LATEST]528aa744996a4e95b9ca5ac04c08d6dd
2026-03-15T19:57:56.396Z,"{""httpMethod"":""POST"",""integrationError"":""-"",""ip"":""186.81.58.124"",""protocol"":""HTTP/1.1"",""requestId"":""aR9SviZ7IAMEZYA="",""requestTime"":""15/Mar/2026:19:57:56 +0000"",""responseLength"":""170"",""routeKey"":""POST /v1/transfers"",""status"":""200""}",011337674220:/apigateway/cococash-api,1klwe2emka_.default-2026-03-15-19-57
2026-03-15T19:57:59.675Z,"{""httpMethod"":""GET"",""integrationError"":""-"",""ip"":""186.81.58.124"",""protocol"":""HTTP/1.1"",""requestId"":""aR9TQhmJoAMEZpA="",""requestTime"":""15/Mar/2026:19:57:59 +0000"",""responseLength"":""1477"",""routeKey"":""GET /v1/transfers/account/{accountId}"",""status"":""200""}",011337674220:/apigateway/cococash-api,1klwe2emka_.default-2026-03-15-19-57
2026-03-15T19:58:17.002Z,"{""httpMethod"":""GET"",""integrationError"":""-"",""ip"":""186.81.58.124"",""protocol"":""HTTP/1.1"",""requestId"":""aR9V-gW5oAMEZjw="",""requestTime"":""15/Mar/2026:19:58:17 +0000"",""responseLength"":""0"",""routeKey"":""GET /v1/accounts/me"",""status"":""304""}",011337674220:/apigateway/cococash-api,1klwe2emka_.default-2026-03-15-19-58
2026-03-15T19:58:17.168Z,"{""httpMethod"":""GET"",""integrationError"":""-"",""ip"":""186.81.58.124"",""protocol"":""HTTP/1.1"",""requestId"":""aR9V_gEgIAMEPJg="",""requestTime"":""15/Mar/2026:19:58:17 +0000"",""responseLength"":""0"",""routeKey"":""GET /v1/transfers/account/{accountId}"",""status"":""304""}",011337674220:/apigateway/cococash-api,1klwe2emka_.default-2026-03-15-19-58
2026-03-15T19:58:37.447Z,"START RequestId: 6d049748-8b42-47d0-91b2-bc275552d198 Version: $LATEST
",011337674220:/aws/lambda/cococash-link-generator,2026/03/15/[$LATEST]3d8ab15746c247498a5b1459d7d8d1ff
2026-03-15T19:58:37.463Z,"2026/03/15 19:58:37 Checking for report: bucket=cococash-pdf-odb-011337674220 key=reportes/94180498-80b1-70c6-aa12-1b5de6f27bbb/2026/03/extracto.pdf user=94180498-80b1-70c6-aa12-1b5de6f27bbb
",011337674220:/aws/lambda/cococash-link-generator,2026/03/15/[$LATEST]3d8ab15746c247498a5b1459d7d8d1ff
2026-03-15T19:58:37.607Z,"2026/03/15 19:58:37 Generated presigned URL for user=94180498-80b1-70c6-aa12-1b5de6f27bbb period=2026-03
",011337674220:/aws/lambda/cococash-link-generator,2026/03/15/[$LATEST]3d8ab15746c247498a5b1459d7d8d1ff
2026-03-15T19:58:37.609Z,"END RequestId: 6d049748-8b42-47d0-91b2-bc275552d198
",011337674220:/aws/lambda/cococash-link-generator,2026/03/15/[$LATEST]3d8ab15746c247498a5b1459d7d8d1ff
2026-03-15T19:58:37.609Z,"REPORT RequestId: 6d049748-8b42-47d0-91b2-bc275552d198	Duration: 161.33 ms	Billed Duration: 162 ms	Memory Size: 128 MB	Max Memory Used: 31 MB	
",011337674220:/aws/lambda/cococash-link-generator,2026/03/15/[$LATEST]3d8ab15746c247498a5b1459d7d8d1ff
2026-03-15T19:58:44.064Z,"10.0.1.20 - - [15/Mar/2026:19:58:44 +0000] ""GET / HTTP/1.1"" 200 459 ""-"" ""ELB-HealthChecker/2.0"" ""-""",011337674220:/ecs/cococash-wfe,wfe/wfe/c88d236c7466456d9645d055b1a3262e
2026-03-15T19:58:46.804Z,"10.0.4.151 - - [15/Mar/2026:19:58:46 +0000] ""GET / HTTP/1.1"" 200 459 ""-"" ""ELB-HealthChecker/2.0"" ""-""",011337674220:/ecs/cococash-wfe,wfe/wfe/c88d236c7466456d9645d055b1a3262e
2026-03-15T19:58:15.868Z,"{""httpMethod"":""GET"",""integrationError"":""-"",""ip"":""13.216.212.172"",""protocol"":""HTTP/1.1"",""requestId"":""aR9VyipqoAMESoQ="",""requestTime"":""15/Mar/2026:19:58:15 +0000"",""responseLength"":""821"",""routeKey"":""GET /v1/accounts/all"",""status"":""200""}",011337674220:/apigateway/cococash-api,1klwe2emka_.default-2026-03-15-19-58
2026-03-15T19:58:46.804Z,"10.0.4.151 - - [15/Mar/2026:19:58:46 +0000] ""GET / HTTP/1.1"" 200 459 ""-"" ""ELB-HealthChecker/2.0"" ""-""",011337674220:/ecs/cococash-wfe,wfe/wfe/20973f81ed264592b429b2332dd43237
2026-03-15T19:58:49.715Z,"10.0.1.20 - - [15/Mar/2026:19:58:49 +0000] ""GET / HTTP/1.1"" 200 459 ""-"" ""ELB-HealthChecker/2.0"" ""-""",011337674220:/ecs/cococash-wfe,wfe/wfe/20973f81ed264592b429b2332dd43237
2026-03-15T19:59:14.084Z,"10.0.1.20 - - [15/Mar/2026:19:59:14 +0000] ""GET / HTTP/1.1"" 200 459 ""-"" ""ELB-HealthChecker/2.0"" ""-""",011337674220:/ecs/cococash-wfe,wfe/wfe/c88d236c7466456d9645d055b1a3262e
2026-03-15T19:59:16.832Z,"10.0.4.151 - - [15/Mar/2026:19:59:16 +0000] ""GET / HTTP/1.1"" 200 459 ""-"" ""ELB-HealthChecker/2.0"" ""-""",011337674220:/ecs/cococash-wfe,wfe/wfe/c88d236c7466456d9645d055b1a3262e
2026-03-15T19:59:15.869Z,2026/03/15 19:59:15 Processing report batch: 3 accounts for period 2026-03,011337674220:/ecs/cococash-transaction,transaction/transaction-ms/16613d4aa3bc43eda88e56a626244b7c
2026-03-15T19:59:15.871Z,2026/03/15 19:59:15 Found 0 transactions for user=00000000-0000-0000-0000-000000000001 period=2026-03,011337674220:/ecs/cococash-transaction,transaction/transaction-ms/16613d4aa3bc43eda88e56a626244b7c
2026-03-15T19:59:15.900Z,2026/03/15 19:59:15 Published consolidated report for user=00000000-0000-0000-0000-000000000001 period=2026-03 (0 txns),011337674220:/ecs/cococash-transaction,transaction/transaction-ms/16613d4aa3bc43eda88e56a626244b7c
2026-03-15T19:59:15.902Z,2026/03/15 19:59:15 Found 4 transactions for user=b4086408-f091-70c7-1cae-fbf6dea2c607 period=2026-03,011337674220:/ecs/cococash-transaction,transaction/transaction-ms/16613d4aa3bc43eda88e56a626244b7c
2026-03-15T19:59:15.912Z,2026/03/15 19:59:15 Published consolidated report for user=b4086408-f091-70c7-1cae-fbf6dea2c607 period=2026-03 (4 txns),011337674220:/ecs/cococash-transaction,transaction/transaction-ms/16613d4aa3bc43eda88e56a626244b7c
2026-03-15T19:59:15.914Z,2026/03/15 19:59:15 Found 4 transactions for user=94180498-80b1-70c6-aa12-1b5de6f27bbb period=2026-03,011337674220:/ecs/cococash-transaction,transaction/transaction-ms/16613d4aa3bc43eda88e56a626244b7c
2026-03-15T19:59:15.926Z,2026/03/15 19:59:15 Published consolidated report for user=94180498-80b1-70c6-aa12-1b5de6f27bbb period=2026-03 (4 txns),011337674220:/ecs/cococash-transaction,transaction/transaction-ms/16613d4aa3bc43eda88e56a626244b7c
2026-03-15T19:59:16.832Z,"10.0.4.151 - - [15/Mar/2026:19:59:16 +0000] ""GET / HTTP/1.1"" 200 459 ""-"" ""ELB-HealthChecker/2.0"" ""-""",011337674220:/ecs/cococash-wfe,wfe/wfe/20973f81ed264592b429b2332dd43237
2026-03-15T19:59:19.721Z,"10.0.1.20 - - [15/Mar/2026:19:59:19 +0000] ""GET / HTTP/1.1"" 200 459 ""-"" ""ELB-HealthChecker/2.0"" ""-""",011337674220:/ecs/cococash-wfe,wfe/wfe/20973f81ed264592b429b2332dd43237
2026-03-15T19:59:15.731Z,"START RequestId: c083f4bd-b212-4038-9fb1-23a4398d74ea Version: $LATEST
",011337674220:/aws/lambda/cococash-get-accounts,2026/03/15/[$LATEST]fd4495ceb84c41f79d880be87688ec26
2026-03-15T19:59:15.732Z,"2026/03/15 19:59:15 Starting report generation for period: 2026-03
",011337674220:/aws/lambda/cococash-get-accounts,2026/03/15/[$LATEST]fd4495ceb84c41f79d880be87688ec26
2026-03-15T19:59:15.774Z,"2026/03/15 19:59:15 Fetched 3 active accounts
",011337674220:/aws/lambda/cococash-get-accounts,2026/03/15/[$LATEST]fd4495ceb84c41f79d880be87688ec26
2026-03-15T19:59:15.837Z,"2026/03/15 19:59:15 Published batch 1 (3 accounts)
",011337674220:/aws/lambda/cococash-get-accounts,2026/03/15/[$LATEST]fd4495ceb84c41f79d880be87688ec26
2026-03-15T19:59:15.837Z,"2026/03/15 19:59:15 Completed: published 1 batches for 3 accounts, period 2026-03
",011337674220:/aws/lambda/cococash-get-accounts,2026/03/15/[$LATEST]fd4495ceb84c41f79d880be87688ec26
2026-03-15T19:59:15.839Z,"END RequestId: c083f4bd-b212-4038-9fb1-23a4398d74ea
",011337674220:/aws/lambda/cococash-get-accounts,2026/03/15/[$LATEST]fd4495ceb84c41f79d880be87688ec26
2026-03-15T19:59:15.839Z,"REPORT RequestId: c083f4bd-b212-4038-9fb1-23a4398d74ea	Duration: 107.22 ms	Billed Duration: 108 ms	Memory Size: 128 MB	Max Memory Used: 30 MB	
",011337674220:/aws/lambda/cococash-get-accounts,2026/03/15/[$LATEST]fd4495ceb84c41f79d880be87688ec26
2026-03-15T19:58:37.376Z,"{""httpMethod"":""GET"",""integrationError"":""-"",""ip"":""186.81.58.124"",""protocol"":""HTTP/1.1"",""requestId"":""aR9ZJg6PIAMEJGw="",""requestTime"":""15/Mar/2026:19:58:37 +0000"",""responseLength"":""1700"",""routeKey"":""GET /v1/reports/{accountId}/download"",""status"":""200""}",011337674220:/apigateway/cococash-api,1klwe2emka_.default-2026-03-15-19-58
2026-03-15T19:59:15.951Z,"START RequestId: 6d8906f3-5c03-5cca-adb3-64c24dc34b1c Version: $LATEST
",011337674220:/aws/lambda/cococash-pdf-maker,2026/03/15/[$LATEST]528aa744996a4e95b9ca5ac04c08d6dd
2026-03-15T19:59:15.952Z,"2026/03/15 19:59:15 Generating PDF for user=00000000-0000-0000-0000-000000000001 account=a0000000-0000-0000-0000-000000000001 period=2026-03 transactions=0
",011337674220:/aws/lambda/cococash-pdf-maker,2026/03/15/[$LATEST]528aa744996a4e95b9ca5ac04c08d6dd
2026-03-15T19:59:16.034Z,"2026/03/15 19:59:16 Uploaded PDF to s3://cococash-pdf-odb-011337674220/reportes/00000000-0000-0000-0000-000000000001/2026/03/extracto.pdf
",011337674220:/aws/lambda/cococash-pdf-maker,2026/03/15/[$LATEST]528aa744996a4e95b9ca5ac04c08d6dd
2026-03-15T19:59:16.035Z,"END RequestId: 6d8906f3-5c03-5cca-adb3-64c24dc34b1c
",011337674220:/aws/lambda/cococash-pdf-maker,2026/03/15/[$LATEST]528aa744996a4e95b9ca5ac04c08d6dd
2026-03-15T19:59:16.035Z,"REPORT RequestId: 6d8906f3-5c03-5cca-adb3-64c24dc34b1c	Duration: 83.60 ms	Billed Duration: 84 ms	Memory Size: 256 MB	Max Memory Used: 31 MB	
",011337674220:/aws/lambda/cococash-pdf-maker,2026/03/15/[$LATEST]528aa744996a4e95b9ca5ac04c08d6dd
2026-03-15T19:59:15.960Z,"START RequestId: 4d3f9320-3086-50ed-b4f1-f1112146dcea Version: $LATEST
",011337674220:/aws/lambda/cococash-pdf-maker,2026/03/15/[$LATEST]024661ad47e24db39e4e4702db408b3e
2026-03-15T19:59:15.963Z,"2026/03/15 19:59:15 Generating PDF for user=b4086408-f091-70c7-1cae-fbf6dea2c607 account=937c9f9e-5df2-4f7e-86f2-002bce00f354 period=2026-03 transactions=4
",011337674220:/aws/lambda/cococash-pdf-maker,2026/03/15/[$LATEST]024661ad47e24db39e4e4702db408b3e
2026-03-15T19:59:16.028Z,"2026/03/15 19:59:16 Uploaded PDF to s3://cococash-pdf-odb-011337674220/reportes/b4086408-f091-70c7-1cae-fbf6dea2c607/2026/03/extracto.pdf
",011337674220:/aws/lambda/cococash-pdf-maker,2026/03/15/[$LATEST]024661ad47e24db39e4e4702db408b3e
2026-03-15T19:59:16.030Z,"END RequestId: 4d3f9320-3086-50ed-b4f1-f1112146dcea
",011337674220:/aws/lambda/cococash-pdf-maker,2026/03/15/[$LATEST]024661ad47e24db39e4e4702db408b3e
2026-03-15T19:59:16.030Z,"REPORT RequestId: 4d3f9320-3086-50ed-b4f1-f1112146dcea	Duration: 69.95 ms	Billed Duration: 70 ms	Memory Size: 256 MB	Max Memory Used: 31 MB	
",011337674220:/aws/lambda/cococash-pdf-maker,2026/03/15/[$LATEST]024661ad47e24db39e4e4702db408b3e
2026-03-15T19:59:35.971Z,"START RequestId: e533c014-6582-563b-beae-a22574421dba Version: $LATEST
",011337674220:/aws/lambda/cococash-pdf-maker,2026/03/15/[$LATEST]528aa744996a4e95b9ca5ac04c08d6dd
2026-03-15T19:59:35.971Z,"2026/03/15 19:59:35 Generating PDF for user=94180498-80b1-70c6-aa12-1b5de6f27bbb account=8f4fc671-ebc7-489f-b2b2-287c5e1538e2 period=2026-03 transactions=4
",011337674220:/aws/lambda/cococash-pdf-maker,2026/03/15/[$LATEST]528aa744996a4e95b9ca5ac04c08d6dd
2026-03-15T19:59:36.090Z,"2026/03/15 19:59:36 Uploaded PDF to s3://cococash-pdf-odb-011337674220/reportes/94180498-80b1-70c6-aa12-1b5de6f27bbb/2026/03/extracto.pdf
",011337674220:/aws/lambda/cococash-pdf-maker,2026/03/15/[$LATEST]528aa744996a4e95b9ca5ac04c08d6dd
2026-03-15T19:59:36.091Z,"END RequestId: e533c014-6582-563b-beae-a22574421dba
",011337674220:/aws/lambda/cococash-pdf-maker,2026/03/15/[$LATEST]528aa744996a4e95b9ca5ac04c08d6dd
2026-03-15T19:59:36.091Z,"REPORT RequestId: e533c014-6582-563b-beae-a22574421dba	Duration: 120.01 ms	Billed Duration: 121 ms	Memory Size: 256 MB	Max Memory Used: 31 MB	
",011337674220:/aws/lambda/cococash-pdf-maker,2026/03/15/[$LATEST]528aa744996a4e95b9ca5ac04c08d6dd
2026-03-15T19:59:44.109Z,"10.0.1.20 - - [15/Mar/2026:19:59:44 +0000] ""GET / HTTP/1.1"" 200 459 ""-"" ""ELB-HealthChecker/2.0"" ""-""",011337674220:/ecs/cococash-wfe,wfe/wfe/c88d236c7466456d9645d055b1a3262e
2026-03-15T19:59:46.838Z,"10.0.4.151 - - [15/Mar/2026:19:59:46 +0000] ""GET / HTTP/1.1"" 200 459 ""-"" ""ELB-HealthChecker/2.0"" ""-""",011337674220:/ecs/cococash-wfe,wfe/wfe/c88d236c7466456d9645d055b1a3262e
2026-03-15T19:59:46.838Z,"10.0.4.151 - - [15/Mar/2026:19:59:46 +0000] ""GET / HTTP/1.1"" 200 459 ""-"" ""ELB-HealthChecker/2.0"" ""-""",011337674220:/ecs/cococash-wfe,wfe/wfe/20973f81ed264592b429b2332dd43237
2026-03-15T19:59:49.728Z,"10.0.1.20 - - [15/Mar/2026:19:59:49 +0000] ""GET / HTTP/1.1"" 200 459 ""-"" ""ELB-HealthChecker/2.0"" ""-""",011337674220:/ecs/cococash-wfe,wfe/wfe/20973f81ed264592b429b2332dd43237
2026-03-15T19:59:15.734Z,"{""httpMethod"":""GET"",""integrationError"":""-"",""ip"":""13.216.212.172"",""protocol"":""HTTP/1.1"",""requestId"":""aR9fJjwVIAMES8g="",""requestTime"":""15/Mar/2026:19:59:15 +0000"",""responseLength"":""821"",""routeKey"":""GET /v1/accounts/all"",""status"":""200""}",011337674220:/apigateway/cococash-api,1klwe2emka_.default-2026-03-15-19-59
2026-03-15T20:00:14.126Z,"10.0.1.20 - - [15/Mar/2026:20:00:14 +0000] ""GET / HTTP/1.1"" 200 459 ""-"" ""ELB-HealthChecker/2.0"" ""-""",011337674220:/ecs/cococash-wfe,wfe/wfe/c88d236c7466456d9645d055b1a3262e
2026-03-15T20:00:16.868Z,"10.0.4.151 - - [15/Mar/2026:20:00:16 +0000] ""GET / HTTP/1.1"" 200 459 ""-"" ""ELB-HealthChecker/2.0"" ""-""",011337674220:/ecs/cococash-wfe,wfe/wfe/c88d236c7466456d9645d055b1a3262e
2026-03-15T20:00:15.915Z,2026/03/15 20:00:15 Processing report batch: 3 accounts for period 2026-03,011337674220:/ecs/cococash-transaction,transaction/transaction-ms/16613d4aa3bc43eda88e56a626244b7c
2026-03-15T20:00:15.918Z,2026/03/15 20:00:15 Found 0 transactions for user=00000000-0000-0000-0000-000000000001 period=2026-03,011337674220:/ecs/cococash-transaction,transaction/transaction-ms/16613d4aa3bc43eda88e56a626244b7c
2026-03-15T20:00:15.980Z,2026/03/15 20:00:15 Published consolidated report for user=00000000-0000-0000-0000-000000000001 period=2026-03 (0 txns),011337674220:/ecs/cococash-transaction,transaction/transaction-ms/16613d4aa3bc43eda88e56a626244b7c
2026-03-15T20:00:15.983Z,2026/03/15 20:00:15 Found 4 transactions for user=b4086408-f091-70c7-1cae-fbf6dea2c607 period=2026-03,011337674220:/ecs/cococash-transaction,transaction/transaction-ms/16613d4aa3bc43eda88e56a626244b7c
2026-03-15T20:00:15.995Z,2026/03/15 20:00:15 Published consolidated report for user=b4086408-f091-70c7-1cae-fbf6dea2c607 period=2026-03 (4 txns),011337674220:/ecs/cococash-transaction,transaction/transaction-ms/16613d4aa3bc43eda88e56a626244b7c
2026-03-15T20:00:15.998Z,2026/03/15 20:00:15 Found 4 transactions for user=94180498-80b1-70c6-aa12-1b5de6f27bbb period=2026-03,011337674220:/ecs/cococash-transaction,transaction/transaction-ms/16613d4aa3bc43eda88e56a626244b7c
2026-03-15T20:00:16.008Z,2026/03/15 20:00:16 Published consolidated report for user=94180498-80b1-70c6-aa12-1b5de6f27bbb period=2026-03 (4 txns),011337674220:/ecs/cococash-transaction,transaction/transaction-ms/16613d4aa3bc43eda88e56a626244b7c
2026-03-15T20:00:16.868Z,"10.0.4.151 - - [15/Mar/2026:20:00:16 +0000] ""GET / HTTP/1.1"" 200 459 ""-"" ""ELB-HealthChecker/2.0"" ""-""",011337674220:/ecs/cococash-wfe,wfe/wfe/20973f81ed264592b429b2332dd43237
2026-03-15T20:00:19.732Z,"10.0.1.20 - - [15/Mar/2026:20:00:19 +0000] ""GET / HTTP/1.1"" 200 459 ""-"" ""ELB-HealthChecker/2.0"" ""-""",011337674220:/ecs/cococash-wfe,wfe/wfe/20973f81ed264592b429b2332dd43237
2026-03-15T20:00:15.779Z,"START RequestId: 65a12189-a5a0-40b8-b950-eb4656e11ef6 Version: $LATEST
",011337674220:/aws/lambda/cococash-get-accounts,2026/03/15/[$LATEST]fd4495ceb84c41f79d880be87688ec26
2026-03-15T20:00:15.779Z,"2026/03/15 20:00:15 Starting report generation for period: 2026-03
",011337674220:/aws/lambda/cococash-get-accounts,2026/03/15/[$LATEST]fd4495ceb84c41f79d880be87688ec26
2026-03-15T20:00:15.820Z,"2026/03/15 20:00:15 Fetched 3 active accounts
",011337674220:/aws/lambda/cococash-get-accounts,2026/03/15/[$LATEST]fd4495ceb84c41f79d880be87688ec26
2026-03-15T20:00:15.884Z,"2026/03/15 20:00:15 Published batch 1 (3 accounts)
",011337674220:/aws/lambda/cococash-get-accounts,2026/03/15/[$LATEST]fd4495ceb84c41f79d880be87688ec26
2026-03-15T20:00:15.884Z,"2026/03/15 20:00:15 Completed: published 1 batches for 3 accounts, period 2026-03
",011337674220:/aws/lambda/cococash-get-accounts,2026/03/15/[$LATEST]fd4495ceb84c41f79d880be87688ec26
2026-03-15T20:00:15.886Z,"END RequestId: 65a12189-a5a0-40b8-b950-eb4656e11ef6
",011337674220:/aws/lambda/cococash-get-accounts,2026/03/15/[$LATEST]fd4495ceb84c41f79d880be87688ec26
2026-03-15T20:00:15.886Z,"REPORT RequestId: 65a12189-a5a0-40b8-b950-eb4656e11ef6	Duration: 106.69 ms	Billed Duration: 107 ms	Memory Size: 128 MB	Max Memory Used: 30 MB	
",011337674220:/aws/lambda/cococash-get-accounts,2026/03/15/[$LATEST]fd4495ceb84c41f79d880be87688ec26
2026-03-15T20:00:36.040Z,"START RequestId: 4aa0e539-c799-5245-853d-8708d5968530 Version: $LATEST
",011337674220:/aws/lambda/cococash-pdf-maker,2026/03/15/[$LATEST]528aa744996a4e95b9ca5ac04c08d6dd
2026-03-15T20:00:36.041Z,"2026/03/15 20:00:36 Generating PDF for user=00000000-0000-0000-0000-000000000001 account=a0000000-0000-0000-0000-000000000001 period=2026-03 transactions=0
",011337674220:/aws/lambda/cococash-pdf-maker,2026/03/15/[$LATEST]528aa744996a4e95b9ca5ac04c08d6dd
2026-03-15T20:00:36.150Z,"2026/03/15 20:00:36 Uploaded PDF to s3://cococash-pdf-odb-011337674220/reportes/00000000-0000-0000-0000-000000000001/2026/03/extracto.pdf
",011337674220:/aws/lambda/cococash-pdf-maker,2026/03/15/[$LATEST]528aa744996a4e95b9ca5ac04c08d6dd
2026-03-15T20:00:36.152Z,"END RequestId: 4aa0e539-c799-5245-853d-8708d5968530
",011337674220:/aws/lambda/cococash-pdf-maker,2026/03/15/[$LATEST]528aa744996a4e95b9ca5ac04c08d6dd
2026-03-15T20:00:36.152Z,"REPORT RequestId: 4aa0e539-c799-5245-853d-8708d5968530	Duration: 111.58 ms	Billed Duration: 112 ms	Memory Size: 256 MB	Max Memory Used: 31 MB	
",011337674220:/aws/lambda/cococash-pdf-maker,2026/03/15/[$LATEST]528aa744996a4e95b9ca5ac04c08d6dd
2026-03-15T20:00:36.044Z,"START RequestId: ba4d9c7e-0889-59ee-a667-fe4f1975197e Version: $LATEST
",011337674220:/aws/lambda/cococash-pdf-maker,2026/03/15/[$LATEST]024661ad47e24db39e4e4702db408b3e
2026-03-15T20:00:36.045Z,"2026/03/15 20:00:36 Generating PDF for user=b4086408-f091-70c7-1cae-fbf6dea2c607 account=937c9f9e-5df2-4f7e-86f2-002bce00f354 period=2026-03 transactions=4
",011337674220:/aws/lambda/cococash-pdf-maker,2026/03/15/[$LATEST]024661ad47e24db39e4e4702db408b3e
2026-03-15T20:00:36.109Z,"2026/03/15 20:00:36 Uploaded PDF to s3://cococash-pdf-odb-011337674220/reportes/b4086408-f091-70c7-1cae-fbf6dea2c607/2026/03/extracto.pdf
",011337674220:/aws/lambda/cococash-pdf-maker,2026/03/15/[$LATEST]024661ad47e24db39e4e4702db408b3e
2026-03-15T20:00:36.111Z,"END RequestId: ba4d9c7e-0889-59ee-a667-fe4f1975197e
",011337674220:/aws/lambda/cococash-pdf-maker,2026/03/15/[$LATEST]024661ad47e24db39e4e4702db408b3e
2026-03-15T20:00:36.111Z,"REPORT RequestId: ba4d9c7e-0889-59ee-a667-fe4f1975197e	Duration: 65.42 ms	Billed Duration: 66 ms	Memory Size: 256 MB	Max Memory Used: 31 MB	
",011337674220:/aws/lambda/cococash-pdf-maker,2026/03/15/[$LATEST]024661ad47e24db39e4e4702db408b3e
2026-03-15T20:00:36.068Z,"START RequestId: ea29c2ad-4b31-5517-bea1-a09c593ee910 Version: $LATEST
",011337674220:/aws/lambda/cococash-pdf-maker,2026/03/15/[$LATEST]cf23b45679304821b3c966368a552e3d
2026-03-15T20:00:36.072Z,"2026/03/15 20:00:36 Generating PDF for user=94180498-80b1-70c6-aa12-1b5de6f27bbb account=8f4fc671-ebc7-489f-b2b2-287c5e1538e2 period=2026-03 transactions=4
",011337674220:/aws/lambda/cococash-pdf-maker,2026/03/15/[$LATEST]cf23b45679304821b3c966368a552e3d
2026-03-15T20:00:36.179Z,"2026/03/15 20:00:36 Uploaded PDF to s3://cococash-pdf-odb-011337674220/reportes/94180498-80b1-70c6-aa12-1b5de6f27bbb/2026/03/extracto.pdf
",011337674220:/aws/lambda/cococash-pdf-maker,2026/03/15/[$LATEST]cf23b45679304821b3c966368a552e3d
2026-03-15T20:00:36.180Z,"END RequestId: ea29c2ad-4b31-5517-bea1-a09c593ee910
",011337674220:/aws/lambda/cococash-pdf-maker,2026/03/15/[$LATEST]cf23b45679304821b3c966368a552e3d
2026-03-15T20:00:36.180Z,"REPORT RequestId: ea29c2ad-4b31-5517-bea1-a09c593ee910	Duration: 111.89 ms	Billed Duration: 112 ms	Memory Size: 256 MB	Max Memory Used: 32 MB	
",011337674220:/aws/lambda/cococash-pdf-maker,2026/03/15/[$LATEST]cf23b45679304821b3c966368a552e3d
2026-03-15T20:00:44.148Z,"10.0.1.20 - - [15/Mar/2026:20:00:44 +0000] ""GET / HTTP/1.1"" 200 459 ""-"" ""ELB-HealthChecker/2.0"" ""-""",011337674220:/ecs/cococash-wfe,wfe/wfe/c88d236c7466456d9645d055b1a3262e
2026-03-15T20:00:46.896Z,"10.0.4.151 - - [15/Mar/2026:20:00:46 +0000] ""GET / HTTP/1.1"" 200 459 ""-"" ""ELB-HealthChecker/2.0"" ""-""",011337674220:/ecs/cococash-wfe,wfe/wfe/c88d236c7466456d9645d055b1a3262e
2026-03-15T20:00:15.780Z,"{""httpMethod"":""GET"",""integrationError"":""-"",""ip"":""13.216.212.172"",""protocol"":""HTTP/1.1"",""requestId"":""aR9ohi6WoAMES4A="",""requestTime"":""15/Mar/2026:20:00:15 +0000"",""responseLength"":""821"",""routeKey"":""GET /v1/accounts/all"",""status"":""200""}",011337674220:/apigateway/cococash-api,1klwe2emka_.default-2026-03-15-20-00
2026-03-15T20:00:46.896Z,"10.0.4.151 - - [15/Mar/2026:20:00:46 +0000] ""GET / HTTP/1.1"" 200 459 ""-"" ""ELB-HealthChecker/2.0"" ""-""",011337674220:/ecs/cococash-wfe,wfe/wfe/20973f81ed264592b429b2332dd43237
2026-03-15T20:00:49.739Z,"10.0.1.20 - - [15/Mar/2026:20:00:49 +0000] ""GET / HTTP/1.1"" 200 459 ""-"" ""ELB-HealthChecker/2.0"" ""-""",011337674220:/ecs/cococash-wfe,wfe/wfe/20973f81ed264592b429b2332dd43237
2026-03-15T20:01:16.017Z,2026/03/15 20:01:16 Processing report batch: 3 accounts for period 2026-03,011337674220:/ecs/cococash-transaction,transaction/transaction-ms/429b0449b543441c8b399439fbb31f40
2026-03-15T20:01:16.044Z,2026/03/15 20:01:16 Found 0 transactions for user=00000000-0000-0000-0000-000000000001 period=2026-03,011337674220:/ecs/cococash-transaction,transaction/transaction-ms/429b0449b543441c8b399439fbb31f40
2026-03-15T20:01:16.084Z,2026/03/15 20:01:16 Published consolidated report for user=00000000-0000-0000-0000-000000000001 period=2026-03 (0 txns),011337674220:/ecs/cococash-transaction,transaction/transaction-ms/429b0449b543441c8b399439fbb31f40
2026-03-15T20:01:16.086Z,2026/03/15 20:01:16 Found 4 transactions for user=b4086408-f091-70c7-1cae-fbf6dea2c607 period=2026-03,011337674220:/ecs/cococash-transaction,transaction/transaction-ms/429b0449b543441c8b399439fbb31f40
2026-03-15T20:01:16.106Z,2026/03/15 20:01:16 Published consolidated report for user=b4086408-f091-70c7-1cae-fbf6dea2c607 period=2026-03 (4 txns),011337674220:/ecs/cococash-transaction,transaction/transaction-ms/429b0449b543441c8b399439fbb31f40
2026-03-15T20:01:16.111Z,2026/03/15 20:01:16 Found 4 transactions for user=94180498-80b1-70c6-aa12-1b5de6f27bbb period=2026-03,011337674220:/ecs/cococash-transaction,transaction/transaction-ms/429b0449b543441c8b399439fbb31f40
2026-03-15T20:01:16.122Z,2026/03/15 20:01:16 Published consolidated report for user=94180498-80b1-70c6-aa12-1b5de6f27bbb period=2026-03 (4 txns),011337674220:/ecs/cococash-transaction,transaction/transaction-ms/429b0449b543441c8b399439fbb31f40
2026-03-15T20:01:14.173Z,"10.0.1.20 - - [15/Mar/2026:20:01:14 +0000] ""GET / HTTP/1.1"" 200 459 ""-"" ""ELB-HealthChecker/2.0"" ""-""",011337674220:/ecs/cococash-wfe,wfe/wfe/c88d236c7466456d9645d055b1a3262e
2026-03-15T20:01:16.919Z,"10.0.4.151 - - [15/Mar/2026:20:01:16 +0000] ""GET / HTTP/1.1"" 200 459 ""-"" ""ELB-HealthChecker/2.0"" ""-""",011337674220:/ecs/cococash-wfe,wfe/wfe/c88d236c7466456d9645d055b1a3262e
2026-03-15T20:01:16.919Z,"10.0.4.151 - - [15/Mar/2026:20:01:16 +0000] ""GET / HTTP/1.1"" 200 459 ""-"" ""ELB-HealthChecker/2.0"" ""-""",011337674220:/ecs/cococash-wfe,wfe/wfe/20973f81ed264592b429b2332dd43237
2026-03-15T20:01:19.742Z,"10.0.1.20 - - [15/Mar/2026:20:01:19 +0000] ""GET / HTTP/1.1"" 200 459 ""-"" ""ELB-HealthChecker/2.0"" ""-""",011337674220:/ecs/cococash-wfe,wfe/wfe/20973f81ed264592b429b2332dd43237
2026-03-15T20:01:15.885Z,"START RequestId: c8608e14-604b-40c1-bb68-483162f7d203 Version: $LATEST
",011337674220:/aws/lambda/cococash-get-accounts,2026/03/15/[$LATEST]fd4495ceb84c41f79d880be87688ec26
2026-03-15T20:01:15.893Z,"2026/03/15 20:01:15 Starting report generation for period: 2026-03
",011337674220:/aws/lambda/cococash-get-accounts,2026/03/15/[$LATEST]fd4495ceb84c41f79d880be87688ec26
2026-03-15T20:01:15.944Z,"2026/03/15 20:01:15 Fetched 3 active accounts
",011337674220:/aws/lambda/cococash-get-accounts,2026/03/15/[$LATEST]fd4495ceb84c41f79d880be87688ec26
2026-03-15T20:01:15.989Z,"2026/03/15 20:01:15 Published batch 1 (3 accounts)
",011337674220:/aws/lambda/cococash-get-accounts,2026/03/15/[$LATEST]fd4495ceb84c41f79d880be87688ec26
2026-03-15T20:01:15.990Z,"2026/03/15 20:01:15 Completed: published 1 batches for 3 accounts, period 2026-03
",011337674220:/aws/lambda/cococash-get-accounts,2026/03/15/[$LATEST]fd4495ceb84c41f79d880be87688ec26
2026-03-15T20:01:15.992Z,"END RequestId: c8608e14-604b-40c1-bb68-483162f7d203
",011337674220:/aws/lambda/cococash-get-accounts,2026/03/15/[$LATEST]fd4495ceb84c41f79d880be87688ec26
2026-03-15T20:01:15.992Z,"REPORT RequestId: c8608e14-604b-40c1-bb68-483162f7d203	Duration: 105.51 ms	Billed Duration: 106 ms	Memory Size: 128 MB	Max Memory Used: 30 MB	
",011337674220:/aws/lambda/cococash-get-accounts,2026/03/15/[$LATEST]fd4495ceb84c41f79d880be87688ec26
2026-03-15T20:01:16.146Z,"START RequestId: 4d2428c4-f696-5c13-9ef3-4af5e4ae43ba Version: $LATEST
",011337674220:/aws/lambda/cococash-pdf-maker,2026/03/15/[$LATEST]cf23b45679304821b3c966368a552e3d
2026-03-15T20:01:16.147Z,"2026/03/15 20:01:16 Generating PDF for user=00000000-0000-0000-0000-000000000001 account=a0000000-0000-0000-0000-000000000001 period=2026-03 transactions=0
",011337674220:/aws/lambda/cococash-pdf-maker,2026/03/15/[$LATEST]cf23b45679304821b3c966368a552e3d
2026-03-15T20:01:16.228Z,"2026/03/15 20:01:16 Uploaded PDF to s3://cococash-pdf-odb-011337674220/reportes/00000000-0000-0000-0000-000000000001/2026/03/extracto.pdf
",011337674220:/aws/lambda/cococash-pdf-maker,2026/03/15/[$LATEST]cf23b45679304821b3c966368a552e3d
2026-03-15T20:01:16.230Z,"END RequestId: 4d2428c4-f696-5c13-9ef3-4af5e4ae43ba
",011337674220:/aws/lambda/cococash-pdf-maker,2026/03/15/[$LATEST]cf23b45679304821b3c966368a552e3d
2026-03-15T20:01:16.230Z,"REPORT RequestId: 4d2428c4-f696-5c13-9ef3-4af5e4ae43ba	Duration: 83.71 ms	Billed Duration: 84 ms	Memory Size: 256 MB	Max Memory Used: 32 MB	
",011337674220:/aws/lambda/cococash-pdf-maker,2026/03/15/[$LATEST]cf23b45679304821b3c966368a552e3d
2026-03-15T20:01:16.216Z,"START RequestId: a2b52c36-50ca-5512-b634-4e0742f29267 Version: $LATEST
",011337674220:/aws/lambda/cococash-pdf-maker,2026/03/15/[$LATEST]528aa744996a4e95b9ca5ac04c08d6dd
2026-03-15T20:01:16.217Z,"2026/03/15 20:01:16 Generating PDF for user=94180498-80b1-70c6-aa12-1b5de6f27bbb account=8f4fc671-ebc7-489f-b2b2-287c5e1538e2 period=2026-03 transactions=4
",011337674220:/aws/lambda/cococash-pdf-maker,2026/03/15/[$LATEST]528aa744996a4e95b9ca5ac04c08d6dd
2026-03-15T20:01:16.307Z,"2026/03/15 20:01:16 Uploaded PDF to s3://cococash-pdf-odb-011337674220/reportes/94180498-80b1-70c6-aa12-1b5de6f27bbb/2026/03/extracto.pdf
",011337674220:/aws/lambda/cococash-pdf-maker,2026/03/15/[$LATEST]528aa744996a4e95b9ca5ac04c08d6dd
2026-03-15T20:01:16.309Z,"END RequestId: a2b52c36-50ca-5512-b634-4e0742f29267
",011337674220:/aws/lambda/cococash-pdf-maker,2026/03/15/[$LATEST]528aa744996a4e95b9ca5ac04c08d6dd
2026-03-15T20:01:16.309Z,"REPORT RequestId: a2b52c36-50ca-5512-b634-4e0742f29267	Duration: 92.08 ms	Billed Duration: 93 ms	Memory Size: 256 MB	Max Memory Used: 32 MB	
",011337674220:/aws/lambda/cococash-pdf-maker,2026/03/15/[$LATEST]528aa744996a4e95b9ca5ac04c08d6dd
2026-03-15T20:01:16.361Z,"START RequestId: d3350d10-bafe-5e54-a915-6f21a8b251fd Version: $LATEST
",011337674220:/aws/lambda/cococash-pdf-maker,2026/03/15/[$LATEST]528aa744996a4e95b9ca5ac04c08d6dd
2026-03-15T20:01:16.361Z,"2026/03/15 20:01:16 Generating PDF for user=b4086408-f091-70c7-1cae-fbf6dea2c607 account=937c9f9e-5df2-4f7e-86f2-002bce00f354 period=2026-03 transactions=4
",011337674220:/aws/lambda/cococash-pdf-maker,2026/03/15/[$LATEST]528aa744996a4e95b9ca5ac04c08d6dd
2026-03-15T20:01:16.387Z,"2026/03/15 20:01:16 Uploaded PDF to s3://cococash-pdf-odb-011337674220/reportes/b4086408-f091-70c7-1cae-fbf6dea2c607/2026/03/extracto.pdf
",011337674220:/aws/lambda/cococash-pdf-maker,2026/03/15/[$LATEST]528aa744996a4e95b9ca5ac04c08d6dd
2026-03-15T20:01:16.389Z,"END RequestId: d3350d10-bafe-5e54-a915-6f21a8b251fd
",011337674220:/aws/lambda/cococash-pdf-maker,2026/03/15/[$LATEST]528aa744996a4e95b9ca5ac04c08d6dd
2026-03-15T20:01:16.389Z,"REPORT RequestId: d3350d10-bafe-5e54-a915-6f21a8b251fd	Duration: 27.32 ms	Billed Duration: 28 ms	Memory Size: 256 MB	Max Memory Used: 32 MB	
",011337674220:/aws/lambda/cococash-pdf-maker,2026/03/15/[$LATEST]528aa744996a4e95b9ca5ac04c08d6dd
2026-03-15T20:01:44.196Z,"10.0.1.20 - - [15/Mar/2026:20:01:44 +0000] ""GET / HTTP/1.1"" 200 459 ""-"" ""ELB-HealthChecker/2.0"" ""-""",011337674220:/ecs/cococash-wfe,wfe/wfe/c88d236c7466456d9645d055b1a3262e
2026-03-15T20:01:46.924Z,"10.0.4.151 - - [15/Mar/2026:20:01:46 +0000] ""GET / HTTP/1.1"" 200 459 ""-"" ""ELB-HealthChecker/2.0"" ""-""",011337674220:/ecs/cococash-wfe,wfe/wfe/c88d236c7466456d9645d055b1a3262e
2026-03-15T20:01:46.924Z,"10.0.4.151 - - [15/Mar/2026:20:01:46 +0000] ""GET / HTTP/1.1"" 200 459 ""-"" ""ELB-HealthChecker/2.0"" ""-""",011337674220:/ecs/cococash-wfe,wfe/wfe/20973f81ed264592b429b2332dd43237
2026-03-15T20:01:49.749Z,"10.0.1.20 - - [15/Mar/2026:20:01:49 +0000] ""GET / HTTP/1.1"" 200 459 ""-"" ""ELB-HealthChecker/2.0"" ""-""",011337674220:/ecs/cococash-wfe,wfe/wfe/20973f81ed264592b429b2332dd43237
2026-03-15T20:01:15.894Z,"{""httpMethod"":""GET"",""integrationError"":""-"",""ip"":""13.216.212.172"",""protocol"":""HTTP/1.1"",""requestId"":""aR9x6grIoAMEagQ="",""requestTime"":""15/Mar/2026:20:01:15 +0000"",""responseLength"":""821"",""routeKey"":""GET /v1/accounts/all"",""status"":""200""}",011337674220:/apigateway/cococash-api,1klwe2emka_.default-2026-03-15-20-01
2026-03-15T20:02:16.016Z,2026/03/15 20:02:16 Processing report batch: 3 accounts for period 2026-03,011337674220:/ecs/cococash-transaction,transaction/transaction-ms/429b0449b543441c8b399439fbb31f40
2026-03-15T20:02:16.021Z,2026/03/15 20:02:16 Found 0 transactions for user=00000000-0000-0000-0000-000000000001 period=2026-03,011337674220:/ecs/cococash-transaction,transaction/transaction-ms/429b0449b543441c8b399439fbb31f40
2026-03-15T20:02:16.050Z,2026/03/15 20:02:16 Published consolidated report for user=00000000-0000-0000-0000-000000000001 period=2026-03 (0 txns),011337674220:/ecs/cococash-transaction,transaction/transaction-ms/429b0449b543441c8b399439fbb31f40
2026-03-15T20:02:16.053Z,2026/03/15 20:02:16 Found 4 transactions for user=b4086408-f091-70c7-1cae-fbf6dea2c607 period=2026-03,011337674220:/ecs/cococash-transaction,transaction/transaction-ms/429b0449b543441c8b399439fbb31f40
2026-03-15T20:02:16.065Z,2026/03/15 20:02:16 Published consolidated report for user=b4086408-f091-70c7-1cae-fbf6dea2c607 period=2026-03 (4 txns),011337674220:/ecs/cococash-transaction,transaction/transaction-ms/429b0449b543441c8b399439fbb31f40
2026-03-15T20:02:16.069Z,2026/03/15 20:02:16 Found 4 transactions for user=94180498-80b1-70c6-aa12-1b5de6f27bbb period=2026-03,011337674220:/ecs/cococash-transaction,transaction/transaction-ms/429b0449b543441c8b399439fbb31f40
2026-03-15T20:02:16.097Z,2026/03/15 20:02:16 Published consolidated report for user=94180498-80b1-70c6-aa12-1b5de6f27bbb period=2026-03 (4 txns),011337674220:/ecs/cococash-transaction,transaction/transaction-ms/429b0449b543441c8b399439fbb31f40
2026-03-15T20:02:14.204Z,"10.0.1.20 - - [15/Mar/2026:20:02:14 +0000] ""GET / HTTP/1.1"" 200 459 ""-"" ""ELB-HealthChecker/2.0"" ""-""",011337674220:/ecs/cococash-wfe,wfe/wfe/c88d236c7466456d9645d055b1a3262e
2026-03-15T20:02:16.951Z,"10.0.4.151 - - [15/Mar/2026:20:02:16 +0000] ""GET / HTTP/1.1"" 200 459 ""-"" ""ELB-HealthChecker/2.0"" ""-""",011337674220:/ecs/cococash-wfe,wfe/wfe/c88d236c7466456d9645d055b1a3262e
2026-03-15T20:02:16.950Z,"10.0.4.151 - - [15/Mar/2026:20:02:16 +0000] ""GET / HTTP/1.1"" 200 459 ""-"" ""ELB-HealthChecker/2.0"" ""-""",011337674220:/ecs/cococash-wfe,wfe/wfe/20973f81ed264592b429b2332dd43237
2026-03-15T20:02:19.755Z,"10.0.1.20 - - [15/Mar/2026:20:02:19 +0000] ""GET / HTTP/1.1"" 200 459 ""-"" ""ELB-HealthChecker/2.0"" ""-""",011337674220:/ecs/cococash-wfe,wfe/wfe/20973f81ed264592b429b2332dd43237
2026-03-15T20:02:15.857Z,"START RequestId: c5256882-65ad-4319-a448-0a179a6bd229 Version: $LATEST
",011337674220:/aws/lambda/cococash-get-accounts,2026/03/15/[$LATEST]fd4495ceb84c41f79d880be87688ec26
2026-03-15T20:02:15.893Z,"2026/03/15 20:02:15 Starting report generation for period: 2026-03
",011337674220:/aws/lambda/cococash-get-accounts,2026/03/15/[$LATEST]fd4495ceb84c41f79d880be87688ec26
2026-03-15T20:02:15.939Z,"2026/03/15 20:02:15 Fetched 3 active accounts
",011337674220:/aws/lambda/cococash-get-accounts,2026/03/15/[$LATEST]fd4495ceb84c41f79d880be87688ec26
2026-03-15T20:02:15.988Z,"2026/03/15 20:02:15 Published batch 1 (3 accounts)
",011337674220:/aws/lambda/cococash-get-accounts,2026/03/15/[$LATEST]fd4495ceb84c41f79d880be87688ec26
2026-03-15T20:02:15.988Z,"2026/03/15 20:02:15 Completed: published 1 batches for 3 accounts, period 2026-03
",011337674220:/aws/lambda/cococash-get-accounts,2026/03/15/[$LATEST]fd4495ceb84c41f79d880be87688ec26
2026-03-15T20:02:15.989Z,"END RequestId: c5256882-65ad-4319-a448-0a179a6bd229
",011337674220:/aws/lambda/cococash-get-accounts,2026/03/15/[$LATEST]fd4495ceb84c41f79d880be87688ec26
2026-03-15T20:02:15.990Z,"REPORT RequestId: c5256882-65ad-4319-a448-0a179a6bd229	Duration: 132.32 ms	Billed Duration: 133 ms	Memory Size: 128 MB	Max Memory Used: 30 MB	
",011337674220:/aws/lambda/cococash-get-accounts,2026/03/15/[$LATEST]fd4495ceb84c41f79d880be87688ec26
2026-03-15T20:02:16.095Z,"START RequestId: 6d01444e-dde4-5082-9fba-267fcf908187 Version: $LATEST
",011337674220:/aws/lambda/cococash-pdf-maker,2026/03/15/[$LATEST]528aa744996a4e95b9ca5ac04c08d6dd
2026-03-15T20:02:16.097Z,"2026/03/15 20:02:16 Generating PDF for user=00000000-0000-0000-0000-000000000001 account=a0000000-0000-0000-0000-000000000001 period=2026-03 transactions=0
",011337674220:/aws/lambda/cococash-pdf-maker,2026/03/15/[$LATEST]528aa744996a4e95b9ca5ac04c08d6dd
2026-03-15T20:02:16.180Z,"2026/03/15 20:02:16 Uploaded PDF to s3://cococash-pdf-odb-011337674220/reportes/00000000-0000-0000-0000-000000000001/2026/03/extracto.pdf
",011337674220:/aws/lambda/cococash-pdf-maker,2026/03/15/[$LATEST]528aa744996a4e95b9ca5ac04c08d6dd
2026-03-15T20:02:16.181Z,"END RequestId: 6d01444e-dde4-5082-9fba-267fcf908187
",011337674220:/aws/lambda/cococash-pdf-maker,2026/03/15/[$LATEST]528aa744996a4e95b9ca5ac04c08d6dd
2026-03-15T20:02:16.181Z,"REPORT RequestId: 6d01444e-dde4-5082-9fba-267fcf908187	Duration: 85.48 ms	Billed Duration: 86 ms	Memory Size: 256 MB	Max Memory Used: 32 MB	
",011337674220:/aws/lambda/cococash-pdf-maker,2026/03/15/[$LATEST]528aa744996a4e95b9ca5ac04c08d6dd
2026-03-15T20:02:16.115Z,"START RequestId: 26836fa0-11d4-5856-9b9e-0d9103a07d26 Version: $LATEST
",011337674220:/aws/lambda/cococash-pdf-maker,2026/03/15/[$LATEST]cf23b45679304821b3c966368a552e3d
2026-03-15T20:02:16.116Z,"2026/03/15 20:02:16 Generating PDF for user=b4086408-f091-70c7-1cae-fbf6dea2c607 account=937c9f9e-5df2-4f7e-86f2-002bce00f354 period=2026-03 transactions=4
",011337674220:/aws/lambda/cococash-pdf-maker,2026/03/15/[$LATEST]cf23b45679304821b3c966368a552e3d
2026-03-15T20:02:16.193Z,"2026/03/15 20:02:16 Uploaded PDF to s3://cococash-pdf-odb-011337674220/reportes/b4086408-f091-70c7-1cae-fbf6dea2c607/2026/03/extracto.pdf
",011337674220:/aws/lambda/cococash-pdf-maker,2026/03/15/[$LATEST]cf23b45679304821b3c966368a552e3d
2026-03-15T20:02:16.195Z,"END RequestId: 26836fa0-11d4-5856-9b9e-0d9103a07d26
",011337674220:/aws/lambda/cococash-pdf-maker,2026/03/15/[$LATEST]cf23b45679304821b3c966368a552e3d
2026-03-15T20:02:16.195Z,"REPORT RequestId: 26836fa0-11d4-5856-9b9e-0d9103a07d26	Duration: 79.67 ms	Billed Duration: 80 ms	Memory Size: 256 MB	Max Memory Used: 32 MB	
",011337674220:/aws/lambda/cococash-pdf-maker,2026/03/15/[$LATEST]cf23b45679304821b3c966368a552e3d
2026-03-15T20:02:16.140Z,"START RequestId: 8c8578c1-f32e-5e44-86e1-1af0e1a6fb34 Version: $LATEST
",011337674220:/aws/lambda/cococash-pdf-maker,2026/03/15/[$LATEST]024661ad47e24db39e4e4702db408b3e
2026-03-15T20:02:16.145Z,"2026/03/15 20:02:16 Generating PDF for user=94180498-80b1-70c6-aa12-1b5de6f27bbb account=8f4fc671-ebc7-489f-b2b2-287c5e1538e2 period=2026-03 transactions=4
",011337674220:/aws/lambda/cococash-pdf-maker,2026/03/15/[$LATEST]024661ad47e24db39e4e4702db408b3e
2026-03-15T20:02:16.273Z,"2026/03/15 20:02:16 Uploaded PDF to s3://cococash-pdf-odb-011337674220/reportes/94180498-80b1-70c6-aa12-1b5de6f27bbb/2026/03/extracto.pdf
",011337674220:/aws/lambda/cococash-pdf-maker,2026/03/15/[$LATEST]024661ad47e24db39e4e4702db408b3e
2026-03-15T20:02:16.276Z,"END RequestId: 8c8578c1-f32e-5e44-86e1-1af0e1a6fb34
",011337674220:/aws/lambda/cococash-pdf-maker,2026/03/15/[$LATEST]024661ad47e24db39e4e4702db408b3e
2026-03-15T20:02:16.276Z,"REPORT RequestId: 8c8578c1-f32e-5e44-86e1-1af0e1a6fb34	Duration: 134.66 ms	Billed Duration: 135 ms	Memory Size: 256 MB	Max Memory Used: 31 MB	
",011337674220:/aws/lambda/cococash-pdf-maker,2026/03/15/[$LATEST]024661ad47e24db39e4e4702db408b3e
2026-03-15T20:02:44.227Z,"10.0.1.20 - - [15/Mar/2026:20:02:44 +0000] ""GET / HTTP/1.1"" 200 459 ""-"" ""ELB-HealthChecker/2.0"" ""-""",011337674220:/ecs/cococash-wfe,wfe/wfe/c88d236c7466456d9645d055b1a3262e
2026-03-15T20:02:46.978Z,"10.0.4.151 - - [15/Mar/2026:20:02:46 +0000] ""GET / HTTP/1.1"" 200 459 ""-"" ""ELB-HealthChecker/2.0"" ""-""",011337674220:/ecs/cococash-wfe,wfe/wfe/c88d236c7466456d9645d055b1a3262e
2026-03-15T20:02:46.978Z,"10.0.4.151 - - [15/Mar/2026:20:02:46 +0000] ""GET / HTTP/1.1"" 200 459 ""-"" ""ELB-HealthChecker/2.0"" ""-""",011337674220:/ecs/cococash-wfe,wfe/wfe/20973f81ed264592b429b2332dd43237
2026-03-15T20:02:49.760Z,"10.0.1.20 - - [15/Mar/2026:20:02:49 +0000] ""GET / HTTP/1.1"" 200 459 ""-"" ""ELB-HealthChecker/2.0"" ""-""",011337674220:/ecs/cococash-wfe,wfe/wfe/20973f81ed264592b429b2332dd43237
2026-03-15T20:02:15.895Z,"{""httpMethod"":""GET"",""integrationError"":""-"",""ip"":""13.216.212.172"",""protocol"":""HTTP/1.1"",""requestId"":""aR97Shb_IAMESxg="",""requestTime"":""15/Mar/2026:20:02:15 +0000"",""responseLength"":""821"",""routeKey"":""GET /v1/accounts/all"",""status"":""200""}",011337674220:/apigateway/cococash-api,1klwe2emka_.default-2026-03-15-20-02
2026-03-15T20:03:15.996Z,2026/03/15 20:03:15 Processing report batch: 3 accounts for period 2026-03,011337674220:/ecs/cococash-transaction,transaction/transaction-ms/429b0449b543441c8b399439fbb31f40
2026-03-15T20:03:15.999Z,2026/03/15 20:03:15 Found 0 transactions for user=00000000-0000-0000-0000-000000000001 period=2026-03,011337674220:/ecs/cococash-transaction,transaction/transaction-ms/429b0449b543441c8b399439fbb31f40
2026-03-15T20:03:16.033Z,2026/03/15 20:03:16 Published consolidated report for user=00000000-0000-0000-0000-000000000001 period=2026-03 (0 txns),011337674220:/ecs/cococash-transaction,transaction/transaction-ms/429b0449b543441c8b399439fbb31f40
2026-03-15T20:03:16.036Z,2026/03/15 20:03:16 Found 4 transactions for user=b4086408-f091-70c7-1cae-fbf6dea2c607 period=2026-03,011337674220:/ecs/cococash-transaction,transaction/transaction-ms/429b0449b543441c8b399439fbb31f40
2026-03-15T20:03:16.048Z,2026/03/15 20:03:16 Published consolidated report for user=b4086408-f091-70c7-1cae-fbf6dea2c607 period=2026-03 (4 txns),011337674220:/ecs/cococash-transaction,transaction/transaction-ms/429b0449b543441c8b399439fbb31f40
2026-03-15T20:03:16.051Z,2026/03/15 20:03:16 Found 4 transactions for user=94180498-80b1-70c6-aa12-1b5de6f27bbb period=2026-03,011337674220:/ecs/cococash-transaction,transaction/transaction-ms/429b0449b543441c8b399439fbb31f40
2026-03-15T20:03:16.063Z,2026/03/15 20:03:16 Published consolidated report for user=94180498-80b1-70c6-aa12-1b5de6f27bbb period=2026-03 (4 txns),011337674220:/ecs/cococash-transaction,transaction/transaction-ms/429b0449b543441c8b399439fbb31f40
2026-03-15T20:03:14.252Z,"10.0.1.20 - - [15/Mar/2026:20:03:14 +0000] ""GET / HTTP/1.1"" 200 459 ""-"" ""ELB-HealthChecker/2.0"" ""-""",011337674220:/ecs/cococash-wfe,wfe/wfe/c88d236c7466456d9645d055b1a3262e
2026-03-15T20:03:16.983Z,"10.0.4.151 - - [15/Mar/2026:20:03:16 +0000] ""GET / HTTP/1.1"" 200 459 ""-"" ""ELB-HealthChecker/2.0"" ""-""",011337674220:/ecs/cococash-wfe,wfe/wfe/c88d236c7466456d9645d055b1a3262e
2026-03-15T20:03:16.982Z,"10.0.4.151 - - [15/Mar/2026:20:03:16 +0000] ""GET / HTTP/1.1"" 200 459 ""-"" ""ELB-HealthChecker/2.0"" ""-""",011337674220:/ecs/cococash-wfe,wfe/wfe/20973f81ed264592b429b2332dd43237
2026-03-15T20:03:19.767Z,"10.0.1.20 - - [15/Mar/2026:20:03:19 +0000] ""GET / HTTP/1.1"" 200 459 ""-"" ""ELB-HealthChecker/2.0"" ""-""",011337674220:/ecs/cococash-wfe,wfe/wfe/20973f81ed264592b429b2332dd43237
2026-03-15T20:03:15.816Z,"START RequestId: a9b5723f-b69e-4f72-a8be-7c74eba3f15c Version: $LATEST
",011337674220:/aws/lambda/cococash-get-accounts,2026/03/15/[$LATEST]fd4495ceb84c41f79d880be87688ec26
2026-03-15T20:03:15.816Z,"2026/03/15 20:03:15 Starting report generation for period: 2026-03
",011337674220:/aws/lambda/cococash-get-accounts,2026/03/15/[$LATEST]fd4495ceb84c41f79d880be87688ec26
2026-03-15T20:03:15.863Z,"2026/03/15 20:03:15 Fetched 3 active accounts
",011337674220:/aws/lambda/cococash-get-accounts,2026/03/15/[$LATEST]fd4495ceb84c41f79d880be87688ec26
2026-03-15T20:03:15.924Z,"2026/03/15 20:03:15 Published batch 1 (3 accounts)
",011337674220:/aws/lambda/cococash-get-accounts,2026/03/15/[$LATEST]fd4495ceb84c41f79d880be87688ec26
2026-03-15T20:03:15.924Z,"2026/03/15 20:03:15 Completed: published 1 batches for 3 accounts, period 2026-03
",011337674220:/aws/lambda/cococash-get-accounts,2026/03/15/[$LATEST]fd4495ceb84c41f79d880be87688ec26
2026-03-15T20:03:15.926Z,"END RequestId: a9b5723f-b69e-4f72-a8be-7c74eba3f15c
",011337674220:/aws/lambda/cococash-get-accounts,2026/03/15/[$LATEST]fd4495ceb84c41f79d880be87688ec26
2026-03-15T20:03:15.926Z,"REPORT RequestId: a9b5723f-b69e-4f72-a8be-7c74eba3f15c	Duration: 109.63 ms	Billed Duration: 110 ms	Memory Size: 128 MB	Max Memory Used: 30 MB	
",011337674220:/aws/lambda/cococash-get-accounts,2026/03/15/[$LATEST]fd4495ceb84c41f79d880be87688ec26
2026-03-15T20:03:16.095Z,"START RequestId: 4782795a-0a51-56a9-a492-1b6b18e183d9 Version: $LATEST
",011337674220:/aws/lambda/cococash-pdf-maker,2026/03/15/[$LATEST]024661ad47e24db39e4e4702db408b3e
2026-03-15T20:03:16.097Z,"2026/03/15 20:03:16 Generating PDF for user=00000000-0000-0000-0000-000000000001 account=a0000000-0000-0000-0000-000000000001 period=2026-03 transactions=0
",011337674220:/aws/lambda/cococash-pdf-maker,2026/03/15/[$LATEST]024661ad47e24db39e4e4702db408b3e
2026-03-15T20:03:16.198Z,"2026/03/15 20:03:16 Uploaded PDF to s3://cococash-pdf-odb-011337674220/reportes/00000000-0000-0000-0000-000000000001/2026/03/extracto.pdf
",011337674220:/aws/lambda/cococash-pdf-maker,2026/03/15/[$LATEST]024661ad47e24db39e4e4702db408b3e
2026-03-15T20:03:16.200Z,"END RequestId: 4782795a-0a51-56a9-a492-1b6b18e183d9
",011337674220:/aws/lambda/cococash-pdf-maker,2026/03/15/[$LATEST]024661ad47e24db39e4e4702db408b3e
2026-03-15T20:03:16.200Z,"REPORT RequestId: 4782795a-0a51-56a9-a492-1b6b18e183d9	Duration: 103.86 ms	Billed Duration: 104 ms	Memory Size: 256 MB	Max Memory Used: 31 MB	
",011337674220:/aws/lambda/cococash-pdf-maker,2026/03/15/[$LATEST]024661ad47e24db39e4e4702db408b3e
2026-03-15T20:03:21.808Z,"START RequestId: fedb6d04-119d-5d5a-b582-0f35032da2f3 Version: $LATEST
",011337674220:/aws/lambda/cococash-pdf-maker,2026/03/15/[$LATEST]024661ad47e24db39e4e4702db408b3e
2026-03-15T20:03:21.808Z,"2026/03/15 20:03:21 Generating PDF for user=b4086408-f091-70c7-1cae-fbf6dea2c607 account=937c9f9e-5df2-4f7e-86f2-002bce00f354 period=2026-03 transactions=4
",011337674220:/aws/lambda/cococash-pdf-maker,2026/03/15/[$LATEST]024661ad47e24db39e4e4702db408b3e
2026-03-15T20:03:21.838Z,"2026/03/15 20:03:21 Uploaded PDF to s3://cococash-pdf-odb-011337674220/reportes/b4086408-f091-70c7-1cae-fbf6dea2c607/2026/03/extracto.pdf
",011337674220:/aws/lambda/cococash-pdf-maker,2026/03/15/[$LATEST]024661ad47e24db39e4e4702db408b3e
2026-03-15T20:03:21.839Z,"END RequestId: fedb6d04-119d-5d5a-b582-0f35032da2f3
",011337674220:/aws/lambda/cococash-pdf-maker,2026/03/15/[$LATEST]024661ad47e24db39e4e4702db408b3e
2026-03-15T20:03:21.839Z,"REPORT RequestId: fedb6d04-119d-5d5a-b582-0f35032da2f3	Duration: 30.96 ms	Billed Duration: 31 ms	Memory Size: 256 MB	Max Memory Used: 31 MB	
",011337674220:/aws/lambda/cococash-pdf-maker,2026/03/15/[$LATEST]024661ad47e24db39e4e4702db408b3e
2026-03-15T20:03:36.127Z,"START RequestId: 535b7c41-8997-557d-b886-1e709b27e208 Version: $LATEST
",011337674220:/aws/lambda/cococash-pdf-maker,2026/03/15/[$LATEST]024661ad47e24db39e4e4702db408b3e
2026-03-15T20:03:36.128Z,"2026/03/15 20:03:36 Generating PDF for user=94180498-80b1-70c6-aa12-1b5de6f27bbb account=8f4fc671-ebc7-489f-b2b2-287c5e1538e2 period=2026-03 transactions=4
",011337674220:/aws/lambda/cococash-pdf-maker,2026/03/15/[$LATEST]024661ad47e24db39e4e4702db408b3e
2026-03-15T20:03:36.197Z,"2026/03/15 20:03:36 Uploaded PDF to s3://cococash-pdf-odb-011337674220/reportes/94180498-80b1-70c6-aa12-1b5de6f27bbb/2026/03/extracto.pdf
",011337674220:/aws/lambda/cococash-pdf-maker,2026/03/15/[$LATEST]024661ad47e24db39e4e4702db408b3e
2026-03-15T20:03:36.198Z,"END RequestId: 535b7c41-8997-557d-b886-1e709b27e208
",011337674220:/aws/lambda/cococash-pdf-maker,2026/03/15/[$LATEST]024661ad47e24db39e4e4702db408b3e
2026-03-15T20:03:36.198Z,"REPORT RequestId: 535b7c41-8997-557d-b886-1e709b27e208	Duration: 70.61 ms	Billed Duration: 71 ms	Memory Size: 256 MB	Max Memory Used: 31 MB	
",011337674220:/aws/lambda/cococash-pdf-maker,2026/03/15/[$LATEST]024661ad47e24db39e4e4702db408b3e
2026-03-15T20:03:15.817Z,"{""httpMethod"":""GET"",""integrationError"":""-"",""ip"":""13.216.212.172"",""protocol"":""HTTP/1.1"",""requestId"":""aR-EqhCMIAMESjw="",""requestTime"":""15/Mar/2026:20:03:15 +0000"",""responseLength"":""821"",""routeKey"":""GET /v1/accounts/all"",""status"":""200""}",011337674220:/apigateway/cococash-api,1klwe2emka_.default-2026-03-15-20-03
2026-03-15T20:03:44.277Z,"10.0.1.20 - - [15/Mar/2026:20:03:44 +0000] ""GET / HTTP/1.1"" 200 459 ""-"" ""ELB-HealthChecker/2.0"" ""-""",011337674220:/ecs/cococash-wfe,wfe/wfe/c88d236c7466456d9645d055b1a3262e
2026-03-15T20:03:47.013Z,"10.0.4.151 - - [15/Mar/2026:20:03:47 +0000] ""GET / HTTP/1.1"" 200 459 ""-"" ""ELB-HealthChecker/2.0"" ""-""",011337674220:/ecs/cococash-wfe,wfe/wfe/c88d236c7466456d9645d055b1a3262e
2026-03-15T20:03:47.013Z,"10.0.4.151 - - [15/Mar/2026:20:03:47 +0000] ""GET / HTTP/1.1"" 200 459 ""-"" ""ELB-HealthChecker/2.0"" ""-""",011337674220:/ecs/cococash-wfe,wfe/wfe/20973f81ed264592b429b2332dd43237
2026-03-15T20:03:49.769Z,"10.0.1.20 - - [15/Mar/2026:20:03:49 +0000] ""GET / HTTP/1.1"" 200 459 ""-"" ""ELB-HealthChecker/2.0"" ""-""",011337674220:/ecs/cococash-wfe,wfe/wfe/20973f81ed264592b429b2332dd43237
2026-03-15T20:04:15.852Z,2026/03/15 20:04:15 Processing report batch: 3 accounts for period 2026-03,011337674220:/ecs/cococash-transaction,transaction/transaction-ms/429b0449b543441c8b399439fbb31f40
2026-03-15T20:04:15.855Z,2026/03/15 20:04:15 Found 0 transactions for user=00000000-0000-0000-0000-000000000001 period=2026-03,011337674220:/ecs/cococash-transaction,transaction/transaction-ms/429b0449b543441c8b399439fbb31f40
2026-03-15T20:04:15.890Z,2026/03/15 20:04:15 Published consolidated report for user=00000000-0000-0000-0000-000000000001 period=2026-03 (0 txns),011337674220:/ecs/cococash-transaction,transaction/transaction-ms/429b0449b543441c8b399439fbb31f40
2026-03-15T20:04:15.893Z,2026/03/15 20:04:15 Found 4 transactions for user=b4086408-f091-70c7-1cae-fbf6dea2c607 period=2026-03,011337674220:/ecs/cococash-transaction,transaction/transaction-ms/429b0449b543441c8b399439fbb31f40
2026-03-15T20:04:15.906Z,2026/03/15 20:04:15 Published consolidated report for user=b4086408-f091-70c7-1cae-fbf6dea2c607 period=2026-03 (4 txns),011337674220:/ecs/cococash-transaction,transaction/transaction-ms/429b0449b543441c8b399439fbb31f40
2026-03-15T20:04:15.909Z,2026/03/15 20:04:15 Found 4 transactions for user=94180498-80b1-70c6-aa12-1b5de6f27bbb period=2026-03,011337674220:/ecs/cococash-transaction,transaction/transaction-ms/429b0449b543441c8b399439fbb31f40
2026-03-15T20:04:15.923Z,2026/03/15 20:04:15 Published consolidated report for user=94180498-80b1-70c6-aa12-1b5de6f27bbb period=2026-03 (4 txns),011337674220:/ecs/cococash-transaction,transaction/transaction-ms/429b0449b543441c8b399439fbb31f40
2026-03-15T20:04:14.281Z,"10.0.1.20 - - [15/Mar/2026:20:04:14 +0000] ""GET / HTTP/1.1"" 200 459 ""-"" ""ELB-HealthChecker/2.0"" ""-""",011337674220:/ecs/cococash-wfe,wfe/wfe/c88d236c7466456d9645d055b1a3262e
2026-03-15T20:04:17.032Z,"10.0.4.151 - - [15/Mar/2026:20:04:17 +0000] ""GET / HTTP/1.1"" 200 459 ""-"" ""ELB-HealthChecker/2.0"" ""-""",011337674220:/ecs/cococash-wfe,wfe/wfe/c88d236c7466456d9645d055b1a3262e
2026-03-15T20:04:17.032Z,"10.0.4.151 - - [15/Mar/2026:20:04:17 +0000] ""GET / HTTP/1.1"" 200 459 ""-"" ""ELB-HealthChecker/2.0"" ""-""",011337674220:/ecs/cococash-wfe,wfe/wfe/20973f81ed264592b429b2332dd43237
2026-03-15T20:04:19.775Z,"10.0.1.20 - - [15/Mar/2026:20:04:19 +0000] ""GET / HTTP/1.1"" 200 459 ""-"" ""ELB-HealthChecker/2.0"" ""-""",011337674220:/ecs/cococash-wfe,wfe/wfe/20973f81ed264592b429b2332dd43237
2026-03-15T20:04:15.734Z,"START RequestId: d16ee6a1-8761-45b1-bb91-88ca240bb4c5 Version: $LATEST
",011337674220:/aws/lambda/cococash-get-accounts,2026/03/15/[$LATEST]fd4495ceb84c41f79d880be87688ec26
2026-03-15T20:04:15.736Z,"2026/03/15 20:04:15 Starting report generation for period: 2026-03
",011337674220:/aws/lambda/cococash-get-accounts,2026/03/15/[$LATEST]fd4495ceb84c41f79d880be87688ec26
2026-03-15T20:04:15.775Z,"2026/03/15 20:04:15 Fetched 3 active accounts
",011337674220:/aws/lambda/cococash-get-accounts,2026/03/15/[$LATEST]fd4495ceb84c41f79d880be87688ec26
2026-03-15T20:04:15.817Z,"2026/03/15 20:04:15 Published batch 1 (3 accounts)
",011337674220:/aws/lambda/cococash-get-accounts,2026/03/15/[$LATEST]fd4495ceb84c41f79d880be87688ec26
2026-03-15T20:04:15.817Z,"2026/03/15 20:04:15 Completed: published 1 batches for 3 accounts, period 2026-03
",011337674220:/aws/lambda/cococash-get-accounts,2026/03/15/[$LATEST]fd4495ceb84c41f79d880be87688ec26
2026-03-15T20:04:15.818Z,"END RequestId: d16ee6a1-8761-45b1-bb91-88ca240bb4c5
",011337674220:/aws/lambda/cococash-get-accounts,2026/03/15/[$LATEST]fd4495ceb84c41f79d880be87688ec26
2026-03-15T20:04:15.819Z,"REPORT RequestId: d16ee6a1-8761-45b1-bb91-88ca240bb4c5	Duration: 84.43 ms	Billed Duration: 85 ms	Memory Size: 128 MB	Max Memory Used: 30 MB	
",011337674220:/aws/lambda/cococash-get-accounts,2026/03/15/[$LATEST]fd4495ceb84c41f79d880be87688ec26
2026-03-15T20:04:15.931Z,"START RequestId: c9ee12bc-ea7e-53d2-a832-708df892aa91 Version: $LATEST
",011337674220:/aws/lambda/cococash-pdf-maker,2026/03/15/[$LATEST]024661ad47e24db39e4e4702db408b3e
2026-03-15T20:04:15.931Z,"2026/03/15 20:04:15 Generating PDF for user=00000000-0000-0000-0000-000000000001 account=a0000000-0000-0000-0000-000000000001 period=2026-03 transactions=0
",011337674220:/aws/lambda/cococash-pdf-maker,2026/03/15/[$LATEST]024661ad47e24db39e4e4702db408b3e
2026-03-15T20:04:16.013Z,"2026/03/15 20:04:16 Uploaded PDF to s3://cococash-pdf-odb-011337674220/reportes/00000000-0000-0000-0000-000000000001/2026/03/extracto.pdf
",011337674220:/aws/lambda/cococash-pdf-maker,2026/03/15/[$LATEST]024661ad47e24db39e4e4702db408b3e
2026-03-15T20:04:16.014Z,"END RequestId: c9ee12bc-ea7e-53d2-a832-708df892aa91
",011337674220:/aws/lambda/cococash-pdf-maker,2026/03/15/[$LATEST]024661ad47e24db39e4e4702db408b3e
2026-03-15T20:04:16.014Z,"REPORT RequestId: c9ee12bc-ea7e-53d2-a832-708df892aa91	Duration: 82.99 ms	Billed Duration: 83 ms	Memory Size: 256 MB	Max Memory Used: 31 MB	
",011337674220:/aws/lambda/cococash-pdf-maker,2026/03/15/[$LATEST]024661ad47e24db39e4e4702db408b3e
2026-03-15T20:04:35.940Z,"START RequestId: 7c4a6aa9-da50-5efe-92fe-0898c8a12c87 Version: $LATEST
",011337674220:/aws/lambda/cococash-pdf-maker,2026/03/15/[$LATEST]024661ad47e24db39e4e4702db408b3e
2026-03-15T20:04:35.940Z,"2026/03/15 20:04:35 Generating PDF for user=b4086408-f091-70c7-1cae-fbf6dea2c607 account=937c9f9e-5df2-4f7e-86f2-002bce00f354 period=2026-03 transactions=4
",011337674220:/aws/lambda/cococash-pdf-maker,2026/03/15/[$LATEST]024661ad47e24db39e4e4702db408b3e
2026-03-15T20:04:36.011Z,"2026/03/15 20:04:36 Uploaded PDF to s3://cococash-pdf-odb-011337674220/reportes/b4086408-f091-70c7-1cae-fbf6dea2c607/2026/03/extracto.pdf
",011337674220:/aws/lambda/cococash-pdf-maker,2026/03/15/[$LATEST]024661ad47e24db39e4e4702db408b3e
2026-03-15T20:04:36.013Z,"END RequestId: 7c4a6aa9-da50-5efe-92fe-0898c8a12c87
",011337674220:/aws/lambda/cococash-pdf-maker,2026/03/15/[$LATEST]024661ad47e24db39e4e4702db408b3e
2026-03-15T20:04:36.013Z,"REPORT RequestId: 7c4a6aa9-da50-5efe-92fe-0898c8a12c87	Duration: 72.62 ms	Billed Duration: 73 ms	Memory Size: 256 MB	Max Memory Used: 32 MB	
",011337674220:/aws/lambda/cococash-pdf-maker,2026/03/15/[$LATEST]024661ad47e24db39e4e4702db408b3e
2026-03-15T20:04:36.035Z,"START RequestId: da82a449-b717-5b64-822a-c678a5fb2f78 Version: $LATEST
",011337674220:/aws/lambda/cococash-pdf-maker,2026/03/15/[$LATEST]024661ad47e24db39e4e4702db408b3e
2026-03-15T20:04:36.036Z,"2026/03/15 20:04:36 Generating PDF for user=94180498-80b1-70c6-aa12-1b5de6f27bbb account=8f4fc671-ebc7-489f-b2b2-287c5e1538e2 period=2026-03 transactions=4
",011337674220:/aws/lambda/cococash-pdf-maker,2026/03/15/[$LATEST]024661ad47e24db39e4e4702db408b3e
2026-03-15T20:04:36.061Z,"2026/03/15 20:04:36 Uploaded PDF to s3://cococash-pdf-odb-011337674220/reportes/94180498-80b1-70c6-aa12-1b5de6f27bbb/2026/03/extracto.pdf
",011337674220:/aws/lambda/cococash-pdf-maker,2026/03/15/[$LATEST]024661ad47e24db39e4e4702db408b3e
2026-03-15T20:04:36.062Z,"END RequestId: da82a449-b717-5b64-822a-c678a5fb2f78
",011337674220:/aws/lambda/cococash-pdf-maker,2026/03/15/[$LATEST]024661ad47e24db39e4e4702db408b3e
2026-03-15T20:04:36.062Z,"REPORT RequestId: da82a449-b717-5b64-822a-c678a5fb2f78	Duration: 26.20 ms	Billed Duration: 27 ms	Memory Size: 256 MB	Max Memory Used: 32 MB	
",011337674220:/aws/lambda/cococash-pdf-maker,2026/03/15/[$LATEST]024661ad47e24db39e4e4702db408b3e
2026-03-15T20:04:44.306Z,"10.0.1.20 - - [15/Mar/2026:20:04:44 +0000] ""GET / HTTP/1.1"" 200 459 ""-"" ""ELB-HealthChecker/2.0"" ""-""",011337674220:/ecs/cococash-wfe,wfe/wfe/c88d236c7466456d9645d055b1a3262e
2026-03-15T20:04:47.040Z,"10.0.4.151 - - [15/Mar/2026:20:04:47 +0000] ""GET / HTTP/1.1"" 200 459 ""-"" ""ELB-HealthChecker/2.0"" ""-""",011337674220:/ecs/cococash-wfe,wfe/wfe/c88d236c7466456d9645d055b1a3262e
2026-03-15T20:04:15.736Z,"{""httpMethod"":""GET"",""integrationError"":""-"",""ip"":""13.216.212.172"",""protocol"":""HTTP/1.1"",""requestId"":""aR-OBicOoAMES_g="",""requestTime"":""15/Mar/2026:20:04:15 +0000"",""responseLength"":""821"",""routeKey"":""GET /v1/accounts/all"",""status"":""200""}",011337674220:/apigateway/cococash-api,1klwe2emka_.default-2026-03-15-20-04
2026-03-15T20:04:47.040Z,"10.0.4.151 - - [15/Mar/2026:20:04:47 +0000] ""GET / HTTP/1.1"" 200 459 ""-"" ""ELB-HealthChecker/2.0"" ""-""",011337674220:/ecs/cococash-wfe,wfe/wfe/20973f81ed264592b429b2332dd43237
2026-03-15T20:04:49.782Z,"10.0.1.20 - - [15/Mar/2026:20:04:49 +0000] ""GET / HTTP/1.1"" 200 459 ""-"" ""ELB-HealthChecker/2.0"" ""-""",011337674220:/ecs/cococash-wfe,wfe/wfe/20973f81ed264592b429b2332dd43237
2026-03-15T20:05:14.330Z,"10.0.1.20 - - [15/Mar/2026:20:05:14 +0000] ""GET / HTTP/1.1"" 200 459 ""-"" ""ELB-HealthChecker/2.0"" ""-""",011337674220:/ecs/cococash-wfe,wfe/wfe/c88d236c7466456d9645d055b1a3262e
2026-03-15T20:05:17.071Z,"10.0.4.151 - - [15/Mar/2026:20:05:17 +0000] ""GET / HTTP/1.1"" 200 459 ""-"" ""ELB-HealthChecker/2.0"" ""-""",011337674220:/ecs/cococash-wfe,wfe/wfe/c88d236c7466456d9645d055b1a3262e
2026-03-15T20:05:15.949Z,2026/03/15 20:05:15 Processing report batch: 3 accounts for period 2026-03,011337674220:/ecs/cococash-transaction,transaction/transaction-ms/16613d4aa3bc43eda88e56a626244b7c
2026-03-15T20:05:15.981Z,2026/03/15 20:05:15 Found 0 transactions for user=00000000-0000-0000-0000-000000000001 period=2026-03,011337674220:/ecs/cococash-transaction,transaction/transaction-ms/16613d4aa3bc43eda88e56a626244b7c
2026-03-15T20:05:16.022Z,2026/03/15 20:05:16 Published consolidated report for user=00000000-0000-0000-0000-000000000001 period=2026-03 (0 txns),011337674220:/ecs/cococash-transaction,transaction/transaction-ms/16613d4aa3bc43eda88e56a626244b7c
2026-03-15T20:05:16.026Z,2026/03/15 20:05:16 Found 4 transactions for user=b4086408-f091-70c7-1cae-fbf6dea2c607 period=2026-03,011337674220:/ecs/cococash-transaction,transaction/transaction-ms/16613d4aa3bc43eda88e56a626244b7c
2026-03-15T20:05:16.037Z,2026/03/15 20:05:16 Published consolidated report for user=b4086408-f091-70c7-1cae-fbf6dea2c607 period=2026-03 (4 txns),011337674220:/ecs/cococash-transaction,transaction/transaction-ms/16613d4aa3bc43eda88e56a626244b7c
2026-03-15T20:05:16.041Z,2026/03/15 20:05:16 Found 4 transactions for user=94180498-80b1-70c6-aa12-1b5de6f27bbb period=2026-03,011337674220:/ecs/cococash-transaction,transaction/transaction-ms/16613d4aa3bc43eda88e56a626244b7c
2026-03-15T20:05:16.052Z,2026/03/15 20:05:16 Published consolidated report for user=94180498-80b1-70c6-aa12-1b5de6f27bbb period=2026-03 (4 txns),011337674220:/ecs/cococash-transaction,transaction/transaction-ms/16613d4aa3bc43eda88e56a626244b7c
2026-03-15T20:05:17.071Z,"10.0.4.151 - - [15/Mar/2026:20:05:17 +0000] ""GET / HTTP/1.1"" 200 459 ""-"" ""ELB-HealthChecker/2.0"" ""-""",011337674220:/ecs/cococash-wfe,wfe/wfe/20973f81ed264592b429b2332dd43237
2026-03-15T20:05:19.787Z,"10.0.1.20 - - [15/Mar/2026:20:05:19 +0000] ""GET / HTTP/1.1"" 200 459 ""-"" ""ELB-HealthChecker/2.0"" ""-""",011337674220:/ecs/cococash-wfe,wfe/wfe/20973f81ed264592b429b2332dd43237
2026-03-15T20:05:15.820Z,"START RequestId: 6646fa05-8261-45d2-95ee-bb5eab157654 Version: $LATEST
",011337674220:/aws/lambda/cococash-get-accounts,2026/03/15/[$LATEST]fd4495ceb84c41f79d880be87688ec26
2026-03-15T20:05:15.821Z,"2026/03/15 20:05:15 Starting report generation for period: 2026-03
",011337674220:/aws/lambda/cococash-get-accounts,2026/03/15/[$LATEST]fd4495ceb84c41f79d880be87688ec26
2026-03-15T20:05:15.865Z,"2026/03/15 20:05:15 Fetched 3 active accounts
",011337674220:/aws/lambda/cococash-get-accounts,2026/03/15/[$LATEST]fd4495ceb84c41f79d880be87688ec26
2026-03-15T20:05:15.919Z,"2026/03/15 20:05:15 Published batch 1 (3 accounts)
",011337674220:/aws/lambda/cococash-get-accounts,2026/03/15/[$LATEST]fd4495ceb84c41f79d880be87688ec26
2026-03-15T20:05:15.919Z,"2026/03/15 20:05:15 Completed: published 1 batches for 3 accounts, period 2026-03
",011337674220:/aws/lambda/cococash-get-accounts,2026/03/15/[$LATEST]fd4495ceb84c41f79d880be87688ec26
2026-03-15T20:05:15.921Z,"END RequestId: 6646fa05-8261-45d2-95ee-bb5eab157654
",011337674220:/aws/lambda/cococash-get-accounts,2026/03/15/[$LATEST]fd4495ceb84c41f79d880be87688ec26
2026-03-15T20:05:15.921Z,"REPORT RequestId: 6646fa05-8261-45d2-95ee-bb5eab157654	Duration: 100.22 ms	Billed Duration: 101 ms	Memory Size: 128 MB	Max Memory Used: 30 MB	
",011337674220:/aws/lambda/cococash-get-accounts,2026/03/15/[$LATEST]fd4495ceb84c41f79d880be87688ec26
2026-03-15T20:05:16.077Z,"START RequestId: 4203c033-6a92-515b-a496-a20279ba4b6d Version: $LATEST
",011337674220:/aws/lambda/cococash-pdf-maker,2026/03/15/[$LATEST]024661ad47e24db39e4e4702db408b3e
2026-03-15T20:05:16.078Z,"2026/03/15 20:05:16 Generating PDF for user=00000000-0000-0000-0000-000000000001 account=a0000000-0000-0000-0000-000000000001 period=2026-03 transactions=0
",011337674220:/aws/lambda/cococash-pdf-maker,2026/03/15/[$LATEST]024661ad47e24db39e4e4702db408b3e
2026-03-15T20:05:16.522Z,"2026/03/15 20:05:16 Uploaded PDF to s3://cococash-pdf-odb-011337674220/reportes/00000000-0000-0000-0000-000000000001/2026/03/extracto.pdf
",011337674220:/aws/lambda/cococash-pdf-maker,2026/03/15/[$LATEST]024661ad47e24db39e4e4702db408b3e
2026-03-15T20:05:16.524Z,"END RequestId: 4203c033-6a92-515b-a496-a20279ba4b6d
",011337674220:/aws/lambda/cococash-pdf-maker,2026/03/15/[$LATEST]024661ad47e24db39e4e4702db408b3e
2026-03-15T20:05:16.524Z,"REPORT RequestId: 4203c033-6a92-515b-a496-a20279ba4b6d	Duration: 446.59 ms	Billed Duration: 447 ms	Memory Size: 256 MB	Max Memory Used: 32 MB	
",011337674220:/aws/lambda/cococash-pdf-maker,2026/03/15/[$LATEST]024661ad47e24db39e4e4702db408b3e
2026-03-15T20:05:16.104Z,"START RequestId: 48e1593c-486f-5fe4-bb5b-3b0d5b479901 Version: $LATEST
",011337674220:/aws/lambda/cococash-pdf-maker,2026/03/15/[$LATEST]cf23b45679304821b3c966368a552e3d
2026-03-15T20:05:16.119Z,"2026/03/15 20:05:16 Generating PDF for user=b4086408-f091-70c7-1cae-fbf6dea2c607 account=937c9f9e-5df2-4f7e-86f2-002bce00f354 period=2026-03 transactions=4
",011337674220:/aws/lambda/cococash-pdf-maker,2026/03/15/[$LATEST]cf23b45679304821b3c966368a552e3d
2026-03-15T20:05:16.230Z,"2026/03/15 20:05:16 Uploaded PDF to s3://cococash-pdf-odb-011337674220/reportes/b4086408-f091-70c7-1cae-fbf6dea2c607/2026/03/extracto.pdf
",011337674220:/aws/lambda/cococash-pdf-maker,2026/03/15/[$LATEST]cf23b45679304821b3c966368a552e3d
2026-03-15T20:05:16.231Z,"END RequestId: 48e1593c-486f-5fe4-bb5b-3b0d5b479901
",011337674220:/aws/lambda/cococash-pdf-maker,2026/03/15/[$LATEST]cf23b45679304821b3c966368a552e3d
2026-03-15T20:05:16.231Z,"REPORT RequestId: 48e1593c-486f-5fe4-bb5b-3b0d5b479901	Duration: 126.81 ms	Billed Duration: 127 ms	Memory Size: 256 MB	Max Memory Used: 32 MB	
",011337674220:/aws/lambda/cococash-pdf-maker,2026/03/15/[$LATEST]cf23b45679304821b3c966368a552e3d
2026-03-15T20:05:16.147Z,"START RequestId: a93634ae-7302-5a64-9793-569f602aae78 Version: $LATEST
",011337674220:/aws/lambda/cococash-pdf-maker,2026/03/15/[$LATEST]528aa744996a4e95b9ca5ac04c08d6dd
2026-03-15T20:05:16.155Z,"2026/03/15 20:05:16 Generating PDF for user=94180498-80b1-70c6-aa12-1b5de6f27bbb account=8f4fc671-ebc7-489f-b2b2-287c5e1538e2 period=2026-03 transactions=4
",011337674220:/aws/lambda/cococash-pdf-maker,2026/03/15/[$LATEST]528aa744996a4e95b9ca5ac04c08d6dd
2026-03-15T20:05:16.262Z,"2026/03/15 20:05:16 Uploaded PDF to s3://cococash-pdf-odb-011337674220/reportes/94180498-80b1-70c6-aa12-1b5de6f27bbb/2026/03/extracto.pdf
",011337674220:/aws/lambda/cococash-pdf-maker,2026/03/15/[$LATEST]528aa744996a4e95b9ca5ac04c08d6dd
2026-03-15T20:05:16.264Z,"END RequestId: a93634ae-7302-5a64-9793-569f602aae78
",011337674220:/aws/lambda/cococash-pdf-maker,2026/03/15/[$LATEST]528aa744996a4e95b9ca5ac04c08d6dd
2026-03-15T20:05:16.264Z,"REPORT RequestId: a93634ae-7302-5a64-9793-569f602aae78	Duration: 118.51 ms	Billed Duration: 119 ms	Memory Size: 256 MB	Max Memory Used: 32 MB	
",011337674220:/aws/lambda/cococash-pdf-maker,2026/03/15/[$LATEST]528aa744996a4e95b9ca5ac04c08d6dd
2026-03-15T20:05:15.821Z,"{""httpMethod"":""GET"",""integrationError"":""-"",""ip"":""13.216.212.172"",""protocol"":""HTTP/1.1"",""requestId"":""aR-XajI3oAMESqQ="",""requestTime"":""15/Mar/2026:20:05:15 +0000"",""responseLength"":""821"",""routeKey"":""GET /v1/accounts/all"",""status"":""200""}",011337674220:/apigateway/cococash-api,1klwe2emka_.default-2026-03-15-20-05
2026-03-15T20:05:44.353Z,"10.0.1.20 - - [15/Mar/2026:20:05:44 +0000] ""GET / HTTP/1.1"" 200 459 ""-"" ""ELB-HealthChecker/2.0"" ""-""",011337674220:/ecs/cococash-wfe,wfe/wfe/c88d236c7466456d9645d055b1a3262e
2026-03-15T20:05:47.100Z,"10.0.4.151 - - [15/Mar/2026:20:05:47 +0000] ""GET / HTTP/1.1"" 200 459 ""-"" ""ELB-HealthChecker/2.0"" ""-""",011337674220:/ecs/cococash-wfe,wfe/wfe/c88d236c7466456d9645d055b1a3262e
2026-03-15T20:05:47.100Z,"10.0.4.151 - - [15/Mar/2026:20:05:47 +0000] ""GET / HTTP/1.1"" 200 459 ""-"" ""ELB-HealthChecker/2.0"" ""-""",011337674220:/ecs/cococash-wfe,wfe/wfe/20973f81ed264592b429b2332dd43237
2026-03-15T20:05:49.793Z,"10.0.1.20 - - [15/Mar/2026:20:05:49 +0000] ""GET / HTTP/1.1"" 200 459 ""-"" ""ELB-HealthChecker/2.0"" ""-""",011337674220:/ecs/cococash-wfe,wfe/wfe/20973f81ed264592b429b2332dd43237
2026-03-15T20:06:15.840Z,2026/03/15 20:06:15 Processing report batch: 3 accounts for period 2026-03,011337674220:/ecs/cococash-transaction,transaction/transaction-ms/429b0449b543441c8b399439fbb31f40
2026-03-15T20:06:15.868Z,2026/03/15 20:06:15 Found 0 transactions for user=00000000-0000-0000-0000-000000000001 period=2026-03,011337674220:/ecs/cococash-transaction,transaction/transaction-ms/429b0449b543441c8b399439fbb31f40
2026-03-15T20:06:15.893Z,2026/03/15 20:06:15 Published consolidated report for user=00000000-0000-0000-0000-000000000001 period=2026-03 (0 txns),011337674220:/ecs/cococash-transaction,transaction/transaction-ms/429b0449b543441c8b399439fbb31f40
2026-03-15T20:06:15.896Z,2026/03/15 20:06:15 Found 4 transactions for user=b4086408-f091-70c7-1cae-fbf6dea2c607 period=2026-03,011337674220:/ecs/cococash-transaction,transaction/transaction-ms/429b0449b543441c8b399439fbb31f40
2026-03-15T20:06:15.908Z,2026/03/15 20:06:15 Published consolidated report for user=b4086408-f091-70c7-1cae-fbf6dea2c607 period=2026-03 (4 txns),011337674220:/ecs/cococash-transaction,transaction/transaction-ms/429b0449b543441c8b399439fbb31f40
2026-03-15T20:06:15.912Z,2026/03/15 20:06:15 Found 4 transactions for user=94180498-80b1-70c6-aa12-1b5de6f27bbb period=2026-03,011337674220:/ecs/cococash-transaction,transaction/transaction-ms/429b0449b543441c8b399439fbb31f40
2026-03-15T20:06:15.924Z,2026/03/15 20:06:15 Published consolidated report for user=94180498-80b1-70c6-aa12-1b5de6f27bbb period=2026-03 (4 txns),011337674220:/ecs/cococash-transaction,transaction/transaction-ms/429b0449b543441c8b399439fbb31f40
2026-03-15T20:06:14.369Z,"10.0.1.20 - - [15/Mar/2026:20:06:14 +0000] ""GET / HTTP/1.1"" 200 459 ""-"" ""ELB-HealthChecker/2.0"" ""-""",011337674220:/ecs/cococash-wfe,wfe/wfe/c88d236c7466456d9645d055b1a3262e
2026-03-15T20:06:17.128Z,"10.0.4.151 - - [15/Mar/2026:20:06:17 +0000] ""GET / HTTP/1.1"" 200 459 ""-"" ""ELB-HealthChecker/2.0"" ""-""",011337674220:/ecs/cococash-wfe,wfe/wfe/c88d236c7466456d9645d055b1a3262e
2026-03-15T20:06:17.128Z,"10.0.4.151 - - [15/Mar/2026:20:06:17 +0000] ""GET / HTTP/1.1"" 200 459 ""-"" ""ELB-HealthChecker/2.0"" ""-""",011337674220:/ecs/cococash-wfe,wfe/wfe/20973f81ed264592b429b2332dd43237
2026-03-15T20:06:19.797Z,"10.0.1.20 - - [15/Mar/2026:20:06:19 +0000] ""GET / HTTP/1.1"" 200 459 ""-"" ""ELB-HealthChecker/2.0"" ""-""",011337674220:/ecs/cococash-wfe,wfe/wfe/20973f81ed264592b429b2332dd43237
2026-03-15T20:06:15.718Z,"START RequestId: 224f89b1-5a19-42e9-8d23-f169a52d32e6 Version: $LATEST
",011337674220:/aws/lambda/cococash-get-accounts,2026/03/15/[$LATEST]fd4495ceb84c41f79d880be87688ec26
2026-03-15T20:06:15.718Z,"2026/03/15 20:06:15 Starting report generation for period: 2026-03
",011337674220:/aws/lambda/cococash-get-accounts,2026/03/15/[$LATEST]fd4495ceb84c41f79d880be87688ec26
2026-03-15T20:06:15.764Z,"2026/03/15 20:06:15 Fetched 3 active accounts
",011337674220:/aws/lambda/cococash-get-accounts,2026/03/15/[$LATEST]fd4495ceb84c41f79d880be87688ec26
2026-03-15T20:06:15.803Z,"2026/03/15 20:06:15 Published batch 1 (3 accounts)
",011337674220:/aws/lambda/cococash-get-accounts,2026/03/15/[$LATEST]fd4495ceb84c41f79d880be87688ec26
2026-03-15T20:06:15.803Z,"2026/03/15 20:06:15 Completed: published 1 batches for 3 accounts, period 2026-03
",011337674220:/aws/lambda/cococash-get-accounts,2026/03/15/[$LATEST]fd4495ceb84c41f79d880be87688ec26
2026-03-15T20:06:15.804Z,"END RequestId: 224f89b1-5a19-42e9-8d23-f169a52d32e6
",011337674220:/aws/lambda/cococash-get-accounts,2026/03/15/[$LATEST]fd4495ceb84c41f79d880be87688ec26
2026-03-15T20:06:15.804Z,"REPORT RequestId: 224f89b1-5a19-42e9-8d23-f169a52d32e6	Duration: 86.13 ms	Billed Duration: 87 ms	Memory Size: 128 MB	Max Memory Used: 30 MB	
",011337674220:/aws/lambda/cococash-get-accounts,2026/03/15/[$LATEST]fd4495ceb84c41f79d880be87688ec26
2026-03-15T20:06:15.955Z,"START RequestId: e8f4ebaa-cfe0-59c7-9551-899bdc85d2cb Version: $LATEST
",011337674220:/aws/lambda/cococash-pdf-maker,2026/03/15/[$LATEST]024661ad47e24db39e4e4702db408b3e
2026-03-15T20:06:15.955Z,"2026/03/15 20:06:15 Generating PDF for user=00000000-0000-0000-0000-000000000001 account=a0000000-0000-0000-0000-000000000001 period=2026-03 transactions=0
",011337674220:/aws/lambda/cococash-pdf-maker,2026/03/15/[$LATEST]024661ad47e24db39e4e4702db408b3e
2026-03-15T20:06:16.044Z,"2026/03/15 20:06:16 Uploaded PDF to s3://cococash-pdf-odb-011337674220/reportes/00000000-0000-0000-0000-000000000001/2026/03/extracto.pdf
",011337674220:/aws/lambda/cococash-pdf-maker,2026/03/15/[$LATEST]024661ad47e24db39e4e4702db408b3e
2026-03-15T20:06:16.046Z,"END RequestId: e8f4ebaa-cfe0-59c7-9551-899bdc85d2cb
",011337674220:/aws/lambda/cococash-pdf-maker,2026/03/15/[$LATEST]024661ad47e24db39e4e4702db408b3e
2026-03-15T20:06:16.046Z,"REPORT RequestId: e8f4ebaa-cfe0-59c7-9551-899bdc85d2cb	Duration: 90.86 ms	Billed Duration: 91 ms	Memory Size: 256 MB	Max Memory Used: 32 MB	
",011337674220:/aws/lambda/cococash-pdf-maker,2026/03/15/[$LATEST]024661ad47e24db39e4e4702db408b3e
2026-03-15T20:06:16.008Z,"START RequestId: ad054499-f145-5796-a09b-26a8e221aba7 Version: $LATEST
",011337674220:/aws/lambda/cococash-pdf-maker,2026/03/15/[$LATEST]528aa744996a4e95b9ca5ac04c08d6dd
2026-03-15T20:06:16.009Z,"2026/03/15 20:06:16 Generating PDF for user=b4086408-f091-70c7-1cae-fbf6dea2c607 account=937c9f9e-5df2-4f7e-86f2-002bce00f354 period=2026-03 transactions=4
",011337674220:/aws/lambda/cococash-pdf-maker,2026/03/15/[$LATEST]528aa744996a4e95b9ca5ac04c08d6dd
2026-03-15T20:06:16.082Z,"2026/03/15 20:06:16 Uploaded PDF to s3://cococash-pdf-odb-011337674220/reportes/b4086408-f091-70c7-1cae-fbf6dea2c607/2026/03/extracto.pdf
",011337674220:/aws/lambda/cococash-pdf-maker,2026/03/15/[$LATEST]528aa744996a4e95b9ca5ac04c08d6dd
2026-03-15T20:06:16.084Z,"END RequestId: ad054499-f145-5796-a09b-26a8e221aba7
",011337674220:/aws/lambda/cococash-pdf-maker,2026/03/15/[$LATEST]528aa744996a4e95b9ca5ac04c08d6dd
2026-03-15T20:06:16.084Z,"REPORT RequestId: ad054499-f145-5796-a09b-26a8e221aba7	Duration: 75.97 ms	Billed Duration: 76 ms	Memory Size: 256 MB	Max Memory Used: 32 MB	
",011337674220:/aws/lambda/cococash-pdf-maker,2026/03/15/[$LATEST]528aa744996a4e95b9ca5ac04c08d6dd
2026-03-15T20:06:35.969Z,"START RequestId: f2279b9e-150a-5ac1-8398-f9af066968b8 Version: $LATEST
",011337674220:/aws/lambda/cococash-pdf-maker,2026/03/15/[$LATEST]528aa744996a4e95b9ca5ac04c08d6dd
2026-03-15T20:06:35.970Z,"2026/03/15 20:06:35 Generating PDF for user=94180498-80b1-70c6-aa12-1b5de6f27bbb account=8f4fc671-ebc7-489f-b2b2-287c5e1538e2 period=2026-03 transactions=4
",011337674220:/aws/lambda/cococash-pdf-maker,2026/03/15/[$LATEST]528aa744996a4e95b9ca5ac04c08d6dd
2026-03-15T20:06:36.048Z,"2026/03/15 20:06:36 Uploaded PDF to s3://cococash-pdf-odb-011337674220/reportes/94180498-80b1-70c6-aa12-1b5de6f27bbb/2026/03/extracto.pdf
",011337674220:/aws/lambda/cococash-pdf-maker,2026/03/15/[$LATEST]528aa744996a4e95b9ca5ac04c08d6dd
2026-03-15T20:06:36.050Z,"END RequestId: f2279b9e-150a-5ac1-8398-f9af066968b8
",011337674220:/aws/lambda/cococash-pdf-maker,2026/03/15/[$LATEST]528aa744996a4e95b9ca5ac04c08d6dd
2026-03-15T20:06:36.050Z,"REPORT RequestId: f2279b9e-150a-5ac1-8398-f9af066968b8	Duration: 80.17 ms	Billed Duration: 81 ms	Memory Size: 256 MB	Max Memory Used: 32 MB	
",011337674220:/aws/lambda/cococash-pdf-maker,2026/03/15/[$LATEST]528aa744996a4e95b9ca5ac04c08d6dd
2026-03-15T20:06:44.393Z,"10.0.1.20 - - [15/Mar/2026:20:06:44 +0000] ""GET / HTTP/1.1"" 200 459 ""-"" ""ELB-HealthChecker/2.0"" ""-""",011337674220:/ecs/cococash-wfe,wfe/wfe/c88d236c7466456d9645d055b1a3262e
2026-03-15T20:06:47.142Z,"10.0.4.151 - - [15/Mar/2026:20:06:47 +0000] ""GET / HTTP/1.1"" 200 459 ""-"" ""ELB-HealthChecker/2.0"" ""-""",011337674220:/ecs/cococash-wfe,wfe/wfe/c88d236c7466456d9645d055b1a3262e
2026-03-15T20:06:15.720Z,"{""httpMethod"":""GET"",""integrationError"":""-"",""ip"":""13.216.212.172"",""protocol"":""HTTP/1.1"",""requestId"":""aR-gxgBjIAMES1A="",""requestTime"":""15/Mar/2026:20:06:15 +0000"",""responseLength"":""821"",""routeKey"":""GET /v1/accounts/all"",""status"":""200""}",011337674220:/apigateway/cococash-api,1klwe2emka_.default-2026-03-15-20-06
2026-03-15T20:06:47.142Z,"10.0.4.151 - - [15/Mar/2026:20:06:47 +0000] ""GET / HTTP/1.1"" 200 459 ""-"" ""ELB-HealthChecker/2.0"" ""-""",011337674220:/ecs/cococash-wfe,wfe/wfe/20973f81ed264592b429b2332dd43237
2026-03-15T20:06:49.804Z,"10.0.1.20 - - [15/Mar/2026:20:06:49 +0000] ""GET / HTTP/1.1"" 200 459 ""-"" ""ELB-HealthChecker/2.0"" ""-""",011337674220:/ecs/cococash-wfe,wfe/wfe/20973f81ed264592b429b2332dd43237
2026-03-15T20:07:14.419Z,"10.0.1.20 - - [15/Mar/2026:20:07:14 +0000] ""GET / HTTP/1.1"" 200 459 ""-"" ""ELB-HealthChecker/2.0"" ""-""",011337674220:/ecs/cococash-wfe,wfe/wfe/c88d236c7466456d9645d055b1a3262e
2026-03-15T20:07:17.168Z,"10.0.4.151 - - [15/Mar/2026:20:07:17 +0000] ""GET / HTTP/1.1"" 200 459 ""-"" ""ELB-HealthChecker/2.0"" ""-""",011337674220:/ecs/cococash-wfe,wfe/wfe/c88d236c7466456d9645d055b1a3262e
2026-03-15T20:07:15.961Z,2026/03/15 20:07:15 Processing report batch: 3 accounts for period 2026-03,011337674220:/ecs/cococash-transaction,transaction/transaction-ms/16613d4aa3bc43eda88e56a626244b7c
2026-03-15T20:07:15.987Z,2026/03/15 20:07:15 Found 0 transactions for user=00000000-0000-0000-0000-000000000001 period=2026-03,011337674220:/ecs/cococash-transaction,transaction/transaction-ms/16613d4aa3bc43eda88e56a626244b7c
2026-03-15T20:07:16.097Z,2026/03/15 20:07:16 Published consolidated report for user=00000000-0000-0000-0000-000000000001 period=2026-03 (0 txns),011337674220:/ecs/cococash-transaction,transaction/transaction-ms/16613d4aa3bc43eda88e56a626244b7c
2026-03-15T20:07:16.099Z,2026/03/15 20:07:16 Found 4 transactions for user=b4086408-f091-70c7-1cae-fbf6dea2c607 period=2026-03,011337674220:/ecs/cococash-transaction,transaction/transaction-ms/16613d4aa3bc43eda88e56a626244b7c
2026-03-15T20:07:16.110Z,2026/03/15 20:07:16 Published consolidated report for user=b4086408-f091-70c7-1cae-fbf6dea2c607 period=2026-03 (4 txns),011337674220:/ecs/cococash-transaction,transaction/transaction-ms/16613d4aa3bc43eda88e56a626244b7c
2026-03-15T20:07:16.114Z,2026/03/15 20:07:16 Found 4 transactions for user=94180498-80b1-70c6-aa12-1b5de6f27bbb period=2026-03,011337674220:/ecs/cococash-transaction,transaction/transaction-ms/16613d4aa3bc43eda88e56a626244b7c
2026-03-15T20:07:16.125Z,2026/03/15 20:07:16 Published consolidated report for user=94180498-80b1-70c6-aa12-1b5de6f27bbb period=2026-03 (4 txns),011337674220:/ecs/cococash-transaction,transaction/transaction-ms/16613d4aa3bc43eda88e56a626244b7c
2026-03-15T20:07:17.168Z,"10.0.4.151 - - [15/Mar/2026:20:07:17 +0000] ""GET / HTTP/1.1"" 200 459 ""-"" ""ELB-HealthChecker/2.0"" ""-""",011337674220:/ecs/cococash-wfe,wfe/wfe/20973f81ed264592b429b2332dd43237
2026-03-15T20:07:19.809Z,"10.0.1.20 - - [15/Mar/2026:20:07:19 +0000] ""GET / HTTP/1.1"" 200 459 ""-"" ""ELB-HealthChecker/2.0"" ""-""",011337674220:/ecs/cococash-wfe,wfe/wfe/20973f81ed264592b429b2332dd43237
2026-03-15T20:07:15.823Z,"START RequestId: 172321c1-1664-4331-9c7b-eff621330c1a Version: $LATEST
",011337674220:/aws/lambda/cococash-get-accounts,2026/03/15/[$LATEST]fd4495ceb84c41f79d880be87688ec26
2026-03-15T20:07:15.824Z,"2026/03/15 20:07:15 Starting report generation for period: 2026-03
",011337674220:/aws/lambda/cococash-get-accounts,2026/03/15/[$LATEST]fd4495ceb84c41f79d880be87688ec26
2026-03-15T20:07:15.867Z,"2026/03/15 20:07:15 Fetched 3 active accounts
",011337674220:/aws/lambda/cococash-get-accounts,2026/03/15/[$LATEST]fd4495ceb84c41f79d880be87688ec26
2026-03-15T20:07:15.934Z,"2026/03/15 20:07:15 Published batch 1 (3 accounts)
",011337674220:/aws/lambda/cococash-get-accounts,2026/03/15/[$LATEST]fd4495ceb84c41f79d880be87688ec26
2026-03-15T20:07:15.934Z,"2026/03/15 20:07:15 Completed: published 1 batches for 3 accounts, period 2026-03
",011337674220:/aws/lambda/cococash-get-accounts,2026/03/15/[$LATEST]fd4495ceb84c41f79d880be87688ec26
2026-03-15T20:07:15.935Z,"END RequestId: 172321c1-1664-4331-9c7b-eff621330c1a
",011337674220:/aws/lambda/cococash-get-accounts,2026/03/15/[$LATEST]fd4495ceb84c41f79d880be87688ec26
2026-03-15T20:07:15.935Z,"REPORT RequestId: 172321c1-1664-4331-9c7b-eff621330c1a	Duration: 111.29 ms	Billed Duration: 112 ms	Memory Size: 128 MB	Max Memory Used: 30 MB	
",011337674220:/aws/lambda/cococash-get-accounts,2026/03/15/[$LATEST]fd4495ceb84c41f79d880be87688ec26
2026-03-15T20:07:16.167Z,"START RequestId: 6f3071eb-3c51-5cf7-8098-13da2fe2c7fb Version: $LATEST
",011337674220:/aws/lambda/cococash-pdf-maker,2026/03/15/[$LATEST]528aa744996a4e95b9ca5ac04c08d6dd
2026-03-15T20:07:16.192Z,"2026/03/15 20:07:16 Generating PDF for user=00000000-0000-0000-0000-000000000001 account=a0000000-0000-0000-0000-000000000001 period=2026-03 transactions=0
",011337674220:/aws/lambda/cococash-pdf-maker,2026/03/15/[$LATEST]528aa744996a4e95b9ca5ac04c08d6dd
2026-03-15T20:07:16.274Z,"2026/03/15 20:07:16 Uploaded PDF to s3://cococash-pdf-odb-011337674220/reportes/00000000-0000-0000-0000-000000000001/2026/03/extracto.pdf
",011337674220:/aws/lambda/cococash-pdf-maker,2026/03/15/[$LATEST]528aa744996a4e95b9ca5ac04c08d6dd
2026-03-15T20:07:16.276Z,"END RequestId: 6f3071eb-3c51-5cf7-8098-13da2fe2c7fb
",011337674220:/aws/lambda/cococash-pdf-maker,2026/03/15/[$LATEST]528aa744996a4e95b9ca5ac04c08d6dd
2026-03-15T20:07:16.276Z,"REPORT RequestId: 6f3071eb-3c51-5cf7-8098-13da2fe2c7fb	Duration: 108.30 ms	Billed Duration: 109 ms	Memory Size: 256 MB	Max Memory Used: 32 MB	
",011337674220:/aws/lambda/cococash-pdf-maker,2026/03/15/[$LATEST]528aa744996a4e95b9ca5ac04c08d6dd
2026-03-15T20:07:16.351Z,"START RequestId: 9c91edc2-3481-55af-bcba-8ff32720d940 Version: $LATEST
",011337674220:/aws/lambda/cococash-pdf-maker,2026/03/15/[$LATEST]528aa744996a4e95b9ca5ac04c08d6dd
2026-03-15T20:07:16.351Z,"2026/03/15 20:07:16 Generating PDF for user=b4086408-f091-70c7-1cae-fbf6dea2c607 account=937c9f9e-5df2-4f7e-86f2-002bce00f354 period=2026-03 transactions=4
",011337674220:/aws/lambda/cococash-pdf-maker,2026/03/15/[$LATEST]528aa744996a4e95b9ca5ac04c08d6dd
2026-03-15T20:07:16.380Z,"2026/03/15 20:07:16 Uploaded PDF to s3://cococash-pdf-odb-011337674220/reportes/b4086408-f091-70c7-1cae-fbf6dea2c607/2026/03/extracto.pdf
",011337674220:/aws/lambda/cococash-pdf-maker,2026/03/15/[$LATEST]528aa744996a4e95b9ca5ac04c08d6dd
2026-03-15T20:07:16.381Z,"END RequestId: 9c91edc2-3481-55af-bcba-8ff32720d940
",011337674220:/aws/lambda/cococash-pdf-maker,2026/03/15/[$LATEST]528aa744996a4e95b9ca5ac04c08d6dd
2026-03-15T20:07:16.381Z,"REPORT RequestId: 9c91edc2-3481-55af-bcba-8ff32720d940	Duration: 29.55 ms	Billed Duration: 30 ms	Memory Size: 256 MB	Max Memory Used: 32 MB	
",011337674220:/aws/lambda/cococash-pdf-maker,2026/03/15/[$LATEST]528aa744996a4e95b9ca5ac04c08d6dd
2026-03-15T20:07:16.920Z,"START RequestId: 16be6b9a-15fc-5a20-96a3-09ab065c04e3 Version: $LATEST
",011337674220:/aws/lambda/cococash-pdf-maker,2026/03/15/[$LATEST]528aa744996a4e95b9ca5ac04c08d6dd
2026-03-15T20:07:16.920Z,"2026/03/15 20:07:16 Generating PDF for user=94180498-80b1-70c6-aa12-1b5de6f27bbb account=8f4fc671-ebc7-489f-b2b2-287c5e1538e2 period=2026-03 transactions=4
",011337674220:/aws/lambda/cococash-pdf-maker,2026/03/15/[$LATEST]528aa744996a4e95b9ca5ac04c08d6dd
2026-03-15T20:07:16.952Z,"2026/03/15 20:07:16 Uploaded PDF to s3://cococash-pdf-odb-011337674220/reportes/94180498-80b1-70c6-aa12-1b5de6f27bbb/2026/03/extracto.pdf
",011337674220:/aws/lambda/cococash-pdf-maker,2026/03/15/[$LATEST]528aa744996a4e95b9ca5ac04c08d6dd
2026-03-15T20:07:16.954Z,"END RequestId: 16be6b9a-15fc-5a20-96a3-09ab065c04e3
",011337674220:/aws/lambda/cococash-pdf-maker,2026/03/15/[$LATEST]528aa744996a4e95b9ca5ac04c08d6dd
2026-03-15T20:07:16.954Z,"REPORT RequestId: 16be6b9a-15fc-5a20-96a3-09ab065c04e3	Duration: 33.41 ms	Billed Duration: 34 ms	Memory Size: 256 MB	Max Memory Used: 32 MB	
",011337674220:/aws/lambda/cococash-pdf-maker,2026/03/15/[$LATEST]528aa744996a4e95b9ca5ac04c08d6dd
2026-03-15T20:07:44.440Z,"10.0.1.20 - - [15/Mar/2026:20:07:44 +0000] ""GET / HTTP/1.1"" 200 459 ""-"" ""ELB-HealthChecker/2.0"" ""-""",011337674220:/ecs/cococash-wfe,wfe/wfe/c88d236c7466456d9645d055b1a3262e
2026-03-15T20:07:47.197Z,"10.0.4.151 - - [15/Mar/2026:20:07:47 +0000] ""GET / HTTP/1.1"" 200 459 ""-"" ""ELB-HealthChecker/2.0"" ""-""",011337674220:/ecs/cococash-wfe,wfe/wfe/c88d236c7466456d9645d055b1a3262e
2026-03-15T20:07:15.825Z,"{""httpMethod"":""GET"",""integrationError"":""-"",""ip"":""13.216.212.172"",""protocol"":""HTTP/1.1"",""requestId"":""aR-qKjPVoAMEShg="",""requestTime"":""15/Mar/2026:20:07:15 +0000"",""responseLength"":""821"",""routeKey"":""GET /v1/accounts/all"",""status"":""200""}",011337674220:/apigateway/cococash-api,1klwe2emka_.default-2026-03-15-20-07
2026-03-15T20:07:47.196Z,"10.0.4.151 - - [15/Mar/2026:20:07:47 +0000] ""GET / HTTP/1.1"" 200 459 ""-"" ""ELB-HealthChecker/2.0"" ""-""",011337674220:/ecs/cococash-wfe,wfe/wfe/20973f81ed264592b429b2332dd43237
2026-03-15T20:07:49.815Z,"10.0.1.20 - - [15/Mar/2026:20:07:49 +0000] ""GET / HTTP/1.1"" 200 459 ""-"" ""ELB-HealthChecker/2.0"" ""-""",011337674220:/ecs/cococash-wfe,wfe/wfe/20973f81ed264592b429b2332dd43237
2026-03-15T20:08:15.816Z,2026/03/15 20:08:15 Processing report batch: 3 accounts for period 2026-03,011337674220:/ecs/cococash-transaction,transaction/transaction-ms/429b0449b543441c8b399439fbb31f40
2026-03-15T20:08:15.849Z,2026/03/15 20:08:15 Found 0 transactions for user=00000000-0000-0000-0000-000000000001 period=2026-03,011337674220:/ecs/cococash-transaction,transaction/transaction-ms/429b0449b543441c8b399439fbb31f40
2026-03-15T20:08:15.877Z,2026/03/15 20:08:15 Published consolidated report for user=00000000-0000-0000-0000-000000000001 period=2026-03 (0 txns),011337674220:/ecs/cococash-transaction,transaction/transaction-ms/429b0449b543441c8b399439fbb31f40
2026-03-15T20:08:15.881Z,2026/03/15 20:08:15 Found 4 transactions for user=b4086408-f091-70c7-1cae-fbf6dea2c607 period=2026-03,011337674220:/ecs/cococash-transaction,transaction/transaction-ms/429b0449b543441c8b399439fbb31f40
2026-03-15T20:08:15.894Z,2026/03/15 20:08:15 Published consolidated report for user=b4086408-f091-70c7-1cae-fbf6dea2c607 period=2026-03 (4 txns),011337674220:/ecs/cococash-transaction,transaction/transaction-ms/429b0449b543441c8b399439fbb31f40
2026-03-15T20:08:15.898Z,2026/03/15 20:08:15 Found 4 transactions for user=94180498-80b1-70c6-aa12-1b5de6f27bbb period=2026-03,011337674220:/ecs/cococash-transaction,transaction/transaction-ms/429b0449b543441c8b399439fbb31f40
2026-03-15T20:08:15.909Z,2026/03/15 20:08:15 Published consolidated report for user=94180498-80b1-70c6-aa12-1b5de6f27bbb period=2026-03 (4 txns),011337674220:/ecs/cococash-transaction,transaction/transaction-ms/429b0449b543441c8b399439fbb31f40
2026-03-15T20:08:14.466Z,"10.0.1.20 - - [15/Mar/2026:20:08:14 +0000] ""GET / HTTP/1.1"" 200 459 ""-"" ""ELB-HealthChecker/2.0"" ""-""",011337674220:/ecs/cococash-wfe,wfe/wfe/c88d236c7466456d9645d055b1a3262e
2026-03-15T20:08:17.198Z,"10.0.4.151 - - [15/Mar/2026:20:08:17 +0000] ""GET / HTTP/1.1"" 200 459 ""-"" ""ELB-HealthChecker/2.0"" ""-""",011337674220:/ecs/cococash-wfe,wfe/wfe/c88d236c7466456d9645d055b1a3262e
2026-03-15T20:08:17.198Z,"10.0.4.151 - - [15/Mar/2026:20:08:17 +0000] ""GET / HTTP/1.1"" 200 459 ""-"" ""ELB-HealthChecker/2.0"" ""-""",011337674220:/ecs/cococash-wfe,wfe/wfe/20973f81ed264592b429b2332dd43237
2026-03-15T20:08:19.817Z,"10.0.1.20 - - [15/Mar/2026:20:08:19 +0000] ""GET / HTTP/1.1"" 200 459 ""-"" ""ELB-HealthChecker/2.0"" ""-""",011337674220:/ecs/cococash-wfe,wfe/wfe/20973f81ed264592b429b2332dd43237
2026-03-15T20:08:15.704Z,"START RequestId: 1a43f400-d3ff-4860-9c82-dd48319becd3 Version: $LATEST
",011337674220:/aws/lambda/cococash-get-accounts,2026/03/15/[$LATEST]fd4495ceb84c41f79d880be87688ec26
2026-03-15T20:08:15.705Z,"2026/03/15 20:08:15 Starting report generation for period: 2026-03
",011337674220:/aws/lambda/cococash-get-accounts,2026/03/15/[$LATEST]fd4495ceb84c41f79d880be87688ec26
2026-03-15T20:08:15.752Z,"2026/03/15 20:08:15 Fetched 3 active accounts
",011337674220:/aws/lambda/cococash-get-accounts,2026/03/15/[$LATEST]fd4495ceb84c41f79d880be87688ec26
2026-03-15T20:08:15.786Z,"2026/03/15 20:08:15 Published batch 1 (3 accounts)
",011337674220:/aws/lambda/cococash-get-accounts,2026/03/15/[$LATEST]fd4495ceb84c41f79d880be87688ec26
2026-03-15T20:08:15.786Z,"2026/03/15 20:08:15 Completed: published 1 batches for 3 accounts, period 2026-03
",011337674220:/aws/lambda/cococash-get-accounts,2026/03/15/[$LATEST]fd4495ceb84c41f79d880be87688ec26
2026-03-15T20:08:15.788Z,"END RequestId: 1a43f400-d3ff-4860-9c82-dd48319becd3
",011337674220:/aws/lambda/cococash-get-accounts,2026/03/15/[$LATEST]fd4495ceb84c41f79d880be87688ec26
2026-03-15T20:08:15.788Z,"REPORT RequestId: 1a43f400-d3ff-4860-9c82-dd48319becd3	Duration: 82.72 ms	Billed Duration: 83 ms	Memory Size: 128 MB	Max Memory Used: 30 MB	
",011337674220:/aws/lambda/cococash-get-accounts,2026/03/15/[$LATEST]fd4495ceb84c41f79d880be87688ec26
2026-03-15T20:08:15.914Z,"START RequestId: f0cde174-515a-566c-bed9-83454286c8af Version: $LATEST
",011337674220:/aws/lambda/cococash-pdf-maker,2026/03/15/[$LATEST]528aa744996a4e95b9ca5ac04c08d6dd
2026-03-15T20:08:15.915Z,"2026/03/15 20:08:15 Generating PDF for user=00000000-0000-0000-0000-000000000001 account=a0000000-0000-0000-0000-000000000001 period=2026-03 transactions=0
",011337674220:/aws/lambda/cococash-pdf-maker,2026/03/15/[$LATEST]528aa744996a4e95b9ca5ac04c08d6dd
2026-03-15T20:08:16.012Z,"2026/03/15 20:08:16 Uploaded PDF to s3://cococash-pdf-odb-011337674220/reportes/00000000-0000-0000-0000-000000000001/2026/03/extracto.pdf
",011337674220:/aws/lambda/cococash-pdf-maker,2026/03/15/[$LATEST]528aa744996a4e95b9ca5ac04c08d6dd
2026-03-15T20:08:16.013Z,"END RequestId: f0cde174-515a-566c-bed9-83454286c8af
",011337674220:/aws/lambda/cococash-pdf-maker,2026/03/15/[$LATEST]528aa744996a4e95b9ca5ac04c08d6dd
2026-03-15T20:08:16.013Z,"REPORT RequestId: f0cde174-515a-566c-bed9-83454286c8af	Duration: 98.35 ms	Billed Duration: 99 ms	Memory Size: 256 MB	Max Memory Used: 32 MB	
",011337674220:/aws/lambda/cococash-pdf-maker,2026/03/15/[$LATEST]528aa744996a4e95b9ca5ac04c08d6dd
2026-03-15T20:08:15.964Z,"START RequestId: 9b0b902a-25c0-5cd9-b915-f21b361dd19d Version: $LATEST
",011337674220:/aws/lambda/cococash-pdf-maker,2026/03/15/[$LATEST]024661ad47e24db39e4e4702db408b3e
2026-03-15T20:08:15.964Z,"2026/03/15 20:08:15 Generating PDF for user=b4086408-f091-70c7-1cae-fbf6dea2c607 account=937c9f9e-5df2-4f7e-86f2-002bce00f354 period=2026-03 transactions=4
",011337674220:/aws/lambda/cococash-pdf-maker,2026/03/15/[$LATEST]024661ad47e24db39e4e4702db408b3e
2026-03-15T20:08:16.050Z,"2026/03/15 20:08:16 Uploaded PDF to s3://cococash-pdf-odb-011337674220/reportes/b4086408-f091-70c7-1cae-fbf6dea2c607/2026/03/extracto.pdf
",011337674220:/aws/lambda/cococash-pdf-maker,2026/03/15/[$LATEST]024661ad47e24db39e4e4702db408b3e
2026-03-15T20:08:16.051Z,"END RequestId: 9b0b902a-25c0-5cd9-b915-f21b361dd19d
",011337674220:/aws/lambda/cococash-pdf-maker,2026/03/15/[$LATEST]024661ad47e24db39e4e4702db408b3e
2026-03-15T20:08:16.051Z,"REPORT RequestId: 9b0b902a-25c0-5cd9-b915-f21b361dd19d	Duration: 87.58 ms	Billed Duration: 88 ms	Memory Size: 256 MB	Max Memory Used: 32 MB	
",011337674220:/aws/lambda/cococash-pdf-maker,2026/03/15/[$LATEST]024661ad47e24db39e4e4702db408b3e
2026-03-15T20:08:15.707Z,"{""httpMethod"":""GET"",""integrationError"":""-"",""ip"":""13.216.212.172"",""protocol"":""HTTP/1.1"",""requestId"":""aR-zhhT1oAMESyQ="",""requestTime"":""15/Mar/2026:20:08:15 +0000"",""responseLength"":""821"",""routeKey"":""GET /v1/accounts/all"",""status"":""200""}",011337674220:/apigateway/cococash-api,1klwe2emka_.default-2026-03-15-20-08
2026-03-15T20:08:35.955Z,"START RequestId: 01bf135b-e159-51b1-9db1-716af28543f0 Version: $LATEST
",011337674220:/aws/lambda/cococash-pdf-maker,2026/03/15/[$LATEST]024661ad47e24db39e4e4702db408b3e
2026-03-15T20:08:35.955Z,"2026/03/15 20:08:35 Generating PDF for user=94180498-80b1-70c6-aa12-1b5de6f27bbb account=8f4fc671-ebc7-489f-b2b2-287c5e1538e2 period=2026-03 transactions=4
",011337674220:/aws/lambda/cococash-pdf-maker,2026/03/15/[$LATEST]024661ad47e24db39e4e4702db408b3e
2026-03-15T20:08:36.051Z,"2026/03/15 20:08:36 Uploaded PDF to s3://cococash-pdf-odb-011337674220/reportes/94180498-80b1-70c6-aa12-1b5de6f27bbb/2026/03/extracto.pdf
",011337674220:/aws/lambda/cococash-pdf-maker,2026/03/15/[$LATEST]024661ad47e24db39e4e4702db408b3e
2026-03-15T20:08:36.052Z,"END RequestId: 01bf135b-e159-51b1-9db1-716af28543f0
",011337674220:/aws/lambda/cococash-pdf-maker,2026/03/15/[$LATEST]024661ad47e24db39e4e4702db408b3e
2026-03-15T20:08:36.052Z,"REPORT RequestId: 01bf135b-e159-51b1-9db1-716af28543f0	Duration: 97.13 ms	Billed Duration: 98 ms	Memory Size: 256 MB	Max Memory Used: 32 MB	
",011337674220:/aws/lambda/cococash-pdf-maker,2026/03/15/[$LATEST]024661ad47e24db39e4e4702db408b3e
2026-03-15T20:08:44.468Z,"10.0.1.20 - - [15/Mar/2026:20:08:44 +0000] ""GET / HTTP/1.1"" 200 459 ""-"" ""ELB-HealthChecker/2.0"" ""-""",011337674220:/ecs/cococash-wfe,wfe/wfe/c88d236c7466456d9645d055b1a3262e
2026-03-15T20:08:47.207Z,"10.0.4.151 - - [15/Mar/2026:20:08:47 +0000] ""GET / HTTP/1.1"" 200 459 ""-"" ""ELB-HealthChecker/2.0"" ""-""",011337674220:/ecs/cococash-wfe,wfe/wfe/c88d236c7466456d9645d055b1a3262e
2026-03-15T20:08:47.207Z,"10.0.4.151 - - [15/Mar/2026:20:08:47 +0000] ""GET / HTTP/1.1"" 200 459 ""-"" ""ELB-HealthChecker/2.0"" ""-""",011337674220:/ecs/cococash-wfe,wfe/wfe/20973f81ed264592b429b2332dd43237
2026-03-15T20:08:49.824Z,"10.0.1.20 - - [15/Mar/2026:20:08:49 +0000] ""GET / HTTP/1.1"" 200 459 ""-"" ""ELB-HealthChecker/2.0"" ""-""",011337674220:/ecs/cococash-wfe,wfe/wfe/20973f81ed264592b429b2332dd43237
2026-03-15T20:09:15.901Z,2026/03/15 20:09:15 Processing report batch: 3 accounts for period 2026-03,011337674220:/ecs/cococash-transaction,transaction/transaction-ms/429b0449b543441c8b399439fbb31f40
2026-03-15T20:09:15.906Z,2026/03/15 20:09:15 Found 0 transactions for user=00000000-0000-0000-0000-000000000001 period=2026-03,011337674220:/ecs/cococash-transaction,transaction/transaction-ms/429b0449b543441c8b399439fbb31f40
2026-03-15T20:09:15.945Z,2026/03/15 20:09:15 Published consolidated report for user=00000000-0000-0000-0000-000000000001 period=2026-03 (0 txns),011337674220:/ecs/cococash-transaction,transaction/transaction-ms/429b0449b543441c8b399439fbb31f40
2026-03-15T20:09:15.949Z,2026/03/15 20:09:15 Found 4 transactions for user=b4086408-f091-70c7-1cae-fbf6dea2c607 period=2026-03,011337674220:/ecs/cococash-transaction,transaction/transaction-ms/429b0449b543441c8b399439fbb31f40
2026-03-15T20:09:15.961Z,2026/03/15 20:09:15 Published consolidated report for user=b4086408-f091-70c7-1cae-fbf6dea2c607 period=2026-03 (4 txns),011337674220:/ecs/cococash-transaction,transaction/transaction-ms/429b0449b543441c8b399439fbb31f40
2026-03-15T20:09:15.966Z,2026/03/15 20:09:15 Found 4 transactions for user=94180498-80b1-70c6-aa12-1b5de6f27bbb period=2026-03,011337674220:/ecs/cococash-transaction,transaction/transaction-ms/429b0449b543441c8b399439fbb31f40
2026-03-15T20:09:15.978Z,2026/03/15 20:09:15 Published consolidated report for user=94180498-80b1-70c6-aa12-1b5de6f27bbb period=2026-03 (4 txns),011337674220:/ecs/cococash-transaction,transaction/transaction-ms/429b0449b543441c8b399439fbb31f40
2026-03-15T20:09:14.494Z,"10.0.1.20 - - [15/Mar/2026:20:09:14 +0000] ""GET / HTTP/1.1"" 200 459 ""-"" ""ELB-HealthChecker/2.0"" ""-""",011337674220:/ecs/cococash-wfe,wfe/wfe/c88d236c7466456d9645d055b1a3262e
2026-03-15T20:09:17.238Z,"10.0.4.151 - - [15/Mar/2026:20:09:17 +0000] ""GET / HTTP/1.1"" 200 459 ""-"" ""ELB-HealthChecker/2.0"" ""-""",011337674220:/ecs/cococash-wfe,wfe/wfe/c88d236c7466456d9645d055b1a3262e
2026-03-15T20:09:17.238Z,"10.0.4.151 - - [15/Mar/2026:20:09:17 +0000] ""GET / HTTP/1.1"" 200 459 ""-"" ""ELB-HealthChecker/2.0"" ""-""",011337674220:/ecs/cococash-wfe,wfe/wfe/20973f81ed264592b429b2332dd43237
2026-03-15T20:09:19.830Z,"10.0.1.20 - - [15/Mar/2026:20:09:19 +0000] ""GET / HTTP/1.1"" 200 459 ""-"" ""ELB-HealthChecker/2.0"" ""-""",011337674220:/ecs/cococash-wfe,wfe/wfe/20973f81ed264592b429b2332dd43237
2026-03-15T20:09:15.787Z,"START RequestId: 5e73af96-ff73-4d18-8403-9c1d39d930ae Version: $LATEST
",011337674220:/aws/lambda/cococash-get-accounts,2026/03/15/[$LATEST]fd4495ceb84c41f79d880be87688ec26
2026-03-15T20:09:15.787Z,"2026/03/15 20:09:15 Starting report generation for period: 2026-03
",011337674220:/aws/lambda/cococash-get-accounts,2026/03/15/[$LATEST]fd4495ceb84c41f79d880be87688ec26
2026-03-15T20:09:15.828Z,"2026/03/15 20:09:15 Fetched 3 active accounts
",011337674220:/aws/lambda/cococash-get-accounts,2026/03/15/[$LATEST]fd4495ceb84c41f79d880be87688ec26
2026-03-15T20:09:15.877Z,"2026/03/15 20:09:15 Published batch 1 (3 accounts)
",011337674220:/aws/lambda/cococash-get-accounts,2026/03/15/[$LATEST]fd4495ceb84c41f79d880be87688ec26
2026-03-15T20:09:15.877Z,"2026/03/15 20:09:15 Completed: published 1 batches for 3 accounts, period 2026-03
",011337674220:/aws/lambda/cococash-get-accounts,2026/03/15/[$LATEST]fd4495ceb84c41f79d880be87688ec26
2026-03-15T20:09:15.878Z,"END RequestId: 5e73af96-ff73-4d18-8403-9c1d39d930ae
",011337674220:/aws/lambda/cococash-get-accounts,2026/03/15/[$LATEST]fd4495ceb84c41f79d880be87688ec26
2026-03-15T20:09:15.878Z,"REPORT RequestId: 5e73af96-ff73-4d18-8403-9c1d39d930ae	Duration: 90.61 ms	Billed Duration: 91 ms	Memory Size: 128 MB	Max Memory Used: 30 MB	
",011337674220:/aws/lambda/cococash-get-accounts,2026/03/15/[$LATEST]fd4495ceb84c41f79d880be87688ec26
2026-03-15T20:09:15.996Z,"START RequestId: c2d537e1-a75d-5c08-9792-55d0b34a114c Version: $LATEST
",011337674220:/aws/lambda/cococash-pdf-maker,2026/03/15/[$LATEST]528aa744996a4e95b9ca5ac04c08d6dd
2026-03-15T20:09:15.998Z,"2026/03/15 20:09:15 Generating PDF for user=b4086408-f091-70c7-1cae-fbf6dea2c607 account=937c9f9e-5df2-4f7e-86f2-002bce00f354 period=2026-03 transactions=4
",011337674220:/aws/lambda/cococash-pdf-maker,2026/03/15/[$LATEST]528aa744996a4e95b9ca5ac04c08d6dd
2026-03-15T20:09:16.104Z,"2026/03/15 20:09:16 Uploaded PDF to s3://cococash-pdf-odb-011337674220/reportes/b4086408-f091-70c7-1cae-fbf6dea2c607/2026/03/extracto.pdf
",011337674220:/aws/lambda/cococash-pdf-maker,2026/03/15/[$LATEST]528aa744996a4e95b9ca5ac04c08d6dd
2026-03-15T20:09:16.106Z,"END RequestId: c2d537e1-a75d-5c08-9792-55d0b34a114c
",011337674220:/aws/lambda/cococash-pdf-maker,2026/03/15/[$LATEST]528aa744996a4e95b9ca5ac04c08d6dd
2026-03-15T20:09:16.106Z,"REPORT RequestId: c2d537e1-a75d-5c08-9792-55d0b34a114c	Duration: 109.40 ms	Billed Duration: 110 ms	Memory Size: 256 MB	Max Memory Used: 32 MB	
",011337674220:/aws/lambda/cococash-pdf-maker,2026/03/15/[$LATEST]528aa744996a4e95b9ca5ac04c08d6dd
2026-03-15T20:09:16.201Z,"START RequestId: 36ac3dfe-3ab3-57cc-bd6f-5fcf2e986d64 Version: $LATEST
",011337674220:/aws/lambda/cococash-pdf-maker,2026/03/15/[$LATEST]528aa744996a4e95b9ca5ac04c08d6dd
2026-03-15T20:09:16.202Z,"2026/03/15 20:09:16 Generating PDF for user=94180498-80b1-70c6-aa12-1b5de6f27bbb account=8f4fc671-ebc7-489f-b2b2-287c5e1538e2 period=2026-03 transactions=4
",011337674220:/aws/lambda/cococash-pdf-maker,2026/03/15/[$LATEST]528aa744996a4e95b9ca5ac04c08d6dd
2026-03-15T20:09:16.228Z,"2026/03/15 20:09:16 Uploaded PDF to s3://cococash-pdf-odb-011337674220/reportes/94180498-80b1-70c6-aa12-1b5de6f27bbb/2026/03/extracto.pdf
",011337674220:/aws/lambda/cococash-pdf-maker,2026/03/15/[$LATEST]528aa744996a4e95b9ca5ac04c08d6dd
2026-03-15T20:09:16.229Z,"END RequestId: 36ac3dfe-3ab3-57cc-bd6f-5fcf2e986d64
",011337674220:/aws/lambda/cococash-pdf-maker,2026/03/15/[$LATEST]528aa744996a4e95b9ca5ac04c08d6dd
2026-03-15T20:09:16.230Z,"REPORT RequestId: 36ac3dfe-3ab3-57cc-bd6f-5fcf2e986d64	Duration: 27.52 ms	Billed Duration: 28 ms	Memory Size: 256 MB	Max Memory Used: 32 MB	
",011337674220:/aws/lambda/cococash-pdf-maker,2026/03/15/[$LATEST]528aa744996a4e95b9ca5ac04c08d6dd
2026-03-15T20:09:16.006Z,"START RequestId: 27281c6c-2a0f-5223-85e2-7e5d3e17ae2f Version: $LATEST
",011337674220:/aws/lambda/cococash-pdf-maker,2026/03/15/[$LATEST]024661ad47e24db39e4e4702db408b3e
2026-03-15T20:09:16.007Z,"2026/03/15 20:09:16 Generating PDF for user=00000000-0000-0000-0000-000000000001 account=a0000000-0000-0000-0000-000000000001 period=2026-03 transactions=0
",011337674220:/aws/lambda/cococash-pdf-maker,2026/03/15/[$LATEST]024661ad47e24db39e4e4702db408b3e
2026-03-15T20:09:16.098Z,"2026/03/15 20:09:16 Uploaded PDF to s3://cococash-pdf-odb-011337674220/reportes/00000000-0000-0000-0000-000000000001/2026/03/extracto.pdf
",011337674220:/aws/lambda/cococash-pdf-maker,2026/03/15/[$LATEST]024661ad47e24db39e4e4702db408b3e
2026-03-15T20:09:16.100Z,"END RequestId: 27281c6c-2a0f-5223-85e2-7e5d3e17ae2f
",011337674220:/aws/lambda/cococash-pdf-maker,2026/03/15/[$LATEST]024661ad47e24db39e4e4702db408b3e
2026-03-15T20:09:16.100Z,"REPORT RequestId: 27281c6c-2a0f-5223-85e2-7e5d3e17ae2f	Duration: 93.47 ms	Billed Duration: 94 ms	Memory Size: 256 MB	Max Memory Used: 32 MB	
",011337674220:/aws/lambda/cococash-pdf-maker,2026/03/15/[$LATEST]024661ad47e24db39e4e4702db408b3e
2026-03-15T20:09:44.519Z,"10.0.1.20 - - [15/Mar/2026:20:09:44 +0000] ""GET / HTTP/1.1"" 200 459 ""-"" ""ELB-HealthChecker/2.0"" ""-""",011337674220:/ecs/cococash-wfe,wfe/wfe/c88d236c7466456d9645d055b1a3262e
2026-03-15T20:09:47.256Z,"10.0.4.151 - - [15/Mar/2026:20:09:47 +0000] ""GET / HTTP/1.1"" 200 459 ""-"" ""ELB-HealthChecker/2.0"" ""-""",011337674220:/ecs/cococash-wfe,wfe/wfe/c88d236c7466456d9645d055b1a3262e
2026-03-15T20:09:47.256Z,"10.0.4.151 - - [15/Mar/2026:20:09:47 +0000] ""GET / HTTP/1.1"" 200 459 ""-"" ""ELB-HealthChecker/2.0"" ""-""",011337674220:/ecs/cococash-wfe,wfe/wfe/20973f81ed264592b429b2332dd43237
2026-03-15T20:09:49.836Z,"10.0.1.20 - - [15/Mar/2026:20:09:49 +0000] ""GET / HTTP/1.1"" 200 459 ""-"" ""ELB-HealthChecker/2.0"" ""-""",011337674220:/ecs/cococash-wfe,wfe/wfe/20973f81ed264592b429b2332dd43237
2026-03-15T20:09:15.788Z,"{""httpMethod"":""GET"",""integrationError"":""-"",""ip"":""13.216.212.172"",""protocol"":""HTTP/1.1"",""requestId"":""aR-85i-LIAMESKA="",""requestTime"":""15/Mar/2026:20:09:15 +0000"",""responseLength"":""821"",""routeKey"":""GET /v1/accounts/all"",""status"":""200""}",011337674220:/apigateway/cococash-api,1klwe2emka_.default-2026-03-15-20-09
2026-03-15T20:10:14.524Z,"10.0.1.20 - - [15/Mar/2026:20:10:14 +0000] ""GET / HTTP/1.1"" 200 459 ""-"" ""ELB-HealthChecker/2.0"" ""-""",011337674220:/ecs/cococash-wfe,wfe/wfe/c88d236c7466456d9645d055b1a3262e
2026-03-15T20:10:17.285Z,"10.0.4.151 - - [15/Mar/2026:20:10:17 +0000] ""GET / HTTP/1.1"" 200 459 ""-"" ""ELB-HealthChecker/2.0"" ""-""",011337674220:/ecs/cococash-wfe,wfe/wfe/c88d236c7466456d9645d055b1a3262e
2026-03-15T20:10:15.960Z,2026/03/15 20:10:15 Processing report batch: 3 accounts for period 2026-03,011337674220:/ecs/cococash-transaction,transaction/transaction-ms/16613d4aa3bc43eda88e56a626244b7c
2026-03-15T20:10:15.987Z,2026/03/15 20:10:15 Found 0 transactions for user=00000000-0000-0000-0000-000000000001 period=2026-03,011337674220:/ecs/cococash-transaction,transaction/transaction-ms/16613d4aa3bc43eda88e56a626244b7c
2026-03-15T20:10:16.026Z,2026/03/15 20:10:16 Published consolidated report for user=00000000-0000-0000-0000-000000000001 period=2026-03 (0 txns),011337674220:/ecs/cococash-transaction,transaction/transaction-ms/16613d4aa3bc43eda88e56a626244b7c
2026-03-15T20:10:16.029Z,2026/03/15 20:10:16 Found 4 transactions for user=b4086408-f091-70c7-1cae-fbf6dea2c607 period=2026-03,011337674220:/ecs/cococash-transaction,transaction/transaction-ms/16613d4aa3bc43eda88e56a626244b7c
2026-03-15T20:10:16.045Z,2026/03/15 20:10:16 Published consolidated report for user=b4086408-f091-70c7-1cae-fbf6dea2c607 period=2026-03 (4 txns),011337674220:/ecs/cococash-transaction,transaction/transaction-ms/16613d4aa3bc43eda88e56a626244b7c
2026-03-15T20:10:16.049Z,2026/03/15 20:10:16 Found 4 transactions for user=94180498-80b1-70c6-aa12-1b5de6f27bbb period=2026-03,011337674220:/ecs/cococash-transaction,transaction/transaction-ms/16613d4aa3bc43eda88e56a626244b7c
2026-03-15T20:10:16.061Z,2026/03/15 20:10:16 Published consolidated report for user=94180498-80b1-70c6-aa12-1b5de6f27bbb period=2026-03 (4 txns),011337674220:/ecs/cococash-transaction,transaction/transaction-ms/16613d4aa3bc43eda88e56a626244b7c
2026-03-15T20:10:17.284Z,"10.0.4.151 - - [15/Mar/2026:20:10:17 +0000] ""GET / HTTP/1.1"" 200 459 ""-"" ""ELB-HealthChecker/2.0"" ""-""",011337674220:/ecs/cococash-wfe,wfe/wfe/20973f81ed264592b429b2332dd43237
2026-03-15T20:10:19.842Z,"10.0.1.20 - - [15/Mar/2026:20:10:19 +0000] ""GET / HTTP/1.1"" 200 459 ""-"" ""ELB-HealthChecker/2.0"" ""-""",011337674220:/ecs/cococash-wfe,wfe/wfe/20973f81ed264592b429b2332dd43237
2026-03-15T20:10:15.836Z,"START RequestId: 2cfbc601-919a-4fe3-9c8a-9c150968468e Version: $LATEST
",011337674220:/aws/lambda/cococash-get-accounts,2026/03/15/[$LATEST]fd4495ceb84c41f79d880be87688ec26
2026-03-15T20:10:15.836Z,"2026/03/15 20:10:15 Starting report generation for period: 2026-03
",011337674220:/aws/lambda/cococash-get-accounts,2026/03/15/[$LATEST]fd4495ceb84c41f79d880be87688ec26
2026-03-15T20:10:15.871Z,"2026/03/15 20:10:15 Fetched 3 active accounts
",011337674220:/aws/lambda/cococash-get-accounts,2026/03/15/[$LATEST]fd4495ceb84c41f79d880be87688ec26
2026-03-15T20:10:15.937Z,"2026/03/15 20:10:15 Published batch 1 (3 accounts)
",011337674220:/aws/lambda/cococash-get-accounts,2026/03/15/[$LATEST]fd4495ceb84c41f79d880be87688ec26
2026-03-15T20:10:15.937Z,"2026/03/15 20:10:15 Completed: published 1 batches for 3 accounts, period 2026-03
",011337674220:/aws/lambda/cococash-get-accounts,2026/03/15/[$LATEST]fd4495ceb84c41f79d880be87688ec26
2026-03-15T20:10:15.939Z,"END RequestId: 2cfbc601-919a-4fe3-9c8a-9c150968468e
",011337674220:/aws/lambda/cococash-get-accounts,2026/03/15/[$LATEST]fd4495ceb84c41f79d880be87688ec26
2026-03-15T20:10:15.939Z,"REPORT RequestId: 2cfbc601-919a-4fe3-9c8a-9c150968468e	Duration: 102.45 ms	Billed Duration: 103 ms	Memory Size: 128 MB	Max Memory Used: 30 MB	
",011337674220:/aws/lambda/cococash-get-accounts,2026/03/15/[$LATEST]fd4495ceb84c41f79d880be87688ec26
2026-03-15T20:10:16.068Z,"START RequestId: 1b63c35a-c732-53e6-ba11-a16bd366997b Version: $LATEST
",011337674220:/aws/lambda/cococash-pdf-maker,2026/03/15/[$LATEST]528aa744996a4e95b9ca5ac04c08d6dd
2026-03-15T20:10:16.068Z,"2026/03/15 20:10:16 Generating PDF for user=00000000-0000-0000-0000-000000000001 account=a0000000-0000-0000-0000-000000000001 period=2026-03 transactions=0
",011337674220:/aws/lambda/cococash-pdf-maker,2026/03/15/[$LATEST]528aa744996a4e95b9ca5ac04c08d6dd
2026-03-15T20:10:16.141Z,"2026/03/15 20:10:16 Uploaded PDF to s3://cococash-pdf-odb-011337674220/reportes/00000000-0000-0000-0000-000000000001/2026/03/extracto.pdf
",011337674220:/aws/lambda/cococash-pdf-maker,2026/03/15/[$LATEST]528aa744996a4e95b9ca5ac04c08d6dd
2026-03-15T20:10:16.143Z,"END RequestId: 1b63c35a-c732-53e6-ba11-a16bd366997b
",011337674220:/aws/lambda/cococash-pdf-maker,2026/03/15/[$LATEST]528aa744996a4e95b9ca5ac04c08d6dd
2026-03-15T20:10:16.143Z,"REPORT RequestId: 1b63c35a-c732-53e6-ba11-a16bd366997b	Duration: 74.22 ms	Billed Duration: 75 ms	Memory Size: 256 MB	Max Memory Used: 32 MB	
",011337674220:/aws/lambda/cococash-pdf-maker,2026/03/15/[$LATEST]528aa744996a4e95b9ca5ac04c08d6dd
2026-03-15T20:10:16.103Z,"START RequestId: 8aee0d0b-9cbb-5283-9680-6f3a88ef20c2 Version: $LATEST
",011337674220:/aws/lambda/cococash-pdf-maker,2026/03/15/[$LATEST]024661ad47e24db39e4e4702db408b3e
2026-03-15T20:10:16.104Z,"2026/03/15 20:10:16 Generating PDF for user=b4086408-f091-70c7-1cae-fbf6dea2c607 account=937c9f9e-5df2-4f7e-86f2-002bce00f354 period=2026-03 transactions=4
",011337674220:/aws/lambda/cococash-pdf-maker,2026/03/15/[$LATEST]024661ad47e24db39e4e4702db408b3e
2026-03-15T20:10:16.180Z,"2026/03/15 20:10:16 Uploaded PDF to s3://cococash-pdf-odb-011337674220/reportes/b4086408-f091-70c7-1cae-fbf6dea2c607/2026/03/extracto.pdf
",011337674220:/aws/lambda/cococash-pdf-maker,2026/03/15/[$LATEST]024661ad47e24db39e4e4702db408b3e
2026-03-15T20:10:16.181Z,"END RequestId: 8aee0d0b-9cbb-5283-9680-6f3a88ef20c2
",011337674220:/aws/lambda/cococash-pdf-maker,2026/03/15/[$LATEST]024661ad47e24db39e4e4702db408b3e
2026-03-15T20:10:16.181Z,"REPORT RequestId: 8aee0d0b-9cbb-5283-9680-6f3a88ef20c2	Duration: 77.93 ms	Billed Duration: 78 ms	Memory Size: 256 MB	Max Memory Used: 32 MB	
",011337674220:/aws/lambda/cococash-pdf-maker,2026/03/15/[$LATEST]024661ad47e24db39e4e4702db408b3e
2026-03-15T20:10:16.115Z,"START RequestId: 9d753059-43e0-5282-9500-526857b4982a Version: $LATEST
",011337674220:/aws/lambda/cococash-pdf-maker,2026/03/15/[$LATEST]cf23b45679304821b3c966368a552e3d
2026-03-15T20:10:16.148Z,"2026/03/15 20:10:16 Generating PDF for user=94180498-80b1-70c6-aa12-1b5de6f27bbb account=8f4fc671-ebc7-489f-b2b2-287c5e1538e2 period=2026-03 transactions=4
",011337674220:/aws/lambda/cococash-pdf-maker,2026/03/15/[$LATEST]cf23b45679304821b3c966368a552e3d
2026-03-15T20:10:16.281Z,"2026/03/15 20:10:16 Uploaded PDF to s3://cococash-pdf-odb-011337674220/reportes/94180498-80b1-70c6-aa12-1b5de6f27bbb/2026/03/extracto.pdf
",011337674220:/aws/lambda/cococash-pdf-maker,2026/03/15/[$LATEST]cf23b45679304821b3c966368a552e3d
2026-03-15T20:10:16.282Z,"END RequestId: 9d753059-43e0-5282-9500-526857b4982a
",011337674220:/aws/lambda/cococash-pdf-maker,2026/03/15/[$LATEST]cf23b45679304821b3c966368a552e3d
2026-03-15T20:10:16.282Z,"REPORT RequestId: 9d753059-43e0-5282-9500-526857b4982a	Duration: 168.51 ms	Billed Duration: 169 ms	Memory Size: 256 MB	Max Memory Used: 32 MB	
",011337674220:/aws/lambda/cococash-pdf-maker,2026/03/15/[$LATEST]cf23b45679304821b3c966368a552e3d
2026-03-15T20:10:44.548Z,"10.0.1.20 - - [15/Mar/2026:20:10:44 +0000] ""GET / HTTP/1.1"" 200 459 ""-"" ""ELB-HealthChecker/2.0"" ""-""",011337674220:/ecs/cococash-wfe,wfe/wfe/c88d236c7466456d9645d055b1a3262e
2026-03-15T20:10:47.313Z,"10.0.4.151 - - [15/Mar/2026:20:10:47 +0000] ""GET / HTTP/1.1"" 200 459 ""-"" ""ELB-HealthChecker/2.0"" ""-""",011337674220:/ecs/cococash-wfe,wfe/wfe/c88d236c7466456d9645d055b1a3262e
2026-03-15T20:10:15.838Z,"{""httpMethod"":""GET"",""integrationError"":""-"",""ip"":""13.216.212.172"",""protocol"":""HTTP/1.1"",""requestId"":""aR_GSgNloAMES1A="",""requestTime"":""15/Mar/2026:20:10:15 +0000"",""responseLength"":""821"",""routeKey"":""GET /v1/accounts/all"",""status"":""200""}",011337674220:/apigateway/cococash-api,1klwe2emka_.default-2026-03-15-20-10
2026-03-15T20:10:47.312Z,"10.0.4.151 - - [15/Mar/2026:20:10:47 +0000] ""GET / HTTP/1.1"" 200 459 ""-"" ""ELB-HealthChecker/2.0"" ""-""",011337674220:/ecs/cococash-wfe,wfe/wfe/20973f81ed264592b429b2332dd43237
2026-03-15T20:10:49.845Z,"10.0.1.20 - - [15/Mar/2026:20:10:49 +0000] ""GET / HTTP/1.1"" 200 459 ""-"" ""ELB-HealthChecker/2.0"" ""-""",011337674220:/ecs/cococash-wfe,wfe/wfe/20973f81ed264592b429b2332dd43237
2026-03-15T20:11:15.826Z,2026/03/15 20:11:15 Processing report batch: 3 accounts for period 2026-03,011337674220:/ecs/cococash-transaction,transaction/transaction-ms/429b0449b543441c8b399439fbb31f40
2026-03-15T20:11:15.851Z,2026/03/15 20:11:15 Found 0 transactions for user=00000000-0000-0000-0000-000000000001 period=2026-03,011337674220:/ecs/cococash-transaction,transaction/transaction-ms/429b0449b543441c8b399439fbb31f40
2026-03-15T20:11:15.876Z,2026/03/15 20:11:15 Published consolidated report for user=00000000-0000-0000-0000-000000000001 period=2026-03 (0 txns),011337674220:/ecs/cococash-transaction,transaction/transaction-ms/429b0449b543441c8b399439fbb31f40
2026-03-15T20:11:15.879Z,2026/03/15 20:11:15 Found 4 transactions for user=b4086408-f091-70c7-1cae-fbf6dea2c607 period=2026-03,011337674220:/ecs/cococash-transaction,transaction/transaction-ms/429b0449b543441c8b399439fbb31f40
2026-03-15T20:11:15.890Z,2026/03/15 20:11:15 Published consolidated report for user=b4086408-f091-70c7-1cae-fbf6dea2c607 period=2026-03 (4 txns),011337674220:/ecs/cococash-transaction,transaction/transaction-ms/429b0449b543441c8b399439fbb31f40
2026-03-15T20:11:15.894Z,2026/03/15 20:11:15 Found 4 transactions for user=94180498-80b1-70c6-aa12-1b5de6f27bbb period=2026-03,011337674220:/ecs/cococash-transaction,transaction/transaction-ms/429b0449b543441c8b399439fbb31f40
2026-03-15T20:11:15.945Z,2026/03/15 20:11:15 Published consolidated report for user=94180498-80b1-70c6-aa12-1b5de6f27bbb period=2026-03 (4 txns),011337674220:/ecs/cococash-transaction,transaction/transaction-ms/429b0449b543441c8b399439fbb31f40
2026-03-15T20:11:14.557Z,"10.0.1.20 - - [15/Mar/2026:20:11:14 +0000] ""GET / HTTP/1.1"" 200 459 ""-"" ""ELB-HealthChecker/2.0"" ""-""",011337674220:/ecs/cococash-wfe,wfe/wfe/c88d236c7466456d9645d055b1a3262e
2026-03-15T20:11:17.340Z,"10.0.4.151 - - [15/Mar/2026:20:11:17 +0000] ""GET / HTTP/1.1"" 200 459 ""-"" ""ELB-HealthChecker/2.0"" ""-""",011337674220:/ecs/cococash-wfe,wfe/wfe/c88d236c7466456d9645d055b1a3262e
2026-03-15T20:11:17.340Z,"10.0.4.151 - - [15/Mar/2026:20:11:17 +0000] ""GET / HTTP/1.1"" 200 459 ""-"" ""ELB-HealthChecker/2.0"" ""-""",011337674220:/ecs/cococash-wfe,wfe/wfe/20973f81ed264592b429b2332dd43237
2026-03-15T20:11:19.851Z,"10.0.1.20 - - [15/Mar/2026:20:11:19 +0000] ""GET / HTTP/1.1"" 200 459 ""-"" ""ELB-HealthChecker/2.0"" ""-""",011337674220:/ecs/cococash-wfe,wfe/wfe/20973f81ed264592b429b2332dd43237
2026-03-15T20:11:15.731Z,"START RequestId: aeb10943-b8ed-4459-bc70-a6f595ab2580 Version: $LATEST
",011337674220:/aws/lambda/cococash-get-accounts,2026/03/15/[$LATEST]fd4495ceb84c41f79d880be87688ec26
2026-03-15T20:11:15.745Z,"2026/03/15 20:11:15 Starting report generation for period: 2026-03
",011337674220:/aws/lambda/cococash-get-accounts,2026/03/15/[$LATEST]fd4495ceb84c41f79d880be87688ec26
2026-03-15T20:11:15.770Z,"2026/03/15 20:11:15 Fetched 3 active accounts
",011337674220:/aws/lambda/cococash-get-accounts,2026/03/15/[$LATEST]fd4495ceb84c41f79d880be87688ec26
2026-03-15T20:11:15.800Z,"2026/03/15 20:11:15 Published batch 1 (3 accounts)
",011337674220:/aws/lambda/cococash-get-accounts,2026/03/15/[$LATEST]fd4495ceb84c41f79d880be87688ec26
2026-03-15T20:11:15.800Z,"2026/03/15 20:11:15 Completed: published 1 batches for 3 accounts, period 2026-03
",011337674220:/aws/lambda/cococash-get-accounts,2026/03/15/[$LATEST]fd4495ceb84c41f79d880be87688ec26
2026-03-15T20:11:15.806Z,"END RequestId: aeb10943-b8ed-4459-bc70-a6f595ab2580
",011337674220:/aws/lambda/cococash-get-accounts,2026/03/15/[$LATEST]fd4495ceb84c41f79d880be87688ec26
2026-03-15T20:11:15.806Z,"REPORT RequestId: aeb10943-b8ed-4459-bc70-a6f595ab2580	Duration: 74.00 ms	Billed Duration: 75 ms	Memory Size: 128 MB	Max Memory Used: 30 MB	
",011337674220:/aws/lambda/cococash-get-accounts,2026/03/15/[$LATEST]fd4495ceb84c41f79d880be87688ec26
2026-03-15T20:11:15.927Z,"START RequestId: 5a8cc03d-79cd-5292-8f06-a20c6d5dd642 Version: $LATEST
",011337674220:/aws/lambda/cococash-pdf-maker,2026/03/15/[$LATEST]024661ad47e24db39e4e4702db408b3e
2026-03-15T20:11:15.928Z,"2026/03/15 20:11:15 Generating PDF for user=b4086408-f091-70c7-1cae-fbf6dea2c607 account=937c9f9e-5df2-4f7e-86f2-002bce00f354 period=2026-03 transactions=4
",011337674220:/aws/lambda/cococash-pdf-maker,2026/03/15/[$LATEST]024661ad47e24db39e4e4702db408b3e
2026-03-15T20:11:16.018Z,"2026/03/15 20:11:16 Uploaded PDF to s3://cococash-pdf-odb-011337674220/reportes/b4086408-f091-70c7-1cae-fbf6dea2c607/2026/03/extracto.pdf
",011337674220:/aws/lambda/cococash-pdf-maker,2026/03/15/[$LATEST]024661ad47e24db39e4e4702db408b3e
2026-03-15T20:11:16.020Z,"END RequestId: 5a8cc03d-79cd-5292-8f06-a20c6d5dd642
",011337674220:/aws/lambda/cococash-pdf-maker,2026/03/15/[$LATEST]024661ad47e24db39e4e4702db408b3e
2026-03-15T20:11:16.020Z,"REPORT RequestId: 5a8cc03d-79cd-5292-8f06-a20c6d5dd642	Duration: 92.18 ms	Billed Duration: 93 ms	Memory Size: 256 MB	Max Memory Used: 32 MB	
",011337674220:/aws/lambda/cococash-pdf-maker,2026/03/15/[$LATEST]024661ad47e24db39e4e4702db408b3e
2026-03-15T20:11:15.926Z,"START RequestId: 7e8e3ba1-0d62-5610-a17b-599019f24cb8 Version: $LATEST
",011337674220:/aws/lambda/cococash-pdf-maker,2026/03/15/[$LATEST]cf23b45679304821b3c966368a552e3d
2026-03-15T20:11:15.927Z,"2026/03/15 20:11:15 Generating PDF for user=00000000-0000-0000-0000-000000000001 account=a0000000-0000-0000-0000-000000000001 period=2026-03 transactions=0
",011337674220:/aws/lambda/cococash-pdf-maker,2026/03/15/[$LATEST]cf23b45679304821b3c966368a552e3d
2026-03-15T20:11:17.832Z,"2026/03/15 20:11:17 Uploaded PDF to s3://cococash-pdf-odb-011337674220/reportes/00000000-0000-0000-0000-000000000001/2026/03/extracto.pdf
",011337674220:/aws/lambda/cococash-pdf-maker,2026/03/15/[$LATEST]cf23b45679304821b3c966368a552e3d
2026-03-15T20:11:17.833Z,"END RequestId: 7e8e3ba1-0d62-5610-a17b-599019f24cb8
",011337674220:/aws/lambda/cococash-pdf-maker,2026/03/15/[$LATEST]cf23b45679304821b3c966368a552e3d
2026-03-15T20:11:17.833Z,"REPORT RequestId: 7e8e3ba1-0d62-5610-a17b-599019f24cb8	Duration: 1907.27 ms	Billed Duration: 1908 ms	Memory Size: 256 MB	Max Memory Used: 32 MB	
",011337674220:/aws/lambda/cococash-pdf-maker,2026/03/15/[$LATEST]cf23b45679304821b3c966368a552e3d
2026-03-15T20:11:35.995Z,"START RequestId: 5c4ae211-b0e4-5670-896f-8020a4747ced Version: $LATEST
",011337674220:/aws/lambda/cococash-pdf-maker,2026/03/15/[$LATEST]cf23b45679304821b3c966368a552e3d
2026-03-15T20:11:35.996Z,"2026/03/15 20:11:35 Generating PDF for user=94180498-80b1-70c6-aa12-1b5de6f27bbb account=8f4fc671-ebc7-489f-b2b2-287c5e1538e2 period=2026-03 transactions=4
",011337674220:/aws/lambda/cococash-pdf-maker,2026/03/15/[$LATEST]cf23b45679304821b3c966368a552e3d
2026-03-15T20:11:36.061Z,"2026/03/15 20:11:36 Uploaded PDF to s3://cococash-pdf-odb-011337674220/reportes/94180498-80b1-70c6-aa12-1b5de6f27bbb/2026/03/extracto.pdf
",011337674220:/aws/lambda/cococash-pdf-maker,2026/03/15/[$LATEST]cf23b45679304821b3c966368a552e3d
2026-03-15T20:11:36.062Z,"END RequestId: 5c4ae211-b0e4-5670-896f-8020a4747ced
",011337674220:/aws/lambda/cococash-pdf-maker,2026/03/15/[$LATEST]cf23b45679304821b3c966368a552e3d
2026-03-15T20:11:36.062Z,"REPORT RequestId: 5c4ae211-b0e4-5670-896f-8020a4747ced	Duration: 66.41 ms	Billed Duration: 67 ms	Memory Size: 256 MB	Max Memory Used: 32 MB	
",011337674220:/aws/lambda/cococash-pdf-maker,2026/03/15/[$LATEST]cf23b45679304821b3c966368a552e3d
2026-03-15T20:11:44.563Z,"10.0.1.20 - - [15/Mar/2026:20:11:44 +0000] ""GET / HTTP/1.1"" 200 459 ""-"" ""ELB-HealthChecker/2.0"" ""-""",011337674220:/ecs/cococash-wfe,wfe/wfe/c88d236c7466456d9645d055b1a3262e
2026-03-15T20:11:47.354Z,"10.0.4.151 - - [15/Mar/2026:20:11:47 +0000] ""GET / HTTP/1.1"" 200 459 ""-"" ""ELB-HealthChecker/2.0"" ""-""",011337674220:/ecs/cococash-wfe,wfe/wfe/c88d236c7466456d9645d055b1a3262e
2026-03-15T20:11:47.353Z,"10.0.4.151 - - [15/Mar/2026:20:11:47 +0000] ""GET / HTTP/1.1"" 200 459 ""-"" ""ELB-HealthChecker/2.0"" ""-""",011337674220:/ecs/cococash-wfe,wfe/wfe/20973f81ed264592b429b2332dd43237
2026-03-15T20:11:49.857Z,"10.0.1.20 - - [15/Mar/2026:20:11:49 +0000] ""GET / HTTP/1.1"" 200 459 ""-"" ""ELB-HealthChecker/2.0"" ""-""",011337674220:/ecs/cococash-wfe,wfe/wfe/20973f81ed264592b429b2332dd43237
2026-03-15T20:11:15.734Z,"{""httpMethod"":""GET"",""integrationError"":""-"",""ip"":""13.216.212.172"",""protocol"":""HTTP/1.1"",""requestId"":""aR_PpiuAIAMESmA="",""requestTime"":""15/Mar/2026:20:11:15 +0000"",""responseLength"":""821"",""routeKey"":""GET /v1/accounts/all"",""status"":""200""}",011337674220:/apigateway/cococash-api,1klwe2emka_.default-2026-03-15-20-11
2026-03-15T20:12:14.576Z,"10.0.1.20 - - [15/Mar/2026:20:12:14 +0000] ""GET / HTTP/1.1"" 200 459 ""-"" ""ELB-HealthChecker/2.0"" ""-""",011337674220:/ecs/cococash-wfe,wfe/wfe/c88d236c7466456d9645d055b1a3262e
2026-03-15T20:12:17.384Z,"10.0.4.151 - - [15/Mar/2026:20:12:17 +0000] ""GET / HTTP/1.1"" 200 459 ""-"" ""ELB-HealthChecker/2.0"" ""-""",011337674220:/ecs/cococash-wfe,wfe/wfe/c88d236c7466456d9645d055b1a3262e
2026-03-15T20:12:15.948Z,2026/03/15 20:12:15 Processing report batch: 3 accounts for period 2026-03,011337674220:/ecs/cococash-transaction,transaction/transaction-ms/16613d4aa3bc43eda88e56a626244b7c
2026-03-15T20:12:15.982Z,2026/03/15 20:12:15 Found 0 transactions for user=00000000-0000-0000-0000-000000000001 period=2026-03,011337674220:/ecs/cococash-transaction,transaction/transaction-ms/16613d4aa3bc43eda88e56a626244b7c
2026-03-15T20:12:16.022Z,2026/03/15 20:12:16 Published consolidated report for user=00000000-0000-0000-0000-000000000001 period=2026-03 (0 txns),011337674220:/ecs/cococash-transaction,transaction/transaction-ms/16613d4aa3bc43eda88e56a626244b7c
2026-03-15T20:12:16.025Z,2026/03/15 20:12:16 Found 4 transactions for user=b4086408-f091-70c7-1cae-fbf6dea2c607 period=2026-03,011337674220:/ecs/cococash-transaction,transaction/transaction-ms/16613d4aa3bc43eda88e56a626244b7c
2026-03-15T20:12:16.037Z,2026/03/15 20:12:16 Published consolidated report for user=b4086408-f091-70c7-1cae-fbf6dea2c607 period=2026-03 (4 txns),011337674220:/ecs/cococash-transaction,transaction/transaction-ms/16613d4aa3bc43eda88e56a626244b7c
2026-03-15T20:12:16.040Z,2026/03/15 20:12:16 Found 4 transactions for user=94180498-80b1-70c6-aa12-1b5de6f27bbb period=2026-03,011337674220:/ecs/cococash-transaction,transaction/transaction-ms/16613d4aa3bc43eda88e56a626244b7c
2026-03-15T20:12:16.053Z,2026/03/15 20:12:16 Published consolidated report for user=94180498-80b1-70c6-aa12-1b5de6f27bbb period=2026-03 (4 txns),011337674220:/ecs/cococash-transaction,transaction/transaction-ms/16613d4aa3bc43eda88e56a626244b7c
2026-03-15T20:12:17.384Z,"10.0.4.151 - - [15/Mar/2026:20:12:17 +0000] ""GET / HTTP/1.1"" 200 459 ""-"" ""ELB-HealthChecker/2.0"" ""-""",011337674220:/ecs/cococash-wfe,wfe/wfe/20973f81ed264592b429b2332dd43237
2026-03-15T20:12:19.861Z,"10.0.1.20 - - [15/Mar/2026:20:12:19 +0000] ""GET / HTTP/1.1"" 200 459 ""-"" ""ELB-HealthChecker/2.0"" ""-""",011337674220:/ecs/cococash-wfe,wfe/wfe/20973f81ed264592b429b2332dd43237
2026-03-15T20:12:15.777Z,"START RequestId: d36a0d67-79c4-47d8-9403-8f44dbbd7717 Version: $LATEST
",011337674220:/aws/lambda/cococash-get-accounts,2026/03/15/[$LATEST]fd4495ceb84c41f79d880be87688ec26
2026-03-15T20:12:15.788Z,"2026/03/15 20:12:15 Starting report generation for period: 2026-03
",011337674220:/aws/lambda/cococash-get-accounts,2026/03/15/[$LATEST]fd4495ceb84c41f79d880be87688ec26
2026-03-15T20:12:15.832Z,"2026/03/15 20:12:15 Fetched 3 active accounts
",011337674220:/aws/lambda/cococash-get-accounts,2026/03/15/[$LATEST]fd4495ceb84c41f79d880be87688ec26
2026-03-15T20:12:15.920Z,"2026/03/15 20:12:15 Published batch 1 (3 accounts)
",011337674220:/aws/lambda/cococash-get-accounts,2026/03/15/[$LATEST]fd4495ceb84c41f79d880be87688ec26
2026-03-15T20:12:15.920Z,"2026/03/15 20:12:15 Completed: published 1 batches for 3 accounts, period 2026-03
",011337674220:/aws/lambda/cococash-get-accounts,2026/03/15/[$LATEST]fd4495ceb84c41f79d880be87688ec26
2026-03-15T20:12:15.921Z,"END RequestId: d36a0d67-79c4-47d8-9403-8f44dbbd7717
",011337674220:/aws/lambda/cococash-get-accounts,2026/03/15/[$LATEST]fd4495ceb84c41f79d880be87688ec26
2026-03-15T20:12:15.921Z,"REPORT RequestId: d36a0d67-79c4-47d8-9403-8f44dbbd7717	Duration: 143.86 ms	Billed Duration: 144 ms	Memory Size: 128 MB	Max Memory Used: 30 MB	
",011337674220:/aws/lambda/cococash-get-accounts,2026/03/15/[$LATEST]fd4495ceb84c41f79d880be87688ec26
2026-03-15T20:12:16.119Z,"START RequestId: 463fe4f0-96b8-5b72-a6fe-86c18274fdb8 Version: $LATEST
",011337674220:/aws/lambda/cococash-pdf-maker,2026/03/15/[$LATEST]cf23b45679304821b3c966368a552e3d
2026-03-15T20:12:16.120Z,"2026/03/15 20:12:16 Generating PDF for user=b4086408-f091-70c7-1cae-fbf6dea2c607 account=937c9f9e-5df2-4f7e-86f2-002bce00f354 period=2026-03 transactions=4
",011337674220:/aws/lambda/cococash-pdf-maker,2026/03/15/[$LATEST]cf23b45679304821b3c966368a552e3d
2026-03-15T20:12:16.214Z,"2026/03/15 20:12:16 Uploaded PDF to s3://cococash-pdf-odb-011337674220/reportes/b4086408-f091-70c7-1cae-fbf6dea2c607/2026/03/extracto.pdf
",011337674220:/aws/lambda/cococash-pdf-maker,2026/03/15/[$LATEST]cf23b45679304821b3c966368a552e3d
2026-03-15T20:12:16.216Z,"END RequestId: 463fe4f0-96b8-5b72-a6fe-86c18274fdb8
",011337674220:/aws/lambda/cococash-pdf-maker,2026/03/15/[$LATEST]cf23b45679304821b3c966368a552e3d
2026-03-15T20:12:16.216Z,"REPORT RequestId: 463fe4f0-96b8-5b72-a6fe-86c18274fdb8	Duration: 96.70 ms	Billed Duration: 97 ms	Memory Size: 256 MB	Max Memory Used: 32 MB	
",011337674220:/aws/lambda/cococash-pdf-maker,2026/03/15/[$LATEST]cf23b45679304821b3c966368a552e3d
2026-03-15T20:12:16.282Z,"START RequestId: 45760ccc-dd4e-5af6-b334-6efdc99eb05e Version: $LATEST
",011337674220:/aws/lambda/cococash-pdf-maker,2026/03/15/[$LATEST]cf23b45679304821b3c966368a552e3d
2026-03-15T20:12:16.282Z,"2026/03/15 20:12:16 Generating PDF for user=00000000-0000-0000-0000-000000000001 account=a0000000-0000-0000-0000-000000000001 period=2026-03 transactions=0
",011337674220:/aws/lambda/cococash-pdf-maker,2026/03/15/[$LATEST]cf23b45679304821b3c966368a552e3d
2026-03-15T20:12:16.305Z,"2026/03/15 20:12:16 Uploaded PDF to s3://cococash-pdf-odb-011337674220/reportes/00000000-0000-0000-0000-000000000001/2026/03/extracto.pdf
",011337674220:/aws/lambda/cococash-pdf-maker,2026/03/15/[$LATEST]cf23b45679304821b3c966368a552e3d
2026-03-15T20:12:16.306Z,"END RequestId: 45760ccc-dd4e-5af6-b334-6efdc99eb05e
",011337674220:/aws/lambda/cococash-pdf-maker,2026/03/15/[$LATEST]cf23b45679304821b3c966368a552e3d
2026-03-15T20:12:16.306Z,"REPORT RequestId: 45760ccc-dd4e-5af6-b334-6efdc99eb05e	Duration: 23.97 ms	Billed Duration: 24 ms	Memory Size: 256 MB	Max Memory Used: 32 MB	
",011337674220:/aws/lambda/cococash-pdf-maker,2026/03/15/[$LATEST]cf23b45679304821b3c966368a552e3d
2026-03-15T20:12:23.470Z,"10.0.4.151 - - [15/Mar/2026:20:12:23 +0000] ""GET / HTTP/1.1"" 200 459 ""-"" ""Hello from Palo Alto Networks, find out more about our scans in https://docs-cortex.paloaltonetworks.com/r/1/Cortex-Xpanse/Scanning-activity"" ""205.210.31.6""",011337674220:/ecs/cococash-wfe,wfe/wfe/c88d236c7466456d9645d055b1a3262e
2026-03-15T20:12:36.098Z,"START RequestId: 21f972ff-3ff7-5b3b-ab00-10ce2b3ba7d8 Version: $LATEST
",011337674220:/aws/lambda/cococash-pdf-maker,2026/03/15/[$LATEST]cf23b45679304821b3c966368a552e3d
2026-03-15T20:12:36.099Z,"2026/03/15 20:12:36 Generating PDF for user=94180498-80b1-70c6-aa12-1b5de6f27bbb account=8f4fc671-ebc7-489f-b2b2-287c5e1538e2 period=2026-03 transactions=4
",011337674220:/aws/lambda/cococash-pdf-maker,2026/03/15/[$LATEST]cf23b45679304821b3c966368a552e3d
2026-03-15T20:12:36.175Z,"2026/03/15 20:12:36 Uploaded PDF to s3://cococash-pdf-odb-011337674220/reportes/94180498-80b1-70c6-aa12-1b5de6f27bbb/2026/03/extracto.pdf
",011337674220:/aws/lambda/cococash-pdf-maker,2026/03/15/[$LATEST]cf23b45679304821b3c966368a552e3d
2026-03-15T20:12:36.177Z,"END RequestId: 21f972ff-3ff7-5b3b-ab00-10ce2b3ba7d8
",011337674220:/aws/lambda/cococash-pdf-maker,2026/03/15/[$LATEST]cf23b45679304821b3c966368a552e3d
2026-03-15T20:12:36.177Z,"REPORT RequestId: 21f972ff-3ff7-5b3b-ab00-10ce2b3ba7d8	Duration: 78.35 ms	Billed Duration: 79 ms	Memory Size: 256 MB	Max Memory Used: 32 MB	
",011337674220:/aws/lambda/cococash-pdf-maker,2026/03/15/[$LATEST]cf23b45679304821b3c966368a552e3d
2026-03-15T20:12:15.789Z,"{""httpMethod"":""GET"",""integrationError"":""-"",""ip"":""13.216.212.172"",""protocol"":""HTTP/1.1"",""requestId"":""aR_ZBjTNoAMEakQ="",""requestTime"":""15/Mar/2026:20:12:15 +0000"",""responseLength"":""821"",""routeKey"":""GET /v1/accounts/all"",""status"":""200""}",011337674220:/apigateway/cococash-api,1klwe2emka_.default-2026-03-15-20-12
2026-03-15T20:12:44.602Z,"10.0.1.20 - - [15/Mar/2026:20:12:44 +0000] ""GET / HTTP/1.1"" 200 459 ""-"" ""ELB-HealthChecker/2.0"" ""-""",011337674220:/ecs/cococash-wfe,wfe/wfe/c88d236c7466456d9645d055b1a3262e
2026-03-15T20:12:47.415Z,"10.0.4.151 - - [15/Mar/2026:20:12:47 +0000] ""GET / HTTP/1.1"" 200 459 ""-"" ""ELB-HealthChecker/2.0"" ""-""",011337674220:/ecs/cococash-wfe,wfe/wfe/c88d236c7466456d9645d055b1a3262e
2026-03-15T20:12:47.414Z,"10.0.4.151 - - [15/Mar/2026:20:12:47 +0000] ""GET / HTTP/1.1"" 200 459 ""-"" ""ELB-HealthChecker/2.0"" ""-""",011337674220:/ecs/cococash-wfe,wfe/wfe/20973f81ed264592b429b2332dd43237
2026-03-15T20:12:49.867Z,"10.0.1.20 - - [15/Mar/2026:20:12:49 +0000] ""GET / HTTP/1.1"" 200 459 ""-"" ""ELB-HealthChecker/2.0"" ""-""",011337674220:/ecs/cococash-wfe,wfe/wfe/20973f81ed264592b429b2332dd43237
2026-03-15T20:13:16.041Z,2026/03/15 20:13:16 Processing report batch: 3 accounts for period 2026-03,011337674220:/ecs/cococash-transaction,transaction/transaction-ms/429b0449b543441c8b399439fbb31f40
2026-03-15T20:13:16.070Z,2026/03/15 20:13:16 Found 0 transactions for user=00000000-0000-0000-0000-000000000001 period=2026-03,011337674220:/ecs/cococash-transaction,transaction/transaction-ms/429b0449b543441c8b399439fbb31f40
2026-03-15T20:13:16.108Z,2026/03/15 20:13:16 Published consolidated report for user=00000000-0000-0000-0000-000000000001 period=2026-03 (0 txns),011337674220:/ecs/cococash-transaction,transaction/transaction-ms/429b0449b543441c8b399439fbb31f40
2026-03-15T20:13:16.111Z,2026/03/15 20:13:16 Found 4 transactions for user=b4086408-f091-70c7-1cae-fbf6dea2c607 period=2026-03,011337674220:/ecs/cococash-transaction,transaction/transaction-ms/429b0449b543441c8b399439fbb31f40
2026-03-15T20:13:16.121Z,2026/03/15 20:13:16 Published consolidated report for user=b4086408-f091-70c7-1cae-fbf6dea2c607 period=2026-03 (4 txns),011337674220:/ecs/cococash-transaction,transaction/transaction-ms/429b0449b543441c8b399439fbb31f40
2026-03-15T20:13:16.125Z,2026/03/15 20:13:16 Found 4 transactions for user=94180498-80b1-70c6-aa12-1b5de6f27bbb period=2026-03,011337674220:/ecs/cococash-transaction,transaction/transaction-ms/429b0449b543441c8b399439fbb31f40
2026-03-15T20:13:16.136Z,2026/03/15 20:13:16 Published consolidated report for user=94180498-80b1-70c6-aa12-1b5de6f27bbb period=2026-03 (4 txns),011337674220:/ecs/cococash-transaction,transaction/transaction-ms/429b0449b543441c8b399439fbb31f40
2026-03-15T20:13:14.612Z,"10.0.1.20 - - [15/Mar/2026:20:13:14 +0000] ""GET / HTTP/1.1"" 200 459 ""-"" ""ELB-HealthChecker/2.0"" ""-""",011337674220:/ecs/cococash-wfe,wfe/wfe/c88d236c7466456d9645d055b1a3262e
2026-03-15T20:13:17.432Z,"10.0.4.151 - - [15/Mar/2026:20:13:17 +0000] ""GET / HTTP/1.1"" 200 459 ""-"" ""ELB-HealthChecker/2.0"" ""-""",011337674220:/ecs/cococash-wfe,wfe/wfe/c88d236c7466456d9645d055b1a3262e
2026-03-15T20:13:17.432Z,"10.0.4.151 - - [15/Mar/2026:20:13:17 +0000] ""GET / HTTP/1.1"" 200 459 ""-"" ""ELB-HealthChecker/2.0"" ""-""",011337674220:/ecs/cococash-wfe,wfe/wfe/20973f81ed264592b429b2332dd43237
2026-03-15T20:13:19.873Z,"10.0.1.20 - - [15/Mar/2026:20:13:19 +0000] ""GET / HTTP/1.1"" 200 459 ""-"" ""ELB-HealthChecker/2.0"" ""-""",011337674220:/ecs/cococash-wfe,wfe/wfe/20973f81ed264592b429b2332dd43237
2026-03-15T20:13:15.912Z,"START RequestId: a635ef83-78ce-4034-804d-bb41b2c43467 Version: $LATEST
",011337674220:/aws/lambda/cococash-get-accounts,2026/03/15/[$LATEST]fd4495ceb84c41f79d880be87688ec26
2026-03-15T20:13:15.913Z,"2026/03/15 20:13:15 Starting report generation for period: 2026-03
",011337674220:/aws/lambda/cococash-get-accounts,2026/03/15/[$LATEST]fd4495ceb84c41f79d880be87688ec26
2026-03-15T20:13:15.956Z,"2026/03/15 20:13:15 Fetched 3 active accounts
",011337674220:/aws/lambda/cococash-get-accounts,2026/03/15/[$LATEST]fd4495ceb84c41f79d880be87688ec26
2026-03-15T20:13:16.015Z,"2026/03/15 20:13:16 Published batch 1 (3 accounts)
",011337674220:/aws/lambda/cococash-get-accounts,2026/03/15/[$LATEST]fd4495ceb84c41f79d880be87688ec26
2026-03-15T20:13:16.015Z,"2026/03/15 20:13:16 Completed: published 1 batches for 3 accounts, period 2026-03
",011337674220:/aws/lambda/cococash-get-accounts,2026/03/15/[$LATEST]fd4495ceb84c41f79d880be87688ec26
2026-03-15T20:13:16.016Z,"END RequestId: a635ef83-78ce-4034-804d-bb41b2c43467
",011337674220:/aws/lambda/cococash-get-accounts,2026/03/15/[$LATEST]fd4495ceb84c41f79d880be87688ec26
2026-03-15T20:13:16.016Z,"REPORT RequestId: a635ef83-78ce-4034-804d-bb41b2c43467	Duration: 103.67 ms	Billed Duration: 104 ms	Memory Size: 128 MB	Max Memory Used: 30 MB	
",011337674220:/aws/lambda/cococash-get-accounts,2026/03/15/[$LATEST]fd4495ceb84c41f79d880be87688ec26
2026-03-15T20:13:16.162Z,"START RequestId: 5dfd39e8-fdf5-53ad-b04c-5bd9e8fdc029 Version: $LATEST
",011337674220:/aws/lambda/cococash-pdf-maker,2026/03/15/[$LATEST]cf23b45679304821b3c966368a552e3d
2026-03-15T20:13:16.170Z,"2026/03/15 20:13:16 Generating PDF for user=b4086408-f091-70c7-1cae-fbf6dea2c607 account=937c9f9e-5df2-4f7e-86f2-002bce00f354 period=2026-03 transactions=4
",011337674220:/aws/lambda/cococash-pdf-maker,2026/03/15/[$LATEST]cf23b45679304821b3c966368a552e3d
2026-03-15T20:13:16.242Z,"2026/03/15 20:13:16 Uploaded PDF to s3://cococash-pdf-odb-011337674220/reportes/b4086408-f091-70c7-1cae-fbf6dea2c607/2026/03/extracto.pdf
",011337674220:/aws/lambda/cococash-pdf-maker,2026/03/15/[$LATEST]cf23b45679304821b3c966368a552e3d
2026-03-15T20:13:16.243Z,"END RequestId: 5dfd39e8-fdf5-53ad-b04c-5bd9e8fdc029
",011337674220:/aws/lambda/cococash-pdf-maker,2026/03/15/[$LATEST]cf23b45679304821b3c966368a552e3d
2026-03-15T20:13:16.243Z,"REPORT RequestId: 5dfd39e8-fdf5-53ad-b04c-5bd9e8fdc029	Duration: 80.92 ms	Billed Duration: 81 ms	Memory Size: 256 MB	Max Memory Used: 32 MB	
",011337674220:/aws/lambda/cococash-pdf-maker,2026/03/15/[$LATEST]cf23b45679304821b3c966368a552e3d
2026-03-15T20:13:16.186Z,"START RequestId: 2eac63fa-371e-5b73-9a6e-01cb221681ee Version: $LATEST
",011337674220:/aws/lambda/cococash-pdf-maker,2026/03/15/[$LATEST]024661ad47e24db39e4e4702db408b3e
2026-03-15T20:13:16.189Z,"2026/03/15 20:13:16 Generating PDF for user=94180498-80b1-70c6-aa12-1b5de6f27bbb account=8f4fc671-ebc7-489f-b2b2-287c5e1538e2 period=2026-03 transactions=4
",011337674220:/aws/lambda/cococash-pdf-maker,2026/03/15/[$LATEST]024661ad47e24db39e4e4702db408b3e
2026-03-15T20:13:16.533Z,"2026/03/15 20:13:16 Uploaded PDF to s3://cococash-pdf-odb-011337674220/reportes/94180498-80b1-70c6-aa12-1b5de6f27bbb/2026/03/extracto.pdf
",011337674220:/aws/lambda/cococash-pdf-maker,2026/03/15/[$LATEST]024661ad47e24db39e4e4702db408b3e
2026-03-15T20:13:16.535Z,"END RequestId: 2eac63fa-371e-5b73-9a6e-01cb221681ee
",011337674220:/aws/lambda/cococash-pdf-maker,2026/03/15/[$LATEST]024661ad47e24db39e4e4702db408b3e
2026-03-15T20:13:16.535Z,"REPORT RequestId: 2eac63fa-371e-5b73-9a6e-01cb221681ee	Duration: 348.64 ms	Billed Duration: 349 ms	Memory Size: 256 MB	Max Memory Used: 32 MB	
",011337674220:/aws/lambda/cococash-pdf-maker,2026/03/15/[$LATEST]024661ad47e24db39e4e4702db408b3e
2026-03-15T20:13:16.209Z,"START RequestId: ba16ae50-ed3c-5bcc-af87-cc61f834872f Version: $LATEST
",011337674220:/aws/lambda/cococash-pdf-maker,2026/03/15/[$LATEST]528aa744996a4e95b9ca5ac04c08d6dd
2026-03-15T20:13:16.211Z,"2026/03/15 20:13:16 Generating PDF for user=00000000-0000-0000-0000-000000000001 account=a0000000-0000-0000-0000-000000000001 period=2026-03 transactions=0
",011337674220:/aws/lambda/cococash-pdf-maker,2026/03/15/[$LATEST]528aa744996a4e95b9ca5ac04c08d6dd
2026-03-15T20:13:16.319Z,"2026/03/15 20:13:16 Uploaded PDF to s3://cococash-pdf-odb-011337674220/reportes/00000000-0000-0000-0000-000000000001/2026/03/extracto.pdf
",011337674220:/aws/lambda/cococash-pdf-maker,2026/03/15/[$LATEST]528aa744996a4e95b9ca5ac04c08d6dd
2026-03-15T20:13:16.321Z,"END RequestId: ba16ae50-ed3c-5bcc-af87-cc61f834872f
",011337674220:/aws/lambda/cococash-pdf-maker,2026/03/15/[$LATEST]528aa744996a4e95b9ca5ac04c08d6dd
2026-03-15T20:13:16.321Z,"REPORT RequestId: ba16ae50-ed3c-5bcc-af87-cc61f834872f	Duration: 111.43 ms	Billed Duration: 112 ms	Memory Size: 256 MB	Max Memory Used: 32 MB	
",011337674220:/aws/lambda/cococash-pdf-maker,2026/03/15/[$LATEST]528aa744996a4e95b9ca5ac04c08d6dd
2026-03-15T20:13:44.626Z,"10.0.1.20 - - [15/Mar/2026:20:13:44 +0000] ""GET / HTTP/1.1"" 200 459 ""-"" ""ELB-HealthChecker/2.0"" ""-""",011337674220:/ecs/cococash-wfe,wfe/wfe/c88d236c7466456d9645d055b1a3262e
2026-03-15T20:13:47.460Z,"10.0.4.151 - - [15/Mar/2026:20:13:47 +0000] ""GET / HTTP/1.1"" 200 459 ""-"" ""ELB-HealthChecker/2.0"" ""-""",011337674220:/ecs/cococash-wfe,wfe/wfe/c88d236c7466456d9645d055b1a3262e
2026-03-15T20:13:47.460Z,"10.0.4.151 - - [15/Mar/2026:20:13:47 +0000] ""GET / HTTP/1.1"" 200 459 ""-"" ""ELB-HealthChecker/2.0"" ""-""",011337674220:/ecs/cococash-wfe,wfe/wfe/20973f81ed264592b429b2332dd43237
2026-03-15T20:13:49.877Z,"10.0.1.20 - - [15/Mar/2026:20:13:49 +0000] ""GET / HTTP/1.1"" 200 459 ""-"" ""ELB-HealthChecker/2.0"" ""-""",011337674220:/ecs/cococash-wfe,wfe/wfe/20973f81ed264592b429b2332dd43237
2026-03-15T20:13:15.913Z,"{""httpMethod"":""GET"",""integrationError"":""-"",""ip"":""13.216.212.172"",""protocol"":""HTTP/1.1"",""requestId"":""aR_ibjKXIAMEafA="",""requestTime"":""15/Mar/2026:20:13:15 +0000"",""responseLength"":""821"",""routeKey"":""GET /v1/accounts/all"",""status"":""200""}",011337674220:/apigateway/cococash-api,1klwe2emka_.default-2026-03-15-20-13
2026-03-15T20:14:14.648Z,"10.0.1.20 - - [15/Mar/2026:20:14:14 +0000] ""GET / HTTP/1.1"" 200 459 ""-"" ""ELB-HealthChecker/2.0"" ""-""",011337674220:/ecs/cococash-wfe,wfe/wfe/c88d236c7466456d9645d055b1a3262e
2026-03-15T20:14:17.480Z,"10.0.4.151 - - [15/Mar/2026:20:14:17 +0000] ""GET / HTTP/1.1"" 200 459 ""-"" ""ELB-HealthChecker/2.0"" ""-""",011337674220:/ecs/cococash-wfe,wfe/wfe/c88d236c7466456d9645d055b1a3262e
2026-03-15T20:14:15.842Z,2026/03/15 20:14:15 Processing report batch: 3 accounts for period 2026-03,011337674220:/ecs/cococash-transaction,transaction/transaction-ms/16613d4aa3bc43eda88e56a626244b7c
2026-03-15T20:14:15.871Z,2026/03/15 20:14:15 Found 0 transactions for user=00000000-0000-0000-0000-000000000001 period=2026-03,011337674220:/ecs/cococash-transaction,transaction/transaction-ms/16613d4aa3bc43eda88e56a626244b7c
2026-03-15T20:14:15.904Z,2026/03/15 20:14:15 Published consolidated report for user=00000000-0000-0000-0000-000000000001 period=2026-03 (0 txns),011337674220:/ecs/cococash-transaction,transaction/transaction-ms/16613d4aa3bc43eda88e56a626244b7c
2026-03-15T20:14:15.907Z,2026/03/15 20:14:15 Found 4 transactions for user=b4086408-f091-70c7-1cae-fbf6dea2c607 period=2026-03,011337674220:/ecs/cococash-transaction,transaction/transaction-ms/16613d4aa3bc43eda88e56a626244b7c
2026-03-15T20:14:15.919Z,2026/03/15 20:14:15 Published consolidated report for user=b4086408-f091-70c7-1cae-fbf6dea2c607 period=2026-03 (4 txns),011337674220:/ecs/cococash-transaction,transaction/transaction-ms/16613d4aa3bc43eda88e56a626244b7c
2026-03-15T20:14:15.923Z,2026/03/15 20:14:15 Found 4 transactions for user=94180498-80b1-70c6-aa12-1b5de6f27bbb period=2026-03,011337674220:/ecs/cococash-transaction,transaction/transaction-ms/16613d4aa3bc43eda88e56a626244b7c
2026-03-15T20:14:15.939Z,2026/03/15 20:14:15 Published consolidated report for user=94180498-80b1-70c6-aa12-1b5de6f27bbb period=2026-03 (4 txns),011337674220:/ecs/cococash-transaction,transaction/transaction-ms/16613d4aa3bc43eda88e56a626244b7c
2026-03-15T20:14:17.480Z,"10.0.4.151 - - [15/Mar/2026:20:14:17 +0000] ""GET / HTTP/1.1"" 200 459 ""-"" ""ELB-HealthChecker/2.0"" ""-""",011337674220:/ecs/cococash-wfe,wfe/wfe/20973f81ed264592b429b2332dd43237
2026-03-15T20:14:19.883Z,"10.0.1.20 - - [15/Mar/2026:20:14:19 +0000] ""GET / HTTP/1.1"" 200 459 ""-"" ""ELB-HealthChecker/2.0"" ""-""",011337674220:/ecs/cococash-wfe,wfe/wfe/20973f81ed264592b429b2332dd43237
2026-03-15T20:14:15.738Z,"START RequestId: 96b09431-79a6-4f69-b95e-bdb0fb294d6f Version: $LATEST
",011337674220:/aws/lambda/cococash-get-accounts,2026/03/15/[$LATEST]fd4495ceb84c41f79d880be87688ec26
2026-03-15T20:14:15.739Z,"2026/03/15 20:14:15 Starting report generation for period: 2026-03
",011337674220:/aws/lambda/cococash-get-accounts,2026/03/15/[$LATEST]fd4495ceb84c41f79d880be87688ec26
2026-03-15T20:14:15.787Z,"2026/03/15 20:14:15 Fetched 3 active accounts
",011337674220:/aws/lambda/cococash-get-accounts,2026/03/15/[$LATEST]fd4495ceb84c41f79d880be87688ec26
2026-03-15T20:14:15.814Z,"2026/03/15 20:14:15 Published batch 1 (3 accounts)
",011337674220:/aws/lambda/cococash-get-accounts,2026/03/15/[$LATEST]fd4495ceb84c41f79d880be87688ec26
2026-03-15T20:14:15.814Z,"2026/03/15 20:14:15 Completed: published 1 batches for 3 accounts, period 2026-03
",011337674220:/aws/lambda/cococash-get-accounts,2026/03/15/[$LATEST]fd4495ceb84c41f79d880be87688ec26
2026-03-15T20:14:15.815Z,"END RequestId: 96b09431-79a6-4f69-b95e-bdb0fb294d6f
",011337674220:/aws/lambda/cococash-get-accounts,2026/03/15/[$LATEST]fd4495ceb84c41f79d880be87688ec26
2026-03-15T20:14:15.815Z,"REPORT RequestId: 96b09431-79a6-4f69-b95e-bdb0fb294d6f	Duration: 76.41 ms	Billed Duration: 77 ms	Memory Size: 128 MB	Max Memory Used: 30 MB	
",011337674220:/aws/lambda/cococash-get-accounts,2026/03/15/[$LATEST]fd4495ceb84c41f79d880be87688ec26
2026-03-15T20:14:15.967Z,"START RequestId: 20801b1e-a216-5711-aca8-792fb752e9b7 Version: $LATEST
",011337674220:/aws/lambda/cococash-pdf-maker,2026/03/15/[$LATEST]024661ad47e24db39e4e4702db408b3e
2026-03-15T20:14:15.968Z,"2026/03/15 20:14:15 Generating PDF for user=b4086408-f091-70c7-1cae-fbf6dea2c607 account=937c9f9e-5df2-4f7e-86f2-002bce00f354 period=2026-03 transactions=4
",011337674220:/aws/lambda/cococash-pdf-maker,2026/03/15/[$LATEST]024661ad47e24db39e4e4702db408b3e
2026-03-15T20:14:16.055Z,"2026/03/15 20:14:16 Uploaded PDF to s3://cococash-pdf-odb-011337674220/reportes/b4086408-f091-70c7-1cae-fbf6dea2c607/2026/03/extracto.pdf
",011337674220:/aws/lambda/cococash-pdf-maker,2026/03/15/[$LATEST]024661ad47e24db39e4e4702db408b3e
2026-03-15T20:14:16.057Z,"END RequestId: 20801b1e-a216-5711-aca8-792fb752e9b7
",011337674220:/aws/lambda/cococash-pdf-maker,2026/03/15/[$LATEST]024661ad47e24db39e4e4702db408b3e
2026-03-15T20:14:16.057Z,"REPORT RequestId: 20801b1e-a216-5711-aca8-792fb752e9b7	Duration: 89.02 ms	Billed Duration: 90 ms	Memory Size: 256 MB	Max Memory Used: 32 MB	
",011337674220:/aws/lambda/cococash-pdf-maker,2026/03/15/[$LATEST]024661ad47e24db39e4e4702db408b3e
2026-03-15T20:14:16.027Z,"START RequestId: 47d07e5e-4ec8-53dc-913a-1c6f5b8c2371 Version: $LATEST
",011337674220:/aws/lambda/cococash-pdf-maker,2026/03/15/[$LATEST]528aa744996a4e95b9ca5ac04c08d6dd
2026-03-15T20:14:16.028Z,"2026/03/15 20:14:16 Generating PDF for user=94180498-80b1-70c6-aa12-1b5de6f27bbb account=8f4fc671-ebc7-489f-b2b2-287c5e1538e2 period=2026-03 transactions=4
",011337674220:/aws/lambda/cococash-pdf-maker,2026/03/15/[$LATEST]528aa744996a4e95b9ca5ac04c08d6dd
2026-03-15T20:14:16.133Z,"2026/03/15 20:14:16 Uploaded PDF to s3://cococash-pdf-odb-011337674220/reportes/94180498-80b1-70c6-aa12-1b5de6f27bbb/2026/03/extracto.pdf
",011337674220:/aws/lambda/cococash-pdf-maker,2026/03/15/[$LATEST]528aa744996a4e95b9ca5ac04c08d6dd
2026-03-15T20:14:16.135Z,"END RequestId: 47d07e5e-4ec8-53dc-913a-1c6f5b8c2371
",011337674220:/aws/lambda/cococash-pdf-maker,2026/03/15/[$LATEST]528aa744996a4e95b9ca5ac04c08d6dd
2026-03-15T20:14:16.135Z,"REPORT RequestId: 47d07e5e-4ec8-53dc-913a-1c6f5b8c2371	Duration: 106.74 ms	Billed Duration: 107 ms	Memory Size: 256 MB	Max Memory Used: 32 MB	
",011337674220:/aws/lambda/cococash-pdf-maker,2026/03/15/[$LATEST]528aa744996a4e95b9ca5ac04c08d6dd
2026-03-15T20:14:35.966Z,"START RequestId: 67c3ac93-249a-50f1-b085-cea231def63b Version: $LATEST
",011337674220:/aws/lambda/cococash-pdf-maker,2026/03/15/[$LATEST]528aa744996a4e95b9ca5ac04c08d6dd
2026-03-15T20:14:35.967Z,"2026/03/15 20:14:35 Generating PDF for user=00000000-0000-0000-0000-000000000001 account=a0000000-0000-0000-0000-000000000001 period=2026-03 transactions=0
",011337674220:/aws/lambda/cococash-pdf-maker,2026/03/15/[$LATEST]528aa744996a4e95b9ca5ac04c08d6dd
2026-03-15T20:14:36.039Z,"2026/03/15 20:14:36 Uploaded PDF to s3://cococash-pdf-odb-011337674220/reportes/00000000-0000-0000-0000-000000000001/2026/03/extracto.pdf
",011337674220:/aws/lambda/cococash-pdf-maker,2026/03/15/[$LATEST]528aa744996a4e95b9ca5ac04c08d6dd
2026-03-15T20:14:36.041Z,"END RequestId: 67c3ac93-249a-50f1-b085-cea231def63b
",011337674220:/aws/lambda/cococash-pdf-maker,2026/03/15/[$LATEST]528aa744996a4e95b9ca5ac04c08d6dd
2026-03-15T20:14:36.041Z,"REPORT RequestId: 67c3ac93-249a-50f1-b085-cea231def63b	Duration: 73.92 ms	Billed Duration: 74 ms	Memory Size: 256 MB	Max Memory Used: 32 MB	
",011337674220:/aws/lambda/cococash-pdf-maker,2026/03/15/[$LATEST]528aa744996a4e95b9ca5ac04c08d6dd
2026-03-15T20:14:44.672Z,"10.0.1.20 - - [15/Mar/2026:20:14:44 +0000] ""GET / HTTP/1.1"" 200 459 ""-"" ""ELB-HealthChecker/2.0"" ""-""",011337674220:/ecs/cococash-wfe,wfe/wfe/c88d236c7466456d9645d055b1a3262e
2026-03-15T20:14:47.507Z,"10.0.4.151 - - [15/Mar/2026:20:14:47 +0000] ""GET / HTTP/1.1"" 200 459 ""-"" ""ELB-HealthChecker/2.0"" ""-""",011337674220:/ecs/cococash-wfe,wfe/wfe/c88d236c7466456d9645d055b1a3262e
2026-03-15T20:14:47.507Z,"10.0.4.151 - - [15/Mar/2026:20:14:47 +0000] ""GET / HTTP/1.1"" 200 459 ""-"" ""ELB-HealthChecker/2.0"" ""-""",011337674220:/ecs/cococash-wfe,wfe/wfe/20973f81ed264592b429b2332dd43237
2026-03-15T20:14:49.886Z,"10.0.1.20 - - [15/Mar/2026:20:14:49 +0000] ""GET / HTTP/1.1"" 200 459 ""-"" ""ELB-HealthChecker/2.0"" ""-""",011337674220:/ecs/cococash-wfe,wfe/wfe/20973f81ed264592b429b2332dd43237
2026-03-15T20:14:15.741Z,"{""httpMethod"":""GET"",""integrationError"":""-"",""ip"":""13.216.212.172"",""protocol"":""HTTP/1.1"",""requestId"":""aR_rxjhuoAMEaMQ="",""requestTime"":""15/Mar/2026:20:14:15 +0000"",""responseLength"":""821"",""routeKey"":""GET /v1/accounts/all"",""status"":""200""}",011337674220:/apigateway/cococash-api,1klwe2emka_.default-2026-03-15-20-14
2026-03-15T20:15:14.687Z,"10.0.1.20 - - [15/Mar/2026:20:15:14 +0000] ""GET / HTTP/1.1"" 200 459 ""-"" ""ELB-HealthChecker/2.0"" ""-""",011337674220:/ecs/cococash-wfe,wfe/wfe/c88d236c7466456d9645d055b1a3262e
2026-03-15T20:15:17.520Z,"10.0.4.151 - - [15/Mar/2026:20:15:17 +0000] ""GET / HTTP/1.1"" 200 459 ""-"" ""ELB-HealthChecker/2.0"" ""-""",011337674220:/ecs/cococash-wfe,wfe/wfe/c88d236c7466456d9645d055b1a3262e
2026-03-15T20:15:15.926Z,2026/03/15 20:15:15 Processing report batch: 3 accounts for period 2026-03,011337674220:/ecs/cococash-transaction,transaction/transaction-ms/16613d4aa3bc43eda88e56a626244b7c
2026-03-15T20:15:15.929Z,2026/03/15 20:15:15 Found 0 transactions for user=00000000-0000-0000-0000-000000000001 period=2026-03,011337674220:/ecs/cococash-transaction,transaction/transaction-ms/16613d4aa3bc43eda88e56a626244b7c
2026-03-15T20:15:15.969Z,2026/03/15 20:15:15 Published consolidated report for user=00000000-0000-0000-0000-000000000001 period=2026-03 (0 txns),011337674220:/ecs/cococash-transaction,transaction/transaction-ms/16613d4aa3bc43eda88e56a626244b7c
2026-03-15T20:15:15.973Z,2026/03/15 20:15:15 Found 4 transactions for user=b4086408-f091-70c7-1cae-fbf6dea2c607 period=2026-03,011337674220:/ecs/cococash-transaction,transaction/transaction-ms/16613d4aa3bc43eda88e56a626244b7c
2026-03-15T20:15:15.989Z,2026/03/15 20:15:15 Published consolidated report for user=b4086408-f091-70c7-1cae-fbf6dea2c607 period=2026-03 (4 txns),011337674220:/ecs/cococash-transaction,transaction/transaction-ms/16613d4aa3bc43eda88e56a626244b7c
2026-03-15T20:15:15.991Z,2026/03/15 20:15:15 Found 4 transactions for user=94180498-80b1-70c6-aa12-1b5de6f27bbb period=2026-03,011337674220:/ecs/cococash-transaction,transaction/transaction-ms/16613d4aa3bc43eda88e56a626244b7c
2026-03-15T20:15:16.011Z,2026/03/15 20:15:16 Published consolidated report for user=94180498-80b1-70c6-aa12-1b5de6f27bbb period=2026-03 (4 txns),011337674220:/ecs/cococash-transaction,transaction/transaction-ms/16613d4aa3bc43eda88e56a626244b7c
2026-03-15T20:15:17.520Z,"10.0.4.151 - - [15/Mar/2026:20:15:17 +0000] ""GET / HTTP/1.1"" 200 459 ""-"" ""ELB-HealthChecker/2.0"" ""-""",011337674220:/ecs/cococash-wfe,wfe/wfe/20973f81ed264592b429b2332dd43237
2026-03-15T20:15:19.889Z,"10.0.1.20 - - [15/Mar/2026:20:15:19 +0000] ""GET / HTTP/1.1"" 200 459 ""-"" ""ELB-HealthChecker/2.0"" ""-""",011337674220:/ecs/cococash-wfe,wfe/wfe/20973f81ed264592b429b2332dd43237
2026-03-15T20:15:15.810Z,"START RequestId: ae9cdae3-ebcd-4aa2-8ddb-e29aba0ea47d Version: $LATEST
",011337674220:/aws/lambda/cococash-get-accounts,2026/03/15/[$LATEST]fd4495ceb84c41f79d880be87688ec26
2026-03-15T20:15:15.811Z,"2026/03/15 20:15:15 Starting report generation for period: 2026-03
",011337674220:/aws/lambda/cococash-get-accounts,2026/03/15/[$LATEST]fd4495ceb84c41f79d880be87688ec26
2026-03-15T20:15:15.852Z,"2026/03/15 20:15:15 Fetched 3 active accounts
",011337674220:/aws/lambda/cococash-get-accounts,2026/03/15/[$LATEST]fd4495ceb84c41f79d880be87688ec26
2026-03-15T20:15:15.905Z,"2026/03/15 20:15:15 Published batch 1 (3 accounts)
",011337674220:/aws/lambda/cococash-get-accounts,2026/03/15/[$LATEST]fd4495ceb84c41f79d880be87688ec26
2026-03-15T20:15:15.905Z,"2026/03/15 20:15:15 Completed: published 1 batches for 3 accounts, period 2026-03
",011337674220:/aws/lambda/cococash-get-accounts,2026/03/15/[$LATEST]fd4495ceb84c41f79d880be87688ec26
2026-03-15T20:15:15.907Z,"END RequestId: ae9cdae3-ebcd-4aa2-8ddb-e29aba0ea47d
",011337674220:/aws/lambda/cococash-get-accounts,2026/03/15/[$LATEST]fd4495ceb84c41f79d880be87688ec26
2026-03-15T20:15:15.907Z,"REPORT RequestId: ae9cdae3-ebcd-4aa2-8ddb-e29aba0ea47d	Duration: 95.95 ms	Billed Duration: 96 ms	Memory Size: 128 MB	Max Memory Used: 30 MB	
",011337674220:/aws/lambda/cococash-get-accounts,2026/03/15/[$LATEST]fd4495ceb84c41f79d880be87688ec26
2026-03-15T20:15:16.011Z,"START RequestId: 0a9bb287-19e6-54b6-a622-d0b60c66141b Version: $LATEST
",011337674220:/aws/lambda/cococash-pdf-maker,2026/03/15/[$LATEST]528aa744996a4e95b9ca5ac04c08d6dd
2026-03-15T20:15:16.012Z,"2026/03/15 20:15:16 Generating PDF for user=00000000-0000-0000-0000-000000000001 account=a0000000-0000-0000-0000-000000000001 period=2026-03 transactions=0
",011337674220:/aws/lambda/cococash-pdf-maker,2026/03/15/[$LATEST]528aa744996a4e95b9ca5ac04c08d6dd
2026-03-15T20:15:16.111Z,"2026/03/15 20:15:16 Uploaded PDF to s3://cococash-pdf-odb-011337674220/reportes/00000000-0000-0000-0000-000000000001/2026/03/extracto.pdf
",011337674220:/aws/lambda/cococash-pdf-maker,2026/03/15/[$LATEST]528aa744996a4e95b9ca5ac04c08d6dd
2026-03-15T20:15:16.113Z,"END RequestId: 0a9bb287-19e6-54b6-a622-d0b60c66141b
",011337674220:/aws/lambda/cococash-pdf-maker,2026/03/15/[$LATEST]528aa744996a4e95b9ca5ac04c08d6dd
2026-03-15T20:15:16.113Z,"REPORT RequestId: 0a9bb287-19e6-54b6-a622-d0b60c66141b	Duration: 100.92 ms	Billed Duration: 101 ms	Memory Size: 256 MB	Max Memory Used: 32 MB	
",011337674220:/aws/lambda/cococash-pdf-maker,2026/03/15/[$LATEST]528aa744996a4e95b9ca5ac04c08d6dd
2026-03-15T20:15:16.053Z,"START RequestId: 201ee067-5cca-54c8-82d6-8256494a274c Version: $LATEST
",011337674220:/aws/lambda/cococash-pdf-maker,2026/03/15/[$LATEST]024661ad47e24db39e4e4702db408b3e
2026-03-15T20:15:16.054Z,"2026/03/15 20:15:16 Generating PDF for user=b4086408-f091-70c7-1cae-fbf6dea2c607 account=937c9f9e-5df2-4f7e-86f2-002bce00f354 period=2026-03 transactions=4
",011337674220:/aws/lambda/cococash-pdf-maker,2026/03/15/[$LATEST]024661ad47e24db39e4e4702db408b3e
2026-03-15T20:15:18.018Z,"2026/03/15 20:15:18 Uploaded PDF to s3://cococash-pdf-odb-011337674220/reportes/b4086408-f091-70c7-1cae-fbf6dea2c607/2026/03/extracto.pdf
",011337674220:/aws/lambda/cococash-pdf-maker,2026/03/15/[$LATEST]024661ad47e24db39e4e4702db408b3e
2026-03-15T20:15:18.019Z,"END RequestId: 201ee067-5cca-54c8-82d6-8256494a274c
",011337674220:/aws/lambda/cococash-pdf-maker,2026/03/15/[$LATEST]024661ad47e24db39e4e4702db408b3e
2026-03-15T20:15:18.019Z,"REPORT RequestId: 201ee067-5cca-54c8-82d6-8256494a274c	Duration: 1965.93 ms	Billed Duration: 1966 ms	Memory Size: 256 MB	Max Memory Used: 32 MB	
",011337674220:/aws/lambda/cococash-pdf-maker,2026/03/15/[$LATEST]024661ad47e24db39e4e4702db408b3e
2026-03-15T20:15:16.063Z,"START RequestId: 7ce806f7-1c71-52a9-bb35-64c609f0fe5e Version: $LATEST
",011337674220:/aws/lambda/cococash-pdf-maker,2026/03/15/[$LATEST]cf23b45679304821b3c966368a552e3d
2026-03-15T20:15:16.065Z,"2026/03/15 20:15:16 Generating PDF for user=94180498-80b1-70c6-aa12-1b5de6f27bbb account=8f4fc671-ebc7-489f-b2b2-287c5e1538e2 period=2026-03 transactions=4
",011337674220:/aws/lambda/cococash-pdf-maker,2026/03/15/[$LATEST]cf23b45679304821b3c966368a552e3d
2026-03-15T20:15:16.163Z,"2026/03/15 20:15:16 Uploaded PDF to s3://cococash-pdf-odb-011337674220/reportes/94180498-80b1-70c6-aa12-1b5de6f27bbb/2026/03/extracto.pdf
",011337674220:/aws/lambda/cococash-pdf-maker,2026/03/15/[$LATEST]cf23b45679304821b3c966368a552e3d
2026-03-15T20:15:16.165Z,"END RequestId: 7ce806f7-1c71-52a9-bb35-64c609f0fe5e
",011337674220:/aws/lambda/cococash-pdf-maker,2026/03/15/[$LATEST]cf23b45679304821b3c966368a552e3d
2026-03-15T20:15:16.165Z,"REPORT RequestId: 7ce806f7-1c71-52a9-bb35-64c609f0fe5e	Duration: 101.38 ms	Billed Duration: 102 ms	Memory Size: 256 MB	Max Memory Used: 32 MB	
",011337674220:/aws/lambda/cococash-pdf-maker,2026/03/15/[$LATEST]cf23b45679304821b3c966368a552e3d
2026-03-15T20:15:44.705Z,"10.0.1.20 - - [15/Mar/2026:20:15:44 +0000] ""GET / HTTP/1.1"" 200 459 ""-"" ""ELB-HealthChecker/2.0"" ""-""",011337674220:/ecs/cococash-wfe,wfe/wfe/c88d236c7466456d9645d055b1a3262e
2026-03-15T20:15:47.549Z,"10.0.4.151 - - [15/Mar/2026:20:15:47 +0000] ""GET / HTTP/1.1"" 200 459 ""-"" ""ELB-HealthChecker/2.0"" ""-""",011337674220:/ecs/cococash-wfe,wfe/wfe/c88d236c7466456d9645d055b1a3262e
2026-03-15T20:15:47.548Z,"10.0.4.151 - - [15/Mar/2026:20:15:47 +0000] ""GET / HTTP/1.1"" 200 459 ""-"" ""ELB-HealthChecker/2.0"" ""-""",011337674220:/ecs/cococash-wfe,wfe/wfe/20973f81ed264592b429b2332dd43237
2026-03-15T20:15:49.895Z,"10.0.1.20 - - [15/Mar/2026:20:15:49 +0000] ""GET / HTTP/1.1"" 200 459 ""-"" ""ELB-HealthChecker/2.0"" ""-""",011337674220:/ecs/cococash-wfe,wfe/wfe/20973f81ed264592b429b2332dd43237
2026-03-15T20:15:15.811Z,"{""httpMethod"":""GET"",""integrationError"":""-"",""ip"":""13.216.212.172"",""protocol"":""HTTP/1.1"",""requestId"":""aR_1KivRIAMESUA="",""requestTime"":""15/Mar/2026:20:15:15 +0000"",""responseLength"":""821"",""routeKey"":""GET /v1/accounts/all"",""status"":""200""}",011337674220:/apigateway/cococash-api,1klwe2emka_.default-2026-03-15-20-15
2026-03-15T20:16:15.818Z,2026/03/15 20:16:15 Processing report batch: 3 accounts for period 2026-03,011337674220:/ecs/cococash-transaction,transaction/transaction-ms/429b0449b543441c8b399439fbb31f40
2026-03-15T20:16:15.845Z,2026/03/15 20:16:15 Found 0 transactions for user=00000000-0000-0000-0000-000000000001 period=2026-03,011337674220:/ecs/cococash-transaction,transaction/transaction-ms/429b0449b543441c8b399439fbb31f40
2026-03-15T20:16:15.889Z,2026/03/15 20:16:15 Published consolidated report for user=00000000-0000-0000-0000-000000000001 period=2026-03 (0 txns),011337674220:/ecs/cococash-transaction,transaction/transaction-ms/429b0449b543441c8b399439fbb31f40
2026-03-15T20:16:15.892Z,2026/03/15 20:16:15 Found 4 transactions for user=b4086408-f091-70c7-1cae-fbf6dea2c607 period=2026-03,011337674220:/ecs/cococash-transaction,transaction/transaction-ms/429b0449b543441c8b399439fbb31f40
2026-03-15T20:16:15.904Z,2026/03/15 20:16:15 Published consolidated report for user=b4086408-f091-70c7-1cae-fbf6dea2c607 period=2026-03 (4 txns),011337674220:/ecs/cococash-transaction,transaction/transaction-ms/429b0449b543441c8b399439fbb31f40
2026-03-15T20:16:15.907Z,2026/03/15 20:16:15 Found 4 transactions for user=94180498-80b1-70c6-aa12-1b5de6f27bbb period=2026-03,011337674220:/ecs/cococash-transaction,transaction/transaction-ms/429b0449b543441c8b399439fbb31f40
2026-03-15T20:16:15.920Z,2026/03/15 20:16:15 Published consolidated report for user=94180498-80b1-70c6-aa12-1b5de6f27bbb period=2026-03 (4 txns),011337674220:/ecs/cococash-transaction,transaction/transaction-ms/429b0449b543441c8b399439fbb31f40
2026-03-15T20:16:14.731Z,"10.0.1.20 - - [15/Mar/2026:20:16:14 +0000] ""GET / HTTP/1.1"" 200 459 ""-"" ""ELB-HealthChecker/2.0"" ""-""",011337674220:/ecs/cococash-wfe,wfe/wfe/c88d236c7466456d9645d055b1a3262e
2026-03-15T20:16:17.556Z,"10.0.4.151 - - [15/Mar/2026:20:16:17 +0000] ""GET / HTTP/1.1"" 200 459 ""-"" ""ELB-HealthChecker/2.0"" ""-""",011337674220:/ecs/cococash-wfe,wfe/wfe/c88d236c7466456d9645d055b1a3262e
2026-03-15T20:16:17.556Z,"10.0.4.151 - - [15/Mar/2026:20:16:17 +0000] ""GET / HTTP/1.1"" 200 459 ""-"" ""ELB-HealthChecker/2.0"" ""-""",011337674220:/ecs/cococash-wfe,wfe/wfe/20973f81ed264592b429b2332dd43237
2026-03-15T20:16:19.901Z,"10.0.1.20 - - [15/Mar/2026:20:16:19 +0000] ""GET / HTTP/1.1"" 200 459 ""-"" ""ELB-HealthChecker/2.0"" ""-""",011337674220:/ecs/cococash-wfe,wfe/wfe/20973f81ed264592b429b2332dd43237
2026-03-15T20:16:15.692Z,"START RequestId: 41e74c9c-8aba-4bfa-bb21-051cda9ddf96 Version: $LATEST
",011337674220:/aws/lambda/cococash-get-accounts,2026/03/15/[$LATEST]fd4495ceb84c41f79d880be87688ec26
2026-03-15T20:16:15.692Z,"2026/03/15 20:16:15 Starting report generation for period: 2026-03
",011337674220:/aws/lambda/cococash-get-accounts,2026/03/15/[$LATEST]fd4495ceb84c41f79d880be87688ec26
2026-03-15T20:16:15.740Z,"2026/03/15 20:16:15 Fetched 3 active accounts
",011337674220:/aws/lambda/cococash-get-accounts,2026/03/15/[$LATEST]fd4495ceb84c41f79d880be87688ec26
2026-03-15T20:16:15.782Z,"2026/03/15 20:16:15 Published batch 1 (3 accounts)
",011337674220:/aws/lambda/cococash-get-accounts,2026/03/15/[$LATEST]fd4495ceb84c41f79d880be87688ec26
2026-03-15T20:16:15.782Z,"2026/03/15 20:16:15 Completed: published 1 batches for 3 accounts, period 2026-03
",011337674220:/aws/lambda/cococash-get-accounts,2026/03/15/[$LATEST]fd4495ceb84c41f79d880be87688ec26
2026-03-15T20:16:15.784Z,"END RequestId: 41e74c9c-8aba-4bfa-bb21-051cda9ddf96
",011337674220:/aws/lambda/cococash-get-accounts,2026/03/15/[$LATEST]fd4495ceb84c41f79d880be87688ec26
2026-03-15T20:16:15.784Z,"REPORT RequestId: 41e74c9c-8aba-4bfa-bb21-051cda9ddf96	Duration: 91.75 ms	Billed Duration: 92 ms	Memory Size: 128 MB	Max Memory Used: 30 MB	
",011337674220:/aws/lambda/cococash-get-accounts,2026/03/15/[$LATEST]fd4495ceb84c41f79d880be87688ec26
2026-03-15T20:16:15.944Z,"START RequestId: eb4bd9df-0815-5cca-816a-bbee1da98f9b Version: $LATEST
",011337674220:/aws/lambda/cococash-pdf-maker,2026/03/15/[$LATEST]024661ad47e24db39e4e4702db408b3e
2026-03-15T20:16:15.945Z,"2026/03/15 20:16:15 Generating PDF for user=00000000-0000-0000-0000-000000000001 account=a0000000-0000-0000-0000-000000000001 period=2026-03 transactions=0
",011337674220:/aws/lambda/cococash-pdf-maker,2026/03/15/[$LATEST]024661ad47e24db39e4e4702db408b3e
2026-03-15T20:16:16.041Z,"2026/03/15 20:16:16 Uploaded PDF to s3://cococash-pdf-odb-011337674220/reportes/00000000-0000-0000-0000-000000000001/2026/03/extracto.pdf
",011337674220:/aws/lambda/cococash-pdf-maker,2026/03/15/[$LATEST]024661ad47e24db39e4e4702db408b3e
2026-03-15T20:16:16.043Z,"END RequestId: eb4bd9df-0815-5cca-816a-bbee1da98f9b
",011337674220:/aws/lambda/cococash-pdf-maker,2026/03/15/[$LATEST]024661ad47e24db39e4e4702db408b3e
2026-03-15T20:16:16.043Z,"REPORT RequestId: eb4bd9df-0815-5cca-816a-bbee1da98f9b	Duration: 98.14 ms	Billed Duration: 99 ms	Memory Size: 256 MB	Max Memory Used: 32 MB	
",011337674220:/aws/lambda/cococash-pdf-maker,2026/03/15/[$LATEST]024661ad47e24db39e4e4702db408b3e
2026-03-15T20:16:15.977Z,"START RequestId: c4dbc4a5-70a1-529f-8acb-a694651dc232 Version: $LATEST
",011337674220:/aws/lambda/cococash-pdf-maker,2026/03/15/[$LATEST]cf23b45679304821b3c966368a552e3d
2026-03-15T20:16:15.977Z,"2026/03/15 20:16:15 Generating PDF for user=b4086408-f091-70c7-1cae-fbf6dea2c607 account=937c9f9e-5df2-4f7e-86f2-002bce00f354 period=2026-03 transactions=4
",011337674220:/aws/lambda/cococash-pdf-maker,2026/03/15/[$LATEST]cf23b45679304821b3c966368a552e3d
2026-03-15T20:16:16.067Z,"2026/03/15 20:16:16 Uploaded PDF to s3://cococash-pdf-odb-011337674220/reportes/b4086408-f091-70c7-1cae-fbf6dea2c607/2026/03/extracto.pdf
",011337674220:/aws/lambda/cococash-pdf-maker,2026/03/15/[$LATEST]cf23b45679304821b3c966368a552e3d
2026-03-15T20:16:16.069Z,"END RequestId: c4dbc4a5-70a1-529f-8acb-a694651dc232
",011337674220:/aws/lambda/cococash-pdf-maker,2026/03/15/[$LATEST]cf23b45679304821b3c966368a552e3d
2026-03-15T20:16:16.069Z,"REPORT RequestId: c4dbc4a5-70a1-529f-8acb-a694651dc232	Duration: 92.11 ms	Billed Duration: 93 ms	Memory Size: 256 MB	Max Memory Used: 32 MB	
",011337674220:/aws/lambda/cococash-pdf-maker,2026/03/15/[$LATEST]cf23b45679304821b3c966368a552e3d
2026-03-15T20:16:26.928Z,"START RequestId: 22d566e7-7744-57a6-9b97-04d662f88eba Version: $LATEST
",011337674220:/aws/lambda/cococash-pdf-maker,2026/03/15/[$LATEST]cf23b45679304821b3c966368a552e3d
2026-03-15T20:16:26.929Z,"2026/03/15 20:16:26 Generating PDF for user=94180498-80b1-70c6-aa12-1b5de6f27bbb account=8f4fc671-ebc7-489f-b2b2-287c5e1538e2 period=2026-03 transactions=4
",011337674220:/aws/lambda/cococash-pdf-maker,2026/03/15/[$LATEST]cf23b45679304821b3c966368a552e3d
2026-03-15T20:16:27.007Z,"2026/03/15 20:16:27 Uploaded PDF to s3://cococash-pdf-odb-011337674220/reportes/94180498-80b1-70c6-aa12-1b5de6f27bbb/2026/03/extracto.pdf
",011337674220:/aws/lambda/cococash-pdf-maker,2026/03/15/[$LATEST]cf23b45679304821b3c966368a552e3d
2026-03-15T20:16:27.009Z,"END RequestId: 22d566e7-7744-57a6-9b97-04d662f88eba
",011337674220:/aws/lambda/cococash-pdf-maker,2026/03/15/[$LATEST]cf23b45679304821b3c966368a552e3d
2026-03-15T20:16:27.009Z,"REPORT RequestId: 22d566e7-7744-57a6-9b97-04d662f88eba	Duration: 80.77 ms	Billed Duration: 81 ms	Memory Size: 256 MB	Max Memory Used: 32 MB	
",011337674220:/aws/lambda/cococash-pdf-maker,2026/03/15/[$LATEST]cf23b45679304821b3c966368a552e3d
2026-03-15T20:16:44.757Z,"10.0.1.20 - - [15/Mar/2026:20:16:44 +0000] ""GET / HTTP/1.1"" 200 459 ""-"" ""ELB-HealthChecker/2.0"" ""-""",011337674220:/ecs/cococash-wfe,wfe/wfe/c88d236c7466456d9645d055b1a3262e
2026-03-15T20:16:47.586Z,"10.0.4.151 - - [15/Mar/2026:20:16:47 +0000] ""GET / HTTP/1.1"" 200 459 ""-"" ""ELB-HealthChecker/2.0"" ""-""",011337674220:/ecs/cococash-wfe,wfe/wfe/c88d236c7466456d9645d055b1a3262e
2026-03-15T20:16:47.586Z,"10.0.4.151 - - [15/Mar/2026:20:16:47 +0000] ""GET / HTTP/1.1"" 200 459 ""-"" ""ELB-HealthChecker/2.0"" ""-""",011337674220:/ecs/cococash-wfe,wfe/wfe/20973f81ed264592b429b2332dd43237
2026-03-15T20:16:49.905Z,"10.0.1.20 - - [15/Mar/2026:20:16:49 +0000] ""GET / HTTP/1.1"" 200 459 ""-"" ""ELB-HealthChecker/2.0"" ""-""",011337674220:/ecs/cococash-wfe,wfe/wfe/20973f81ed264592b429b2332dd43237
2026-03-15T20:16:15.695Z,"{""httpMethod"":""GET"",""integrationError"":""-"",""ip"":""13.216.212.172"",""protocol"":""HTTP/1.1"",""requestId"":""aR_-ghjooAMEa-w="",""requestTime"":""15/Mar/2026:20:16:15 +0000"",""responseLength"":""821"",""routeKey"":""GET /v1/accounts/all"",""status"":""200""}",011337674220:/apigateway/cococash-api,1klwe2emka_.default-2026-03-15-20-16
2026-03-15T20:17:14.760Z,"10.0.1.20 - - [15/Mar/2026:20:17:14 +0000] ""GET / HTTP/1.1"" 200 459 ""-"" ""ELB-HealthChecker/2.0"" ""-""",011337674220:/ecs/cococash-wfe,wfe/wfe/c88d236c7466456d9645d055b1a3262e
2026-03-15T20:17:17.596Z,"10.0.4.151 - - [15/Mar/2026:20:17:17 +0000] ""GET / HTTP/1.1"" 200 459 ""-"" ""ELB-HealthChecker/2.0"" ""-""",011337674220:/ecs/cococash-wfe,wfe/wfe/c88d236c7466456d9645d055b1a3262e
2026-03-15T20:17:15.916Z,2026/03/15 20:17:15 Processing report batch: 3 accounts for period 2026-03,011337674220:/ecs/cococash-transaction,transaction/transaction-ms/16613d4aa3bc43eda88e56a626244b7c
2026-03-15T20:17:15.941Z,2026/03/15 20:17:15 Found 0 transactions for user=00000000-0000-0000-0000-000000000001 period=2026-03,011337674220:/ecs/cococash-transaction,transaction/transaction-ms/16613d4aa3bc43eda88e56a626244b7c
2026-03-15T20:17:15.982Z,2026/03/15 20:17:15 Published consolidated report for user=00000000-0000-0000-0000-000000000001 period=2026-03 (0 txns),011337674220:/ecs/cococash-transaction,transaction/transaction-ms/16613d4aa3bc43eda88e56a626244b7c
2026-03-15T20:17:15.984Z,2026/03/15 20:17:15 Found 4 transactions for user=b4086408-f091-70c7-1cae-fbf6dea2c607 period=2026-03,011337674220:/ecs/cococash-transaction,transaction/transaction-ms/16613d4aa3bc43eda88e56a626244b7c
2026-03-15T20:17:15.998Z,2026/03/15 20:17:15 Published consolidated report for user=b4086408-f091-70c7-1cae-fbf6dea2c607 period=2026-03 (4 txns),011337674220:/ecs/cococash-transaction,transaction/transaction-ms/16613d4aa3bc43eda88e56a626244b7c
2026-03-15T20:17:16.002Z,2026/03/15 20:17:16 Found 4 transactions for user=94180498-80b1-70c6-aa12-1b5de6f27bbb period=2026-03,011337674220:/ecs/cococash-transaction,transaction/transaction-ms/16613d4aa3bc43eda88e56a626244b7c
2026-03-15T20:17:16.067Z,2026/03/15 20:17:16 Published consolidated report for user=94180498-80b1-70c6-aa12-1b5de6f27bbb period=2026-03 (4 txns),011337674220:/ecs/cococash-transaction,transaction/transaction-ms/16613d4aa3bc43eda88e56a626244b7c
2026-03-15T20:17:17.596Z,"10.0.4.151 - - [15/Mar/2026:20:17:17 +0000] ""GET / HTTP/1.1"" 200 459 ""-"" ""ELB-HealthChecker/2.0"" ""-""",011337674220:/ecs/cococash-wfe,wfe/wfe/20973f81ed264592b429b2332dd43237
2026-03-15T20:17:19.909Z,"10.0.1.20 - - [15/Mar/2026:20:17:19 +0000] ""GET / HTTP/1.1"" 200 459 ""-"" ""ELB-HealthChecker/2.0"" ""-""",011337674220:/ecs/cococash-wfe,wfe/wfe/20973f81ed264592b429b2332dd43237
2026-03-15T20:17:15.759Z,"START RequestId: ee6202c6-2a00-4485-9e26-d54ae4e51c23 Version: $LATEST
",011337674220:/aws/lambda/cococash-get-accounts,2026/03/15/[$LATEST]fd4495ceb84c41f79d880be87688ec26
2026-03-15T20:17:15.759Z,"2026/03/15 20:17:15 Starting report generation for period: 2026-03
",011337674220:/aws/lambda/cococash-get-accounts,2026/03/15/[$LATEST]fd4495ceb84c41f79d880be87688ec26
2026-03-15T20:17:15.807Z,"2026/03/15 20:17:15 Fetched 3 active accounts
",011337674220:/aws/lambda/cococash-get-accounts,2026/03/15/[$LATEST]fd4495ceb84c41f79d880be87688ec26
2026-03-15T20:17:15.886Z,"2026/03/15 20:17:15 Published batch 1 (3 accounts)
",011337674220:/aws/lambda/cococash-get-accounts,2026/03/15/[$LATEST]fd4495ceb84c41f79d880be87688ec26
2026-03-15T20:17:15.886Z,"2026/03/15 20:17:15 Completed: published 1 batches for 3 accounts, period 2026-03
",011337674220:/aws/lambda/cococash-get-accounts,2026/03/15/[$LATEST]fd4495ceb84c41f79d880be87688ec26
2026-03-15T20:17:15.887Z,"END RequestId: ee6202c6-2a00-4485-9e26-d54ae4e51c23
",011337674220:/aws/lambda/cococash-get-accounts,2026/03/15/[$LATEST]fd4495ceb84c41f79d880be87688ec26
2026-03-15T20:17:15.887Z,"REPORT RequestId: ee6202c6-2a00-4485-9e26-d54ae4e51c23	Duration: 128.04 ms	Billed Duration: 129 ms	Memory Size: 128 MB	Max Memory Used: 30 MB	
",011337674220:/aws/lambda/cococash-get-accounts,2026/03/15/[$LATEST]fd4495ceb84c41f79d880be87688ec26
2026-03-15T20:17:16.036Z,"START RequestId: e8470012-9cda-5cb3-810e-62238ad98fea Version: $LATEST
",011337674220:/aws/lambda/cococash-pdf-maker,2026/03/15/[$LATEST]cf23b45679304821b3c966368a552e3d
2026-03-15T20:17:16.037Z,"2026/03/15 20:17:16 Generating PDF for user=00000000-0000-0000-0000-000000000001 account=a0000000-0000-0000-0000-000000000001 period=2026-03 transactions=0
",011337674220:/aws/lambda/cococash-pdf-maker,2026/03/15/[$LATEST]cf23b45679304821b3c966368a552e3d
2026-03-15T20:17:16.141Z,"2026/03/15 20:17:16 Uploaded PDF to s3://cococash-pdf-odb-011337674220/reportes/00000000-0000-0000-0000-000000000001/2026/03/extracto.pdf
",011337674220:/aws/lambda/cococash-pdf-maker,2026/03/15/[$LATEST]cf23b45679304821b3c966368a552e3d
2026-03-15T20:17:16.143Z,"END RequestId: e8470012-9cda-5cb3-810e-62238ad98fea
",011337674220:/aws/lambda/cococash-pdf-maker,2026/03/15/[$LATEST]cf23b45679304821b3c966368a552e3d
2026-03-15T20:17:16.143Z,"REPORT RequestId: e8470012-9cda-5cb3-810e-62238ad98fea	Duration: 106.08 ms	Billed Duration: 107 ms	Memory Size: 256 MB	Max Memory Used: 32 MB	
",011337674220:/aws/lambda/cococash-pdf-maker,2026/03/15/[$LATEST]cf23b45679304821b3c966368a552e3d
2026-03-15T20:17:16.040Z,"START RequestId: 768c68aa-42e5-564d-9c98-0a9b54ee6cf7 Version: $LATEST
",011337674220:/aws/lambda/cococash-pdf-maker,2026/03/15/[$LATEST]024661ad47e24db39e4e4702db408b3e
2026-03-15T20:17:16.041Z,"2026/03/15 20:17:16 Generating PDF for user=b4086408-f091-70c7-1cae-fbf6dea2c607 account=937c9f9e-5df2-4f7e-86f2-002bce00f354 period=2026-03 transactions=4
",011337674220:/aws/lambda/cococash-pdf-maker,2026/03/15/[$LATEST]024661ad47e24db39e4e4702db408b3e
2026-03-15T20:17:16.125Z,"2026/03/15 20:17:16 Uploaded PDF to s3://cococash-pdf-odb-011337674220/reportes/b4086408-f091-70c7-1cae-fbf6dea2c607/2026/03/extracto.pdf
",011337674220:/aws/lambda/cococash-pdf-maker,2026/03/15/[$LATEST]024661ad47e24db39e4e4702db408b3e
2026-03-15T20:17:16.127Z,"END RequestId: 768c68aa-42e5-564d-9c98-0a9b54ee6cf7
",011337674220:/aws/lambda/cococash-pdf-maker,2026/03/15/[$LATEST]024661ad47e24db39e4e4702db408b3e
2026-03-15T20:17:16.127Z,"REPORT RequestId: 768c68aa-42e5-564d-9c98-0a9b54ee6cf7	Duration: 86.26 ms	Billed Duration: 87 ms	Memory Size: 256 MB	Max Memory Used: 32 MB	
",011337674220:/aws/lambda/cococash-pdf-maker,2026/03/15/[$LATEST]024661ad47e24db39e4e4702db408b3e
2026-03-15T20:17:16.127Z,"START RequestId: dfcef78f-3989-5c09-84d5-95be2c72848f Version: $LATEST
",011337674220:/aws/lambda/cococash-pdf-maker,2026/03/15/[$LATEST]528aa744996a4e95b9ca5ac04c08d6dd
2026-03-15T20:17:16.128Z,"2026/03/15 20:17:16 Generating PDF for user=94180498-80b1-70c6-aa12-1b5de6f27bbb account=8f4fc671-ebc7-489f-b2b2-287c5e1538e2 period=2026-03 transactions=4
",011337674220:/aws/lambda/cococash-pdf-maker,2026/03/15/[$LATEST]528aa744996a4e95b9ca5ac04c08d6dd
2026-03-15T20:17:16.225Z,"2026/03/15 20:17:16 Uploaded PDF to s3://cococash-pdf-odb-011337674220/reportes/94180498-80b1-70c6-aa12-1b5de6f27bbb/2026/03/extracto.pdf
",011337674220:/aws/lambda/cococash-pdf-maker,2026/03/15/[$LATEST]528aa744996a4e95b9ca5ac04c08d6dd
2026-03-15T20:17:16.227Z,"END RequestId: dfcef78f-3989-5c09-84d5-95be2c72848f
",011337674220:/aws/lambda/cococash-pdf-maker,2026/03/15/[$LATEST]528aa744996a4e95b9ca5ac04c08d6dd
2026-03-15T20:17:16.227Z,"REPORT RequestId: dfcef78f-3989-5c09-84d5-95be2c72848f	Duration: 99.09 ms	Billed Duration: 100 ms	Memory Size: 256 MB	Max Memory Used: 32 MB	
",011337674220:/aws/lambda/cococash-pdf-maker,2026/03/15/[$LATEST]528aa744996a4e95b9ca5ac04c08d6dd
2026-03-15T20:17:44.784Z,"10.0.1.20 - - [15/Mar/2026:20:17:44 +0000] ""GET / HTTP/1.1"" 200 459 ""-"" ""ELB-HealthChecker/2.0"" ""-""",011337674220:/ecs/cococash-wfe,wfe/wfe/c88d236c7466456d9645d055b1a3262e
2026-03-15T20:17:47.600Z,"10.0.4.151 - - [15/Mar/2026:20:17:47 +0000] ""GET / HTTP/1.1"" 200 459 ""-"" ""ELB-HealthChecker/2.0"" ""-""",011337674220:/ecs/cococash-wfe,wfe/wfe/c88d236c7466456d9645d055b1a3262e
2026-03-15T20:17:47.600Z,"10.0.4.151 - - [15/Mar/2026:20:17:47 +0000] ""GET / HTTP/1.1"" 200 459 ""-"" ""ELB-HealthChecker/2.0"" ""-""",011337674220:/ecs/cococash-wfe,wfe/wfe/20973f81ed264592b429b2332dd43237
2026-03-15T20:17:49.915Z,"10.0.1.20 - - [15/Mar/2026:20:17:49 +0000] ""GET / HTTP/1.1"" 200 459 ""-"" ""ELB-HealthChecker/2.0"" ""-""",011337674220:/ecs/cococash-wfe,wfe/wfe/20973f81ed264592b429b2332dd43237
2026-03-15T20:17:15.760Z,"{""httpMethod"":""GET"",""integrationError"":""-"",""ip"":""13.216.212.172"",""protocol"":""HTTP/1.1"",""requestId"":""aSAH5i4CoAMESGA="",""requestTime"":""15/Mar/2026:20:17:15 +0000"",""responseLength"":""821"",""routeKey"":""GET /v1/accounts/all"",""status"":""200""}",011337674220:/apigateway/cococash-api,1klwe2emka_.default-2026-03-15-20-17
2026-03-15T20:18:15.932Z,2026/03/15 20:18:15 Processing report batch: 3 accounts for period 2026-03,011337674220:/ecs/cococash-transaction,transaction/transaction-ms/429b0449b543441c8b399439fbb31f40
2026-03-15T20:18:15.962Z,2026/03/15 20:18:15 Found 0 transactions for user=00000000-0000-0000-0000-000000000001 period=2026-03,011337674220:/ecs/cococash-transaction,transaction/transaction-ms/429b0449b543441c8b399439fbb31f40
2026-03-15T20:18:15.999Z,2026/03/15 20:18:15 Published consolidated report for user=00000000-0000-0000-0000-000000000001 period=2026-03 (0 txns),011337674220:/ecs/cococash-transaction,transaction/transaction-ms/429b0449b543441c8b399439fbb31f40
2026-03-15T20:18:16.003Z,2026/03/15 20:18:16 Found 4 transactions for user=b4086408-f091-70c7-1cae-fbf6dea2c607 period=2026-03,011337674220:/ecs/cococash-transaction,transaction/transaction-ms/429b0449b543441c8b399439fbb31f40
2026-03-15T20:18:16.015Z,2026/03/15 20:18:16 Published consolidated report for user=b4086408-f091-70c7-1cae-fbf6dea2c607 period=2026-03 (4 txns),011337674220:/ecs/cococash-transaction,transaction/transaction-ms/429b0449b543441c8b399439fbb31f40
2026-03-15T20:18:16.019Z,2026/03/15 20:18:16 Found 4 transactions for user=94180498-80b1-70c6-aa12-1b5de6f27bbb period=2026-03,011337674220:/ecs/cococash-transaction,transaction/transaction-ms/429b0449b543441c8b399439fbb31f40
2026-03-15T20:18:16.032Z,2026/03/15 20:18:16 Published consolidated report for user=94180498-80b1-70c6-aa12-1b5de6f27bbb period=2026-03 (4 txns),011337674220:/ecs/cococash-transaction,transaction/transaction-ms/429b0449b543441c8b399439fbb31f40
2026-03-15T20:18:14.804Z,"10.0.1.20 - - [15/Mar/2026:20:18:14 +0000] ""GET / HTTP/1.1"" 200 459 ""-"" ""ELB-HealthChecker/2.0"" ""-""",011337674220:/ecs/cococash-wfe,wfe/wfe/c88d236c7466456d9645d055b1a3262e
2026-03-15T20:18:17.629Z,"10.0.4.151 - - [15/Mar/2026:20:18:17 +0000] ""GET / HTTP/1.1"" 200 459 ""-"" ""ELB-HealthChecker/2.0"" ""-""",011337674220:/ecs/cococash-wfe,wfe/wfe/c88d236c7466456d9645d055b1a3262e
2026-03-15T20:18:17.629Z,"10.0.4.151 - - [15/Mar/2026:20:18:17 +0000] ""GET / HTTP/1.1"" 200 459 ""-"" ""ELB-HealthChecker/2.0"" ""-""",011337674220:/ecs/cococash-wfe,wfe/wfe/20973f81ed264592b429b2332dd43237
2026-03-15T20:18:19.921Z,"10.0.1.20 - - [15/Mar/2026:20:18:19 +0000] ""GET / HTTP/1.1"" 200 459 ""-"" ""ELB-HealthChecker/2.0"" ""-""",011337674220:/ecs/cococash-wfe,wfe/wfe/20973f81ed264592b429b2332dd43237
2026-03-15T20:18:15.823Z,"START RequestId: 6402c3ca-9e48-45f9-869f-44067358a289 Version: $LATEST
",011337674220:/aws/lambda/cococash-get-accounts,2026/03/15/[$LATEST]fd4495ceb84c41f79d880be87688ec26
2026-03-15T20:18:15.823Z,"2026/03/15 20:18:15 Starting report generation for period: 2026-03
",011337674220:/aws/lambda/cococash-get-accounts,2026/03/15/[$LATEST]fd4495ceb84c41f79d880be87688ec26
2026-03-15T20:18:15.866Z,"2026/03/15 20:18:15 Fetched 3 active accounts
",011337674220:/aws/lambda/cococash-get-accounts,2026/03/15/[$LATEST]fd4495ceb84c41f79d880be87688ec26
2026-03-15T20:18:15.901Z,"2026/03/15 20:18:15 Published batch 1 (3 accounts)
",011337674220:/aws/lambda/cococash-get-accounts,2026/03/15/[$LATEST]fd4495ceb84c41f79d880be87688ec26
2026-03-15T20:18:15.901Z,"2026/03/15 20:18:15 Completed: published 1 batches for 3 accounts, period 2026-03
",011337674220:/aws/lambda/cococash-get-accounts,2026/03/15/[$LATEST]fd4495ceb84c41f79d880be87688ec26
2026-03-15T20:18:15.903Z,"END RequestId: 6402c3ca-9e48-45f9-869f-44067358a289
",011337674220:/aws/lambda/cococash-get-accounts,2026/03/15/[$LATEST]fd4495ceb84c41f79d880be87688ec26
2026-03-15T20:18:15.903Z,"REPORT RequestId: 6402c3ca-9e48-45f9-869f-44067358a289	Duration: 79.63 ms	Billed Duration: 80 ms	Memory Size: 128 MB	Max Memory Used: 30 MB	
",011337674220:/aws/lambda/cococash-get-accounts,2026/03/15/[$LATEST]fd4495ceb84c41f79d880be87688ec26
2026-03-15T20:18:16.067Z,"START RequestId: 9a77f404-fafe-5174-a821-9635ecca15c2 Version: $LATEST
",011337674220:/aws/lambda/cococash-pdf-maker,2026/03/15/[$LATEST]528aa744996a4e95b9ca5ac04c08d6dd
2026-03-15T20:18:16.068Z,"2026/03/15 20:18:16 Generating PDF for user=b4086408-f091-70c7-1cae-fbf6dea2c607 account=937c9f9e-5df2-4f7e-86f2-002bce00f354 period=2026-03 transactions=4
",011337674220:/aws/lambda/cococash-pdf-maker,2026/03/15/[$LATEST]528aa744996a4e95b9ca5ac04c08d6dd
2026-03-15T20:18:17.412Z,"2026/03/15 20:18:17 Uploaded PDF to s3://cococash-pdf-odb-011337674220/reportes/b4086408-f091-70c7-1cae-fbf6dea2c607/2026/03/extracto.pdf
",011337674220:/aws/lambda/cococash-pdf-maker,2026/03/15/[$LATEST]528aa744996a4e95b9ca5ac04c08d6dd
2026-03-15T20:18:17.414Z,"END RequestId: 9a77f404-fafe-5174-a821-9635ecca15c2
",011337674220:/aws/lambda/cococash-pdf-maker,2026/03/15/[$LATEST]528aa744996a4e95b9ca5ac04c08d6dd
2026-03-15T20:18:17.414Z,"REPORT RequestId: 9a77f404-fafe-5174-a821-9635ecca15c2	Duration: 1346.01 ms	Billed Duration: 1347 ms	Memory Size: 256 MB	Max Memory Used: 32 MB	
",011337674220:/aws/lambda/cococash-pdf-maker,2026/03/15/[$LATEST]528aa744996a4e95b9ca5ac04c08d6dd
2026-03-15T20:18:16.082Z,"START RequestId: 4d8b81fa-3fdb-508a-bff6-e3cb299c83db Version: $LATEST
",011337674220:/aws/lambda/cococash-pdf-maker,2026/03/15/[$LATEST]cf23b45679304821b3c966368a552e3d
2026-03-15T20:18:16.083Z,"2026/03/15 20:18:16 Generating PDF for user=00000000-0000-0000-0000-000000000001 account=a0000000-0000-0000-0000-000000000001 period=2026-03 transactions=0
",011337674220:/aws/lambda/cococash-pdf-maker,2026/03/15/[$LATEST]cf23b45679304821b3c966368a552e3d
2026-03-15T20:18:16.172Z,"2026/03/15 20:18:16 Uploaded PDF to s3://cococash-pdf-odb-011337674220/reportes/00000000-0000-0000-0000-000000000001/2026/03/extracto.pdf
",011337674220:/aws/lambda/cococash-pdf-maker,2026/03/15/[$LATEST]cf23b45679304821b3c966368a552e3d
2026-03-15T20:18:16.173Z,"END RequestId: 4d8b81fa-3fdb-508a-bff6-e3cb299c83db
",011337674220:/aws/lambda/cococash-pdf-maker,2026/03/15/[$LATEST]cf23b45679304821b3c966368a552e3d
2026-03-15T20:18:16.173Z,"REPORT RequestId: 4d8b81fa-3fdb-508a-bff6-e3cb299c83db	Duration: 90.55 ms	Billed Duration: 91 ms	Memory Size: 256 MB	Max Memory Used: 32 MB	
",011337674220:/aws/lambda/cococash-pdf-maker,2026/03/15/[$LATEST]cf23b45679304821b3c966368a552e3d
2026-03-15T20:18:36.082Z,"START RequestId: 7b0a3b86-bab0-55c6-a43c-59b7acf88484 Version: $LATEST
",011337674220:/aws/lambda/cococash-pdf-maker,2026/03/15/[$LATEST]528aa744996a4e95b9ca5ac04c08d6dd
2026-03-15T20:18:36.082Z,"2026/03/15 20:18:36 Generating PDF for user=94180498-80b1-70c6-aa12-1b5de6f27bbb account=8f4fc671-ebc7-489f-b2b2-287c5e1538e2 period=2026-03 transactions=4
",011337674220:/aws/lambda/cococash-pdf-maker,2026/03/15/[$LATEST]528aa744996a4e95b9ca5ac04c08d6dd
2026-03-15T20:18:36.144Z,"2026/03/15 20:18:36 Uploaded PDF to s3://cococash-pdf-odb-011337674220/reportes/94180498-80b1-70c6-aa12-1b5de6f27bbb/2026/03/extracto.pdf
",011337674220:/aws/lambda/cococash-pdf-maker,2026/03/15/[$LATEST]528aa744996a4e95b9ca5ac04c08d6dd
2026-03-15T20:18:36.145Z,"END RequestId: 7b0a3b86-bab0-55c6-a43c-59b7acf88484
",011337674220:/aws/lambda/cococash-pdf-maker,2026/03/15/[$LATEST]528aa744996a4e95b9ca5ac04c08d6dd
2026-03-15T20:18:36.145Z,"REPORT RequestId: 7b0a3b86-bab0-55c6-a43c-59b7acf88484	Duration: 62.89 ms	Billed Duration: 63 ms	Memory Size: 256 MB	Max Memory Used: 32 MB	
",011337674220:/aws/lambda/cococash-pdf-maker,2026/03/15/[$LATEST]528aa744996a4e95b9ca5ac04c08d6dd
2026-03-15T20:18:44.828Z,"10.0.1.20 - - [15/Mar/2026:20:18:44 +0000] ""GET / HTTP/1.1"" 200 459 ""-"" ""ELB-HealthChecker/2.0"" ""-""",011337674220:/ecs/cococash-wfe,wfe/wfe/c88d236c7466456d9645d055b1a3262e
2026-03-15T20:18:47.644Z,"10.0.4.151 - - [15/Mar/2026:20:18:47 +0000] ""GET / HTTP/1.1"" 200 459 ""-"" ""ELB-HealthChecker/2.0"" ""-""",011337674220:/ecs/cococash-wfe,wfe/wfe/c88d236c7466456d9645d055b1a3262e
2026-03-15T20:18:47.644Z,"10.0.4.151 - - [15/Mar/2026:20:18:47 +0000] ""GET / HTTP/1.1"" 200 459 ""-"" ""ELB-HealthChecker/2.0"" ""-""",011337674220:/ecs/cococash-wfe,wfe/wfe/20973f81ed264592b429b2332dd43237
2026-03-15T20:18:49.927Z,"10.0.1.20 - - [15/Mar/2026:20:18:49 +0000] ""GET / HTTP/1.1"" 200 459 ""-"" ""ELB-HealthChecker/2.0"" ""-""",011337674220:/ecs/cococash-wfe,wfe/wfe/20973f81ed264592b429b2332dd43237
2026-03-15T20:18:15.824Z,"{""httpMethod"":""GET"",""integrationError"":""-"",""ip"":""13.216.212.172"",""protocol"":""HTTP/1.1"",""requestId"":""aSARSipzIAMEa9w="",""requestTime"":""15/Mar/2026:20:18:15 +0000"",""responseLength"":""821"",""routeKey"":""GET /v1/accounts/all"",""status"":""200""}",011337674220:/apigateway/cococash-api,1klwe2emka_.default-2026-03-15-20-18
2026-03-15T20:19:15.831Z,2026/03/15 20:19:15 Processing report batch: 3 accounts for period 2026-03,011337674220:/ecs/cococash-transaction,transaction/transaction-ms/429b0449b543441c8b399439fbb31f40
2026-03-15T20:19:15.833Z,2026/03/15 20:19:15 Found 0 transactions for user=00000000-0000-0000-0000-000000000001 period=2026-03,011337674220:/ecs/cococash-transaction,transaction/transaction-ms/429b0449b543441c8b399439fbb31f40
2026-03-15T20:19:15.860Z,2026/03/15 20:19:15 Published consolidated report for user=00000000-0000-0000-0000-000000000001 period=2026-03 (0 txns),011337674220:/ecs/cococash-transaction,transaction/transaction-ms/429b0449b543441c8b399439fbb31f40
2026-03-15T20:19:15.863Z,2026/03/15 20:19:15 Found 4 transactions for user=b4086408-f091-70c7-1cae-fbf6dea2c607 period=2026-03,011337674220:/ecs/cococash-transaction,transaction/transaction-ms/429b0449b543441c8b399439fbb31f40
2026-03-15T20:19:15.873Z,2026/03/15 20:19:15 Published consolidated report for user=b4086408-f091-70c7-1cae-fbf6dea2c607 period=2026-03 (4 txns),011337674220:/ecs/cococash-transaction,transaction/transaction-ms/429b0449b543441c8b399439fbb31f40
2026-03-15T20:19:15.877Z,2026/03/15 20:19:15 Found 4 transactions for user=94180498-80b1-70c6-aa12-1b5de6f27bbb period=2026-03,011337674220:/ecs/cococash-transaction,transaction/transaction-ms/429b0449b543441c8b399439fbb31f40
2026-03-15T20:19:15.888Z,2026/03/15 20:19:15 Published consolidated report for user=94180498-80b1-70c6-aa12-1b5de6f27bbb period=2026-03 (4 txns),011337674220:/ecs/cococash-transaction,transaction/transaction-ms/429b0449b543441c8b399439fbb31f40
2026-03-15T20:19:14.848Z,"10.0.1.20 - - [15/Mar/2026:20:19:14 +0000] ""GET / HTTP/1.1"" 200 459 ""-"" ""ELB-HealthChecker/2.0"" ""-""",011337674220:/ecs/cococash-wfe,wfe/wfe/c88d236c7466456d9645d055b1a3262e
2026-03-15T20:19:17.648Z,"10.0.4.151 - - [15/Mar/2026:20:19:17 +0000] ""GET / HTTP/1.1"" 200 459 ""-"" ""ELB-HealthChecker/2.0"" ""-""",011337674220:/ecs/cococash-wfe,wfe/wfe/c88d236c7466456d9645d055b1a3262e
2026-03-15T20:19:17.648Z,"10.0.4.151 - - [15/Mar/2026:20:19:17 +0000] ""GET / HTTP/1.1"" 200 459 ""-"" ""ELB-HealthChecker/2.0"" ""-""",011337674220:/ecs/cococash-wfe,wfe/wfe/20973f81ed264592b429b2332dd43237
2026-03-15T20:19:19.933Z,"10.0.1.20 - - [15/Mar/2026:20:19:19 +0000] ""GET / HTTP/1.1"" 200 459 ""-"" ""ELB-HealthChecker/2.0"" ""-""",011337674220:/ecs/cococash-wfe,wfe/wfe/20973f81ed264592b429b2332dd43237
2026-03-15T20:19:15.926Z,"START RequestId: ef57c39f-961b-57ba-9dbd-a1ae80624ec6 Version: $LATEST
",011337674220:/aws/lambda/cococash-pdf-maker,2026/03/15/[$LATEST]528aa744996a4e95b9ca5ac04c08d6dd
2026-03-15T20:19:15.928Z,"2026/03/15 20:19:15 Generating PDF for user=b4086408-f091-70c7-1cae-fbf6dea2c607 account=937c9f9e-5df2-4f7e-86f2-002bce00f354 period=2026-03 transactions=4
",011337674220:/aws/lambda/cococash-pdf-maker,2026/03/15/[$LATEST]528aa744996a4e95b9ca5ac04c08d6dd
2026-03-15T20:19:15.994Z,"2026/03/15 20:19:15 Uploaded PDF to s3://cococash-pdf-odb-011337674220/reportes/b4086408-f091-70c7-1cae-fbf6dea2c607/2026/03/extracto.pdf
",011337674220:/aws/lambda/cococash-pdf-maker,2026/03/15/[$LATEST]528aa744996a4e95b9ca5ac04c08d6dd
2026-03-15T20:19:15.996Z,"END RequestId: ef57c39f-961b-57ba-9dbd-a1ae80624ec6
",011337674220:/aws/lambda/cococash-pdf-maker,2026/03/15/[$LATEST]528aa744996a4e95b9ca5ac04c08d6dd
2026-03-15T20:19:15.996Z,"REPORT RequestId: ef57c39f-961b-57ba-9dbd-a1ae80624ec6	Duration: 69.15 ms	Billed Duration: 70 ms	Memory Size: 256 MB	Max Memory Used: 32 MB	
",011337674220:/aws/lambda/cococash-pdf-maker,2026/03/15/[$LATEST]528aa744996a4e95b9ca5ac04c08d6dd
2026-03-15T20:19:15.720Z,"START RequestId: 01b64b7f-740a-44a9-ab7a-bf0e3c23880a Version: $LATEST
",011337674220:/aws/lambda/cococash-get-accounts,2026/03/15/[$LATEST]fd4495ceb84c41f79d880be87688ec26
2026-03-15T20:19:15.721Z,"2026/03/15 20:19:15 Starting report generation for period: 2026-03
",011337674220:/aws/lambda/cococash-get-accounts,2026/03/15/[$LATEST]fd4495ceb84c41f79d880be87688ec26
2026-03-15T20:19:15.762Z,"2026/03/15 20:19:15 Fetched 3 active accounts
",011337674220:/aws/lambda/cococash-get-accounts,2026/03/15/[$LATEST]fd4495ceb84c41f79d880be87688ec26
2026-03-15T20:19:15.802Z,"2026/03/15 20:19:15 Published batch 1 (3 accounts)
",011337674220:/aws/lambda/cococash-get-accounts,2026/03/15/[$LATEST]fd4495ceb84c41f79d880be87688ec26
2026-03-15T20:19:15.802Z,"2026/03/15 20:19:15 Completed: published 1 batches for 3 accounts, period 2026-03
",011337674220:/aws/lambda/cococash-get-accounts,2026/03/15/[$LATEST]fd4495ceb84c41f79d880be87688ec26
2026-03-15T20:19:15.803Z,"END RequestId: 01b64b7f-740a-44a9-ab7a-bf0e3c23880a
",011337674220:/aws/lambda/cococash-get-accounts,2026/03/15/[$LATEST]fd4495ceb84c41f79d880be87688ec26
2026-03-15T20:19:15.804Z,"REPORT RequestId: 01b64b7f-740a-44a9-ab7a-bf0e3c23880a	Duration: 82.63 ms	Billed Duration: 83 ms	Memory Size: 128 MB	Max Memory Used: 30 MB	
",011337674220:/aws/lambda/cococash-get-accounts,2026/03/15/[$LATEST]fd4495ceb84c41f79d880be87688ec26
2026-03-15T20:19:15.928Z,"START RequestId: d9a2615d-c5f8-5a68-8a69-036cd388d4a1 Version: $LATEST
",011337674220:/aws/lambda/cococash-pdf-maker,2026/03/15/[$LATEST]cf23b45679304821b3c966368a552e3d
2026-03-15T20:19:15.928Z,"2026/03/15 20:19:15 Generating PDF for user=00000000-0000-0000-0000-000000000001 account=a0000000-0000-0000-0000-000000000001 period=2026-03 transactions=0
",011337674220:/aws/lambda/cococash-pdf-maker,2026/03/15/[$LATEST]cf23b45679304821b3c966368a552e3d
2026-03-15T20:19:16.007Z,"2026/03/15 20:19:16 Uploaded PDF to s3://cococash-pdf-odb-011337674220/reportes/00000000-0000-0000-0000-000000000001/2026/03/extracto.pdf
",011337674220:/aws/lambda/cococash-pdf-maker,2026/03/15/[$LATEST]cf23b45679304821b3c966368a552e3d
2026-03-15T20:19:16.008Z,"END RequestId: d9a2615d-c5f8-5a68-8a69-036cd388d4a1
",011337674220:/aws/lambda/cococash-pdf-maker,2026/03/15/[$LATEST]cf23b45679304821b3c966368a552e3d
2026-03-15T20:19:16.009Z,"REPORT RequestId: d9a2615d-c5f8-5a68-8a69-036cd388d4a1	Duration: 79.98 ms	Billed Duration: 80 ms	Memory Size: 256 MB	Max Memory Used: 32 MB	
",011337674220:/aws/lambda/cococash-pdf-maker,2026/03/15/[$LATEST]cf23b45679304821b3c966368a552e3d
2026-03-15T20:19:16.133Z,"START RequestId: f73c0dd9-ad36-58a4-95dd-6fe8bb467c12 Version: $LATEST
",011337674220:/aws/lambda/cococash-pdf-maker,2026/03/15/[$LATEST]cf23b45679304821b3c966368a552e3d
2026-03-15T20:19:16.134Z,"2026/03/15 20:19:16 Generating PDF for user=94180498-80b1-70c6-aa12-1b5de6f27bbb account=8f4fc671-ebc7-489f-b2b2-287c5e1538e2 period=2026-03 transactions=4
",011337674220:/aws/lambda/cococash-pdf-maker,2026/03/15/[$LATEST]cf23b45679304821b3c966368a552e3d
2026-03-15T20:19:16.162Z,"2026/03/15 20:19:16 Uploaded PDF to s3://cococash-pdf-odb-011337674220/reportes/94180498-80b1-70c6-aa12-1b5de6f27bbb/2026/03/extracto.pdf
",011337674220:/aws/lambda/cococash-pdf-maker,2026/03/15/[$LATEST]cf23b45679304821b3c966368a552e3d
2026-03-15T20:19:16.164Z,"END RequestId: f73c0dd9-ad36-58a4-95dd-6fe8bb467c12
",011337674220:/aws/lambda/cococash-pdf-maker,2026/03/15/[$LATEST]cf23b45679304821b3c966368a552e3d
2026-03-15T20:19:16.164Z,"REPORT RequestId: f73c0dd9-ad36-58a4-95dd-6fe8bb467c12	Duration: 30.17 ms	Billed Duration: 31 ms	Memory Size: 256 MB	Max Memory Used: 32 MB	
",011337674220:/aws/lambda/cococash-pdf-maker,2026/03/15/[$LATEST]cf23b45679304821b3c966368a552e3d
2026-03-15T20:19:15.723Z,"{""httpMethod"":""GET"",""integrationError"":""-"",""ip"":""13.216.212.172"",""protocol"":""HTTP/1.1"",""requestId"":""aSAapiaFIAMESaQ="",""requestTime"":""15/Mar/2026:20:19:15 +0000"",""responseLength"":""821"",""routeKey"":""GET /v1/accounts/all"",""status"":""200""}",011337674220:/apigateway/cococash-api,1klwe2emka_.default-2026-03-15-20-19
2026-03-15T20:19:44.872Z,"10.0.1.20 - - [15/Mar/2026:20:19:44 +0000] ""GET / HTTP/1.1"" 200 459 ""-"" ""ELB-HealthChecker/2.0"" ""-""",011337674220:/ecs/cococash-wfe,wfe/wfe/c88d236c7466456d9645d055b1a3262e
2026-03-15T20:19:47.666Z,"10.0.4.151 - - [15/Mar/2026:20:19:47 +0000] ""GET / HTTP/1.1"" 200 459 ""-"" ""ELB-HealthChecker/2.0"" ""-""",011337674220:/ecs/cococash-wfe,wfe/wfe/c88d236c7466456d9645d055b1a3262e
2026-03-15T20:19:47.666Z,"10.0.4.151 - - [15/Mar/2026:20:19:47 +0000] ""GET / HTTP/1.1"" 200 459 ""-"" ""ELB-HealthChecker/2.0"" ""-""",011337674220:/ecs/cococash-wfe,wfe/wfe/20973f81ed264592b429b2332dd43237
2026-03-15T20:19:49.937Z,"10.0.1.20 - - [15/Mar/2026:20:19:49 +0000] ""GET / HTTP/1.1"" 200 459 ""-"" ""ELB-HealthChecker/2.0"" ""-""",011337674220:/ecs/cococash-wfe,wfe/wfe/20973f81ed264592b429b2332dd43237
2026-03-15T20:20:16.079Z,2026/03/15 20:20:16 Processing report batch: 3 accounts for period 2026-03,011337674220:/ecs/cococash-transaction,transaction/transaction-ms/429b0449b543441c8b399439fbb31f40
2026-03-15T20:20:16.083Z,2026/03/15 20:20:16 Found 0 transactions for user=00000000-0000-0000-0000-000000000001 period=2026-03,011337674220:/ecs/cococash-transaction,transaction/transaction-ms/429b0449b543441c8b399439fbb31f40
2026-03-15T20:20:16.123Z,2026/03/15 20:20:16 Published consolidated report for user=00000000-0000-0000-0000-000000000001 period=2026-03 (0 txns),011337674220:/ecs/cococash-transaction,transaction/transaction-ms/429b0449b543441c8b399439fbb31f40
2026-03-15T20:20:16.126Z,2026/03/15 20:20:16 Found 4 transactions for user=b4086408-f091-70c7-1cae-fbf6dea2c607 period=2026-03,011337674220:/ecs/cococash-transaction,transaction/transaction-ms/429b0449b543441c8b399439fbb31f40
2026-03-15T20:20:16.139Z,2026/03/15 20:20:16 Published consolidated report for user=b4086408-f091-70c7-1cae-fbf6dea2c607 period=2026-03 (4 txns),011337674220:/ecs/cococash-transaction,transaction/transaction-ms/429b0449b543441c8b399439fbb31f40
2026-03-15T20:20:16.143Z,2026/03/15 20:20:16 Found 4 transactions for user=94180498-80b1-70c6-aa12-1b5de6f27bbb period=2026-03,011337674220:/ecs/cococash-transaction,transaction/transaction-ms/429b0449b543441c8b399439fbb31f40
2026-03-15T20:20:16.155Z,2026/03/15 20:20:16 Published consolidated report for user=94180498-80b1-70c6-aa12-1b5de6f27bbb period=2026-03 (4 txns),011337674220:/ecs/cococash-transaction,transaction/transaction-ms/429b0449b543441c8b399439fbb31f40
2026-03-15T20:20:14.888Z,"10.0.1.20 - - [15/Mar/2026:20:20:14 +0000] ""GET / HTTP/1.1"" 200 459 ""-"" ""ELB-HealthChecker/2.0"" ""-""",011337674220:/ecs/cococash-wfe,wfe/wfe/c88d236c7466456d9645d055b1a3262e
2026-03-15T20:20:17.676Z,"10.0.4.151 - - [15/Mar/2026:20:20:17 +0000] ""GET / HTTP/1.1"" 200 459 ""-"" ""ELB-HealthChecker/2.0"" ""-""",011337674220:/ecs/cococash-wfe,wfe/wfe/c88d236c7466456d9645d055b1a3262e
2026-03-15T20:20:17.676Z,"10.0.4.151 - - [15/Mar/2026:20:20:17 +0000] ""GET / HTTP/1.1"" 200 459 ""-"" ""ELB-HealthChecker/2.0"" ""-""",011337674220:/ecs/cococash-wfe,wfe/wfe/20973f81ed264592b429b2332dd43237
2026-03-15T20:20:19.943Z,"10.0.1.20 - - [15/Mar/2026:20:20:19 +0000] ""GET / HTTP/1.1"" 200 459 ""-"" ""ELB-HealthChecker/2.0"" ""-""",011337674220:/ecs/cococash-wfe,wfe/wfe/20973f81ed264592b429b2332dd43237
2026-03-15T20:20:15.849Z,"START RequestId: 6b6f48a4-e882-44ab-8f71-f02a8eaed34e Version: $LATEST
",011337674220:/aws/lambda/cococash-get-accounts,2026/03/15/[$LATEST]fd4495ceb84c41f79d880be87688ec26
2026-03-15T20:20:15.880Z,"2026/03/15 20:20:15 Starting report generation for period: 2026-03
",011337674220:/aws/lambda/cococash-get-accounts,2026/03/15/[$LATEST]fd4495ceb84c41f79d880be87688ec26
2026-03-15T20:20:15.924Z,"2026/03/15 20:20:15 Fetched 3 active accounts
",011337674220:/aws/lambda/cococash-get-accounts,2026/03/15/[$LATEST]fd4495ceb84c41f79d880be87688ec26
2026-03-15T20:20:16.010Z,"2026/03/15 20:20:16 Published batch 1 (3 accounts)
",011337674220:/aws/lambda/cococash-get-accounts,2026/03/15/[$LATEST]fd4495ceb84c41f79d880be87688ec26
2026-03-15T20:20:16.010Z,"2026/03/15 20:20:16 Completed: published 1 batches for 3 accounts, period 2026-03
",011337674220:/aws/lambda/cococash-get-accounts,2026/03/15/[$LATEST]fd4495ceb84c41f79d880be87688ec26
2026-03-15T20:20:16.011Z,"END RequestId: 6b6f48a4-e882-44ab-8f71-f02a8eaed34e
",011337674220:/aws/lambda/cococash-get-accounts,2026/03/15/[$LATEST]fd4495ceb84c41f79d880be87688ec26
2026-03-15T20:20:16.011Z,"REPORT RequestId: 6b6f48a4-e882-44ab-8f71-f02a8eaed34e	Duration: 161.52 ms	Billed Duration: 162 ms	Memory Size: 128 MB	Max Memory Used: 30 MB	
",011337674220:/aws/lambda/cococash-get-accounts,2026/03/15/[$LATEST]fd4495ceb84c41f79d880be87688ec26
2026-03-15T20:20:16.184Z,"START RequestId: 5bea51cc-4913-5fbf-9334-33fd5fbf2efd Version: $LATEST
",011337674220:/aws/lambda/cococash-pdf-maker,2026/03/15/[$LATEST]cf23b45679304821b3c966368a552e3d
2026-03-15T20:20:16.186Z,"2026/03/15 20:20:16 Generating PDF for user=00000000-0000-0000-0000-000000000001 account=a0000000-0000-0000-0000-000000000001 period=2026-03 transactions=0
",011337674220:/aws/lambda/cococash-pdf-maker,2026/03/15/[$LATEST]cf23b45679304821b3c966368a552e3d
2026-03-15T20:20:16.277Z,"2026/03/15 20:20:16 Uploaded PDF to s3://cococash-pdf-odb-011337674220/reportes/00000000-0000-0000-0000-000000000001/2026/03/extracto.pdf
",011337674220:/aws/lambda/cococash-pdf-maker,2026/03/15/[$LATEST]cf23b45679304821b3c966368a552e3d
2026-03-15T20:20:16.279Z,"END RequestId: 5bea51cc-4913-5fbf-9334-33fd5fbf2efd
",011337674220:/aws/lambda/cococash-pdf-maker,2026/03/15/[$LATEST]cf23b45679304821b3c966368a552e3d
2026-03-15T20:20:16.279Z,"REPORT RequestId: 5bea51cc-4913-5fbf-9334-33fd5fbf2efd	Duration: 93.69 ms	Billed Duration: 94 ms	Memory Size: 256 MB	Max Memory Used: 32 MB	
",011337674220:/aws/lambda/cococash-pdf-maker,2026/03/15/[$LATEST]cf23b45679304821b3c966368a552e3d
2026-03-15T20:20:16.260Z,"START RequestId: 47affda5-3cda-5864-8c92-9f942a769118 Version: $LATEST
",011337674220:/aws/lambda/cococash-pdf-maker,2026/03/15/[$LATEST]528aa744996a4e95b9ca5ac04c08d6dd
2026-03-15T20:20:16.269Z,"2026/03/15 20:20:16 Generating PDF for user=94180498-80b1-70c6-aa12-1b5de6f27bbb account=8f4fc671-ebc7-489f-b2b2-287c5e1538e2 period=2026-03 transactions=4
",011337674220:/aws/lambda/cococash-pdf-maker,2026/03/15/[$LATEST]528aa744996a4e95b9ca5ac04c08d6dd
2026-03-15T20:20:16.365Z,"2026/03/15 20:20:16 Uploaded PDF to s3://cococash-pdf-odb-011337674220/reportes/94180498-80b1-70c6-aa12-1b5de6f27bbb/2026/03/extracto.pdf
",011337674220:/aws/lambda/cococash-pdf-maker,2026/03/15/[$LATEST]528aa744996a4e95b9ca5ac04c08d6dd
2026-03-15T20:20:16.366Z,"END RequestId: 47affda5-3cda-5864-8c92-9f942a769118
",011337674220:/aws/lambda/cococash-pdf-maker,2026/03/15/[$LATEST]528aa744996a4e95b9ca5ac04c08d6dd
2026-03-15T20:20:16.366Z,"REPORT RequestId: 47affda5-3cda-5864-8c92-9f942a769118	Duration: 105.13 ms	Billed Duration: 106 ms	Memory Size: 256 MB	Max Memory Used: 32 MB	
",011337674220:/aws/lambda/cococash-pdf-maker,2026/03/15/[$LATEST]528aa744996a4e95b9ca5ac04c08d6dd
2026-03-15T20:20:36.190Z,"START RequestId: b6e70c03-6ed2-576c-b281-6e32786d19a5 Version: $LATEST
",011337674220:/aws/lambda/cococash-pdf-maker,2026/03/15/[$LATEST]528aa744996a4e95b9ca5ac04c08d6dd
2026-03-15T20:20:36.190Z,"2026/03/15 20:20:36 Generating PDF for user=b4086408-f091-70c7-1cae-fbf6dea2c607 account=937c9f9e-5df2-4f7e-86f2-002bce00f354 period=2026-03 transactions=4
",011337674220:/aws/lambda/cococash-pdf-maker,2026/03/15/[$LATEST]528aa744996a4e95b9ca5ac04c08d6dd
2026-03-15T20:20:36.274Z,"2026/03/15 20:20:36 Uploaded PDF to s3://cococash-pdf-odb-011337674220/reportes/b4086408-f091-70c7-1cae-fbf6dea2c607/2026/03/extracto.pdf
",011337674220:/aws/lambda/cococash-pdf-maker,2026/03/15/[$LATEST]528aa744996a4e95b9ca5ac04c08d6dd
2026-03-15T20:20:36.276Z,"END RequestId: b6e70c03-6ed2-576c-b281-6e32786d19a5
",011337674220:/aws/lambda/cococash-pdf-maker,2026/03/15/[$LATEST]528aa744996a4e95b9ca5ac04c08d6dd
2026-03-15T20:20:36.276Z,"REPORT RequestId: b6e70c03-6ed2-576c-b281-6e32786d19a5	Duration: 85.86 ms	Billed Duration: 86 ms	Memory Size: 256 MB	Max Memory Used: 32 MB	
",011337674220:/aws/lambda/cococash-pdf-maker,2026/03/15/[$LATEST]528aa744996a4e95b9ca5ac04c08d6dd
2026-03-15T20:20:44.912Z,"10.0.1.20 - - [15/Mar/2026:20:20:44 +0000] ""GET / HTTP/1.1"" 200 459 ""-"" ""ELB-HealthChecker/2.0"" ""-""",011337674220:/ecs/cococash-wfe,wfe/wfe/c88d236c7466456d9645d055b1a3262e
2026-03-15T20:20:47.705Z,"10.0.4.151 - - [15/Mar/2026:20:20:47 +0000] ""GET / HTTP/1.1"" 200 459 ""-"" ""ELB-HealthChecker/2.0"" ""-""",011337674220:/ecs/cococash-wfe,wfe/wfe/c88d236c7466456d9645d055b1a3262e
2026-03-15T20:20:15.881Z,"{""httpMethod"":""GET"",""integrationError"":""-"",""ip"":""13.216.212.172"",""protocol"":""HTTP/1.1"",""requestId"":""aSAkCgOXoAMEa-g="",""requestTime"":""15/Mar/2026:20:20:15 +0000"",""responseLength"":""821"",""routeKey"":""GET /v1/accounts/all"",""status"":""200""}",011337674220:/apigateway/cococash-api,1klwe2emka_.default-2026-03-15-20-20
2026-03-15T20:20:47.704Z,"10.0.4.151 - - [15/Mar/2026:20:20:47 +0000] ""GET / HTTP/1.1"" 200 459 ""-"" ""ELB-HealthChecker/2.0"" ""-""",011337674220:/ecs/cococash-wfe,wfe/wfe/20973f81ed264592b429b2332dd43237
2026-03-15T20:20:49.949Z,"10.0.1.20 - - [15/Mar/2026:20:20:49 +0000] ""GET / HTTP/1.1"" 200 459 ""-"" ""ELB-HealthChecker/2.0"" ""-""",011337674220:/ecs/cococash-wfe,wfe/wfe/20973f81ed264592b429b2332dd43237
2026-03-15T20:21:14.916Z,"10.0.1.20 - - [15/Mar/2026:20:21:14 +0000] ""GET / HTTP/1.1"" 200 459 ""-"" ""ELB-HealthChecker/2.0"" ""-""",011337674220:/ecs/cococash-wfe,wfe/wfe/c88d236c7466456d9645d055b1a3262e
2026-03-15T20:21:17.736Z,"10.0.4.151 - - [15/Mar/2026:20:21:17 +0000] ""GET / HTTP/1.1"" 200 459 ""-"" ""ELB-HealthChecker/2.0"" ""-""",011337674220:/ecs/cococash-wfe,wfe/wfe/c88d236c7466456d9645d055b1a3262e
2026-03-15T20:21:16.042Z,2026/03/15 20:21:16 Processing report batch: 3 accounts for period 2026-03,011337674220:/ecs/cococash-transaction,transaction/transaction-ms/16613d4aa3bc43eda88e56a626244b7c
2026-03-15T20:21:16.071Z,2026/03/15 20:21:16 Found 0 transactions for user=00000000-0000-0000-0000-000000000001 period=2026-03,011337674220:/ecs/cococash-transaction,transaction/transaction-ms/16613d4aa3bc43eda88e56a626244b7c
2026-03-15T20:21:16.132Z,2026/03/15 20:21:16 Published consolidated report for user=00000000-0000-0000-0000-000000000001 period=2026-03 (0 txns),011337674220:/ecs/cococash-transaction,transaction/transaction-ms/16613d4aa3bc43eda88e56a626244b7c
2026-03-15T20:21:16.135Z,2026/03/15 20:21:16 Found 4 transactions for user=b4086408-f091-70c7-1cae-fbf6dea2c607 period=2026-03,011337674220:/ecs/cococash-transaction,transaction/transaction-ms/16613d4aa3bc43eda88e56a626244b7c
2026-03-15T20:21:16.148Z,2026/03/15 20:21:16 Published consolidated report for user=b4086408-f091-70c7-1cae-fbf6dea2c607 period=2026-03 (4 txns),011337674220:/ecs/cococash-transaction,transaction/transaction-ms/16613d4aa3bc43eda88e56a626244b7c
2026-03-15T20:21:16.151Z,2026/03/15 20:21:16 Found 4 transactions for user=94180498-80b1-70c6-aa12-1b5de6f27bbb period=2026-03,011337674220:/ecs/cococash-transaction,transaction/transaction-ms/16613d4aa3bc43eda88e56a626244b7c
2026-03-15T20:21:16.162Z,2026/03/15 20:21:16 Published consolidated report for user=94180498-80b1-70c6-aa12-1b5de6f27bbb period=2026-03 (4 txns),011337674220:/ecs/cococash-transaction,transaction/transaction-ms/16613d4aa3bc43eda88e56a626244b7c
2026-03-15T20:21:17.735Z,"10.0.4.151 - - [15/Mar/2026:20:21:17 +0000] ""GET / HTTP/1.1"" 200 459 ""-"" ""ELB-HealthChecker/2.0"" ""-""",011337674220:/ecs/cococash-wfe,wfe/wfe/20973f81ed264592b429b2332dd43237
2026-03-15T20:21:19.955Z,"10.0.1.20 - - [15/Mar/2026:20:21:19 +0000] ""GET / HTTP/1.1"" 200 459 ""-"" ""ELB-HealthChecker/2.0"" ""-""",011337674220:/ecs/cococash-wfe,wfe/wfe/20973f81ed264592b429b2332dd43237
2026-03-15T20:21:15.921Z,"START RequestId: 4a14bf5a-9e89-400b-809b-82a5b5cccb93 Version: $LATEST
",011337674220:/aws/lambda/cococash-get-accounts,2026/03/15/[$LATEST]fd4495ceb84c41f79d880be87688ec26
2026-03-15T20:21:15.922Z,"2026/03/15 20:21:15 Starting report generation for period: 2026-03
",011337674220:/aws/lambda/cococash-get-accounts,2026/03/15/[$LATEST]fd4495ceb84c41f79d880be87688ec26
2026-03-15T20:21:15.966Z,"2026/03/15 20:21:15 Fetched 3 active accounts
",011337674220:/aws/lambda/cococash-get-accounts,2026/03/15/[$LATEST]fd4495ceb84c41f79d880be87688ec26
2026-03-15T20:21:16.014Z,"2026/03/15 20:21:16 Published batch 1 (3 accounts)
",011337674220:/aws/lambda/cococash-get-accounts,2026/03/15/[$LATEST]fd4495ceb84c41f79d880be87688ec26
2026-03-15T20:21:16.014Z,"2026/03/15 20:21:16 Completed: published 1 batches for 3 accounts, period 2026-03
",011337674220:/aws/lambda/cococash-get-accounts,2026/03/15/[$LATEST]fd4495ceb84c41f79d880be87688ec26
2026-03-15T20:21:16.015Z,"END RequestId: 4a14bf5a-9e89-400b-809b-82a5b5cccb93
",011337674220:/aws/lambda/cococash-get-accounts,2026/03/15/[$LATEST]fd4495ceb84c41f79d880be87688ec26
2026-03-15T20:21:16.015Z,"REPORT RequestId: 4a14bf5a-9e89-400b-809b-82a5b5cccb93	Duration: 93.04 ms	Billed Duration: 94 ms	Memory Size: 128 MB	Max Memory Used: 30 MB	
",011337674220:/aws/lambda/cococash-get-accounts,2026/03/15/[$LATEST]fd4495ceb84c41f79d880be87688ec26
2026-03-15T20:21:16.177Z,"START RequestId: 4ce7e787-665c-5a4f-b57a-85b670b4a333 Version: $LATEST
",011337674220:/aws/lambda/cococash-pdf-maker,2026/03/15/[$LATEST]528aa744996a4e95b9ca5ac04c08d6dd
2026-03-15T20:21:16.178Z,"2026/03/15 20:21:16 Generating PDF for user=00000000-0000-0000-0000-000000000001 account=a0000000-0000-0000-0000-000000000001 period=2026-03 transactions=0
",011337674220:/aws/lambda/cococash-pdf-maker,2026/03/15/[$LATEST]528aa744996a4e95b9ca5ac04c08d6dd
2026-03-15T20:21:16.258Z,"2026/03/15 20:21:16 Uploaded PDF to s3://cococash-pdf-odb-011337674220/reportes/00000000-0000-0000-0000-000000000001/2026/03/extracto.pdf
",011337674220:/aws/lambda/cococash-pdf-maker,2026/03/15/[$LATEST]528aa744996a4e95b9ca5ac04c08d6dd
2026-03-15T20:21:16.259Z,"END RequestId: 4ce7e787-665c-5a4f-b57a-85b670b4a333
",011337674220:/aws/lambda/cococash-pdf-maker,2026/03/15/[$LATEST]528aa744996a4e95b9ca5ac04c08d6dd
2026-03-15T20:21:16.259Z,"REPORT RequestId: 4ce7e787-665c-5a4f-b57a-85b670b4a333	Duration: 81.90 ms	Billed Duration: 82 ms	Memory Size: 256 MB	Max Memory Used: 32 MB	
",011337674220:/aws/lambda/cococash-pdf-maker,2026/03/15/[$LATEST]528aa744996a4e95b9ca5ac04c08d6dd
2026-03-15T20:21:21.778Z,"START RequestId: 4882ac77-ca89-5393-8714-ce46dc611f0b Version: $LATEST
",011337674220:/aws/lambda/cococash-pdf-maker,2026/03/15/[$LATEST]528aa744996a4e95b9ca5ac04c08d6dd
2026-03-15T20:21:21.778Z,"2026/03/15 20:21:21 Generating PDF for user=94180498-80b1-70c6-aa12-1b5de6f27bbb account=8f4fc671-ebc7-489f-b2b2-287c5e1538e2 period=2026-03 transactions=4
",011337674220:/aws/lambda/cococash-pdf-maker,2026/03/15/[$LATEST]528aa744996a4e95b9ca5ac04c08d6dd
2026-03-15T20:21:21.803Z,"2026/03/15 20:21:21 Uploaded PDF to s3://cococash-pdf-odb-011337674220/reportes/94180498-80b1-70c6-aa12-1b5de6f27bbb/2026/03/extracto.pdf
",011337674220:/aws/lambda/cococash-pdf-maker,2026/03/15/[$LATEST]528aa744996a4e95b9ca5ac04c08d6dd
2026-03-15T20:21:21.805Z,"END RequestId: 4882ac77-ca89-5393-8714-ce46dc611f0b
",011337674220:/aws/lambda/cococash-pdf-maker,2026/03/15/[$LATEST]528aa744996a4e95b9ca5ac04c08d6dd
2026-03-15T20:21:21.805Z,"REPORT RequestId: 4882ac77-ca89-5393-8714-ce46dc611f0b	Duration: 26.22 ms	Billed Duration: 27 ms	Memory Size: 256 MB	Max Memory Used: 32 MB	
",011337674220:/aws/lambda/cococash-pdf-maker,2026/03/15/[$LATEST]528aa744996a4e95b9ca5ac04c08d6dd
2026-03-15T20:21:15.923Z,"{""httpMethod"":""GET"",""integrationError"":""-"",""ip"":""13.216.212.172"",""protocol"":""HTTP/1.1"",""requestId"":""aSAtbiBjoAMEaWg="",""requestTime"":""15/Mar/2026:20:21:15 +0000"",""responseLength"":""821"",""routeKey"":""GET /v1/accounts/all"",""status"":""200""}",011337674220:/apigateway/cococash-api,1klwe2emka_.default-2026-03-15-20-21
2026-03-15T20:21:36.201Z,"START RequestId: 239ab118-ca82-542d-9de1-d329dc6a14d8 Version: $LATEST
",011337674220:/aws/lambda/cococash-pdf-maker,2026/03/15/[$LATEST]528aa744996a4e95b9ca5ac04c08d6dd
2026-03-15T20:21:36.203Z,"2026/03/15 20:21:36 Generating PDF for user=b4086408-f091-70c7-1cae-fbf6dea2c607 account=937c9f9e-5df2-4f7e-86f2-002bce00f354 period=2026-03 transactions=4
",011337674220:/aws/lambda/cococash-pdf-maker,2026/03/15/[$LATEST]528aa744996a4e95b9ca5ac04c08d6dd
2026-03-15T20:21:36.261Z,"2026/03/15 20:21:36 Uploaded PDF to s3://cococash-pdf-odb-011337674220/reportes/b4086408-f091-70c7-1cae-fbf6dea2c607/2026/03/extracto.pdf
",011337674220:/aws/lambda/cococash-pdf-maker,2026/03/15/[$LATEST]528aa744996a4e95b9ca5ac04c08d6dd
2026-03-15T20:21:36.263Z,"END RequestId: 239ab118-ca82-542d-9de1-d329dc6a14d8
",011337674220:/aws/lambda/cococash-pdf-maker,2026/03/15/[$LATEST]528aa744996a4e95b9ca5ac04c08d6dd
2026-03-15T20:21:36.263Z,"REPORT RequestId: 239ab118-ca82-542d-9de1-d329dc6a14d8	Duration: 61.05 ms	Billed Duration: 62 ms	Memory Size: 256 MB	Max Memory Used: 32 MB	
",011337674220:/aws/lambda/cococash-pdf-maker,2026/03/15/[$LATEST]528aa744996a4e95b9ca5ac04c08d6dd
2026-03-15T20:21:44.940Z,"10.0.1.20 - - [15/Mar/2026:20:21:44 +0000] ""GET / HTTP/1.1"" 200 459 ""-"" ""ELB-HealthChecker/2.0"" ""-""",011337674220:/ecs/cococash-wfe,wfe/wfe/c88d236c7466456d9645d055b1a3262e
2026-03-15T20:21:47.748Z,"10.0.4.151 - - [15/Mar/2026:20:21:47 +0000] ""GET / HTTP/1.1"" 200 459 ""-"" ""ELB-HealthChecker/2.0"" ""-""",011337674220:/ecs/cococash-wfe,wfe/wfe/c88d236c7466456d9645d055b1a3262e
2026-03-15T20:21:47.748Z,"10.0.4.151 - - [15/Mar/2026:20:21:47 +0000] ""GET / HTTP/1.1"" 200 459 ""-"" ""ELB-HealthChecker/2.0"" ""-""",011337674220:/ecs/cococash-wfe,wfe/wfe/20973f81ed264592b429b2332dd43237
2026-03-15T20:21:49.961Z,"10.0.1.20 - - [15/Mar/2026:20:21:49 +0000] ""GET / HTTP/1.1"" 200 459 ""-"" ""ELB-HealthChecker/2.0"" ""-""",011337674220:/ecs/cococash-wfe,wfe/wfe/20973f81ed264592b429b2332dd43237
2026-03-15T20:22:15.830Z,2026/03/15 20:22:15 Processing report batch: 3 accounts for period 2026-03,011337674220:/ecs/cococash-transaction,transaction/transaction-ms/429b0449b543441c8b399439fbb31f40
2026-03-15T20:22:15.860Z,2026/03/15 20:22:15 Found 0 transactions for user=00000000-0000-0000-0000-000000000001 period=2026-03,011337674220:/ecs/cococash-transaction,transaction/transaction-ms/429b0449b543441c8b399439fbb31f40
2026-03-15T20:22:15.889Z,2026/03/15 20:22:15 Published consolidated report for user=00000000-0000-0000-0000-000000000001 period=2026-03 (0 txns),011337674220:/ecs/cococash-transaction,transaction/transaction-ms/429b0449b543441c8b399439fbb31f40
2026-03-15T20:22:15.892Z,2026/03/15 20:22:15 Found 4 transactions for user=b4086408-f091-70c7-1cae-fbf6dea2c607 period=2026-03,011337674220:/ecs/cococash-transaction,transaction/transaction-ms/429b0449b543441c8b399439fbb31f40
2026-03-15T20:22:15.906Z,2026/03/15 20:22:15 Published consolidated report for user=b4086408-f091-70c7-1cae-fbf6dea2c607 period=2026-03 (4 txns),011337674220:/ecs/cococash-transaction,transaction/transaction-ms/429b0449b543441c8b399439fbb31f40
2026-03-15T20:22:15.910Z,2026/03/15 20:22:15 Found 4 transactions for user=94180498-80b1-70c6-aa12-1b5de6f27bbb period=2026-03,011337674220:/ecs/cococash-transaction,transaction/transaction-ms/429b0449b543441c8b399439fbb31f40
2026-03-15T20:22:15.922Z,2026/03/15 20:22:15 Published consolidated report for user=94180498-80b1-70c6-aa12-1b5de6f27bbb period=2026-03 (4 txns),011337674220:/ecs/cococash-transaction,transaction/transaction-ms/429b0449b543441c8b399439fbb31f40
2026-03-15T20:22:14.966Z,"10.0.1.20 - - [15/Mar/2026:20:22:14 +0000] ""GET / HTTP/1.1"" 200 459 ""-"" ""ELB-HealthChecker/2.0"" ""-""",011337674220:/ecs/cococash-wfe,wfe/wfe/c88d236c7466456d9645d055b1a3262e
2026-03-15T20:22:17.776Z,"10.0.4.151 - - [15/Mar/2026:20:22:17 +0000] ""GET / HTTP/1.1"" 200 459 ""-"" ""ELB-HealthChecker/2.0"" ""-""",011337674220:/ecs/cococash-wfe,wfe/wfe/c88d236c7466456d9645d055b1a3262e
2026-03-15T20:22:17.776Z,"10.0.4.151 - - [15/Mar/2026:20:22:17 +0000] ""GET / HTTP/1.1"" 200 459 ""-"" ""ELB-HealthChecker/2.0"" ""-""",011337674220:/ecs/cococash-wfe,wfe/wfe/20973f81ed264592b429b2332dd43237
2026-03-15T20:22:19.967Z,"10.0.1.20 - - [15/Mar/2026:20:22:19 +0000] ""GET / HTTP/1.1"" 200 459 ""-"" ""ELB-HealthChecker/2.0"" ""-""",011337674220:/ecs/cococash-wfe,wfe/wfe/20973f81ed264592b429b2332dd43237
2026-03-15T20:22:15.726Z,"START RequestId: ffae76c6-29ce-45ff-9744-73656e7eed3d Version: $LATEST
",011337674220:/aws/lambda/cococash-get-accounts,2026/03/15/[$LATEST]fd4495ceb84c41f79d880be87688ec26
2026-03-15T20:22:15.727Z,"2026/03/15 20:22:15 Starting report generation for period: 2026-03
",011337674220:/aws/lambda/cococash-get-accounts,2026/03/15/[$LATEST]fd4495ceb84c41f79d880be87688ec26
2026-03-15T20:22:15.773Z,"2026/03/15 20:22:15 Fetched 3 active accounts
",011337674220:/aws/lambda/cococash-get-accounts,2026/03/15/[$LATEST]fd4495ceb84c41f79d880be87688ec26
2026-03-15T20:22:15.803Z,"2026/03/15 20:22:15 Published batch 1 (3 accounts)
",011337674220:/aws/lambda/cococash-get-accounts,2026/03/15/[$LATEST]fd4495ceb84c41f79d880be87688ec26
2026-03-15T20:22:15.803Z,"2026/03/15 20:22:15 Completed: published 1 batches for 3 accounts, period 2026-03
",011337674220:/aws/lambda/cococash-get-accounts,2026/03/15/[$LATEST]fd4495ceb84c41f79d880be87688ec26
2026-03-15T20:22:15.805Z,"END RequestId: ffae76c6-29ce-45ff-9744-73656e7eed3d
",011337674220:/aws/lambda/cococash-get-accounts,2026/03/15/[$LATEST]fd4495ceb84c41f79d880be87688ec26
2026-03-15T20:22:15.805Z,"REPORT RequestId: ffae76c6-29ce-45ff-9744-73656e7eed3d	Duration: 78.51 ms	Billed Duration: 79 ms	Memory Size: 128 MB	Max Memory Used: 30 MB	
",011337674220:/aws/lambda/cococash-get-accounts,2026/03/15/[$LATEST]fd4495ceb84c41f79d880be87688ec26
2026-03-15T20:22:15.939Z,"START RequestId: 007dadfd-9517-56ce-9917-cfcc8233ffb2 Version: $LATEST
",011337674220:/aws/lambda/cococash-pdf-maker,2026/03/15/[$LATEST]528aa744996a4e95b9ca5ac04c08d6dd
2026-03-15T20:22:15.941Z,"2026/03/15 20:22:15 Generating PDF for user=00000000-0000-0000-0000-000000000001 account=a0000000-0000-0000-0000-000000000001 period=2026-03 transactions=0
",011337674220:/aws/lambda/cococash-pdf-maker,2026/03/15/[$LATEST]528aa744996a4e95b9ca5ac04c08d6dd
2026-03-15T20:22:16.011Z,"2026/03/15 20:22:16 Uploaded PDF to s3://cococash-pdf-odb-011337674220/reportes/00000000-0000-0000-0000-000000000001/2026/03/extracto.pdf
",011337674220:/aws/lambda/cococash-pdf-maker,2026/03/15/[$LATEST]528aa744996a4e95b9ca5ac04c08d6dd
2026-03-15T20:22:16.012Z,"END RequestId: 007dadfd-9517-56ce-9917-cfcc8233ffb2
",011337674220:/aws/lambda/cococash-pdf-maker,2026/03/15/[$LATEST]528aa744996a4e95b9ca5ac04c08d6dd
2026-03-15T20:22:16.012Z,"REPORT RequestId: 007dadfd-9517-56ce-9917-cfcc8233ffb2	Duration: 72.41 ms	Billed Duration: 73 ms	Memory Size: 256 MB	Max Memory Used: 32 MB	
",011337674220:/aws/lambda/cococash-pdf-maker,2026/03/15/[$LATEST]528aa744996a4e95b9ca5ac04c08d6dd
2026-03-15T20:22:16.016Z,"START RequestId: 2961b3fe-dea4-5070-8dab-d1cfc9808085 Version: $LATEST
",011337674220:/aws/lambda/cococash-pdf-maker,2026/03/15/[$LATEST]cf23b45679304821b3c966368a552e3d
2026-03-15T20:22:16.017Z,"2026/03/15 20:22:16 Generating PDF for user=94180498-80b1-70c6-aa12-1b5de6f27bbb account=8f4fc671-ebc7-489f-b2b2-287c5e1538e2 period=2026-03 transactions=4
",011337674220:/aws/lambda/cococash-pdf-maker,2026/03/15/[$LATEST]cf23b45679304821b3c966368a552e3d
2026-03-15T20:22:16.118Z,"2026/03/15 20:22:16 Uploaded PDF to s3://cococash-pdf-odb-011337674220/reportes/94180498-80b1-70c6-aa12-1b5de6f27bbb/2026/03/extracto.pdf
",011337674220:/aws/lambda/cococash-pdf-maker,2026/03/15/[$LATEST]cf23b45679304821b3c966368a552e3d
2026-03-15T20:22:16.119Z,"END RequestId: 2961b3fe-dea4-5070-8dab-d1cfc9808085
",011337674220:/aws/lambda/cococash-pdf-maker,2026/03/15/[$LATEST]cf23b45679304821b3c966368a552e3d
2026-03-15T20:22:16.119Z,"REPORT RequestId: 2961b3fe-dea4-5070-8dab-d1cfc9808085	Duration: 103.59 ms	Billed Duration: 104 ms	Memory Size: 256 MB	Max Memory Used: 32 MB	
",011337674220:/aws/lambda/cococash-pdf-maker,2026/03/15/[$LATEST]cf23b45679304821b3c966368a552e3d
2026-03-15T20:22:17.867Z,"START RequestId: 5d9686aa-ccfd-5917-b2f4-e49bdbd915e5 Version: $LATEST
",011337674220:/aws/lambda/cococash-pdf-maker,2026/03/15/[$LATEST]cf23b45679304821b3c966368a552e3d
2026-03-15T20:22:17.867Z,"2026/03/15 20:22:17 Generating PDF for user=b4086408-f091-70c7-1cae-fbf6dea2c607 account=937c9f9e-5df2-4f7e-86f2-002bce00f354 period=2026-03 transactions=4
",011337674220:/aws/lambda/cococash-pdf-maker,2026/03/15/[$LATEST]cf23b45679304821b3c966368a552e3d
2026-03-15T20:22:17.895Z,"2026/03/15 20:22:17 Uploaded PDF to s3://cococash-pdf-odb-011337674220/reportes/b4086408-f091-70c7-1cae-fbf6dea2c607/2026/03/extracto.pdf
",011337674220:/aws/lambda/cococash-pdf-maker,2026/03/15/[$LATEST]cf23b45679304821b3c966368a552e3d
2026-03-15T20:22:17.897Z,"END RequestId: 5d9686aa-ccfd-5917-b2f4-e49bdbd915e5
",011337674220:/aws/lambda/cococash-pdf-maker,2026/03/15/[$LATEST]cf23b45679304821b3c966368a552e3d
2026-03-15T20:22:17.897Z,"REPORT RequestId: 5d9686aa-ccfd-5917-b2f4-e49bdbd915e5	Duration: 29.59 ms	Billed Duration: 30 ms	Memory Size: 256 MB	Max Memory Used: 32 MB	
",011337674220:/aws/lambda/cococash-pdf-maker,2026/03/15/[$LATEST]cf23b45679304821b3c966368a552e3d
2026-03-15T20:22:44.976Z,"10.0.1.20 - - [15/Mar/2026:20:22:44 +0000] ""GET / HTTP/1.1"" 200 459 ""-"" ""ELB-HealthChecker/2.0"" ""-""",011337674220:/ecs/cococash-wfe,wfe/wfe/c88d236c7466456d9645d055b1a3262e
2026-03-15T20:22:47.792Z,"10.0.4.151 - - [15/Mar/2026:20:22:47 +0000] ""GET / HTTP/1.1"" 200 459 ""-"" ""ELB-HealthChecker/2.0"" ""-""",011337674220:/ecs/cococash-wfe,wfe/wfe/c88d236c7466456d9645d055b1a3262e
2026-03-15T20:22:47.792Z,"10.0.4.151 - - [15/Mar/2026:20:22:47 +0000] ""GET / HTTP/1.1"" 200 459 ""-"" ""ELB-HealthChecker/2.0"" ""-""",011337674220:/ecs/cococash-wfe,wfe/wfe/20973f81ed264592b429b2332dd43237
2026-03-15T20:22:49.973Z,"10.0.1.20 - - [15/Mar/2026:20:22:49 +0000] ""GET / HTTP/1.1"" 200 459 ""-"" ""ELB-HealthChecker/2.0"" ""-""",011337674220:/ecs/cococash-wfe,wfe/wfe/20973f81ed264592b429b2332dd43237
2026-03-15T20:22:15.729Z,"{""httpMethod"":""GET"",""integrationError"":""-"",""ip"":""13.216.212.172"",""protocol"":""HTTP/1.1"",""requestId"":""aSA2xj8pIAMEaFQ="",""requestTime"":""15/Mar/2026:20:22:15 +0000"",""responseLength"":""821"",""routeKey"":""GET /v1/accounts/all"",""status"":""200""}",011337674220:/apigateway/cococash-api,1klwe2emka_.default-2026-03-15-20-22
2026-03-15T20:23:15.002Z,"10.0.1.20 - - [15/Mar/2026:20:23:15 +0000] ""GET / HTTP/1.1"" 200 459 ""-"" ""ELB-HealthChecker/2.0"" ""-""",011337674220:/ecs/cococash-wfe,wfe/wfe/c88d236c7466456d9645d055b1a3262e
2026-03-15T20:23:17.800Z,"10.0.4.151 - - [15/Mar/2026:20:23:17 +0000] ""GET / HTTP/1.1"" 200 459 ""-"" ""ELB-HealthChecker/2.0"" ""-""",011337674220:/ecs/cococash-wfe,wfe/wfe/c88d236c7466456d9645d055b1a3262e
2026-03-15T20:23:15.987Z,2026/03/15 20:23:15 Processing report batch: 3 accounts for period 2026-03,011337674220:/ecs/cococash-transaction,transaction/transaction-ms/16613d4aa3bc43eda88e56a626244b7c
2026-03-15T20:23:16.013Z,2026/03/15 20:23:16 Found 0 transactions for user=00000000-0000-0000-0000-000000000001 period=2026-03,011337674220:/ecs/cococash-transaction,transaction/transaction-ms/16613d4aa3bc43eda88e56a626244b7c
2026-03-15T20:23:16.067Z,2026/03/15 20:23:16 Published consolidated report for user=00000000-0000-0000-0000-000000000001 period=2026-03 (0 txns),011337674220:/ecs/cococash-transaction,transaction/transaction-ms/16613d4aa3bc43eda88e56a626244b7c
2026-03-15T20:23:16.069Z,2026/03/15 20:23:16 Found 4 transactions for user=b4086408-f091-70c7-1cae-fbf6dea2c607 period=2026-03,011337674220:/ecs/cococash-transaction,transaction/transaction-ms/16613d4aa3bc43eda88e56a626244b7c
2026-03-15T20:23:16.089Z,2026/03/15 20:23:16 Published consolidated report for user=b4086408-f091-70c7-1cae-fbf6dea2c607 period=2026-03 (4 txns),011337674220:/ecs/cococash-transaction,transaction/transaction-ms/16613d4aa3bc43eda88e56a626244b7c
2026-03-15T20:23:16.091Z,2026/03/15 20:23:16 Found 4 transactions for user=94180498-80b1-70c6-aa12-1b5de6f27bbb period=2026-03,011337674220:/ecs/cococash-transaction,transaction/transaction-ms/16613d4aa3bc43eda88e56a626244b7c
2026-03-15T20:23:16.103Z,2026/03/15 20:23:16 Published consolidated report for user=94180498-80b1-70c6-aa12-1b5de6f27bbb period=2026-03 (4 txns),011337674220:/ecs/cococash-transaction,transaction/transaction-ms/16613d4aa3bc43eda88e56a626244b7c
2026-03-15T20:23:17.800Z,"10.0.4.151 - - [15/Mar/2026:20:23:17 +0000] ""GET / HTTP/1.1"" 200 459 ""-"" ""ELB-HealthChecker/2.0"" ""-""",011337674220:/ecs/cococash-wfe,wfe/wfe/20973f81ed264592b429b2332dd43237
2026-03-15T20:23:19.979Z,"10.0.1.20 - - [15/Mar/2026:20:23:19 +0000] ""GET / HTTP/1.1"" 200 459 ""-"" ""ELB-HealthChecker/2.0"" ""-""",011337674220:/ecs/cococash-wfe,wfe/wfe/20973f81ed264592b429b2332dd43237
2026-03-15T20:23:15.837Z,"START RequestId: 98dc02d4-f83d-48e5-bb59-03df356ededa Version: $LATEST
",011337674220:/aws/lambda/cococash-get-accounts,2026/03/15/[$LATEST]fd4495ceb84c41f79d880be87688ec26
2026-03-15T20:23:15.843Z,"2026/03/15 20:23:15 Starting report generation for period: 2026-03
",011337674220:/aws/lambda/cococash-get-accounts,2026/03/15/[$LATEST]fd4495ceb84c41f79d880be87688ec26
2026-03-15T20:23:15.884Z,"2026/03/15 20:23:15 Fetched 3 active accounts
",011337674220:/aws/lambda/cococash-get-accounts,2026/03/15/[$LATEST]fd4495ceb84c41f79d880be87688ec26
2026-03-15T20:23:15.955Z,"2026/03/15 20:23:15 Published batch 1 (3 accounts)
",011337674220:/aws/lambda/cococash-get-accounts,2026/03/15/[$LATEST]fd4495ceb84c41f79d880be87688ec26
2026-03-15T20:23:15.955Z,"2026/03/15 20:23:15 Completed: published 1 batches for 3 accounts, period 2026-03
",011337674220:/aws/lambda/cococash-get-accounts,2026/03/15/[$LATEST]fd4495ceb84c41f79d880be87688ec26
2026-03-15T20:23:15.956Z,"END RequestId: 98dc02d4-f83d-48e5-bb59-03df356ededa
",011337674220:/aws/lambda/cococash-get-accounts,2026/03/15/[$LATEST]fd4495ceb84c41f79d880be87688ec26
2026-03-15T20:23:15.956Z,"REPORT RequestId: 98dc02d4-f83d-48e5-bb59-03df356ededa	Duration: 118.53 ms	Billed Duration: 119 ms	Memory Size: 128 MB	Max Memory Used: 30 MB	
",011337674220:/aws/lambda/cococash-get-accounts,2026/03/15/[$LATEST]fd4495ceb84c41f79d880be87688ec26
2026-03-15T20:23:16.149Z,"START RequestId: 0b225745-df76-58e7-95f2-3574c8144c3a Version: $LATEST
",011337674220:/aws/lambda/cococash-pdf-maker,2026/03/15/[$LATEST]cf23b45679304821b3c966368a552e3d
2026-03-15T20:23:16.150Z,"2026/03/15 20:23:16 Generating PDF for user=b4086408-f091-70c7-1cae-fbf6dea2c607 account=937c9f9e-5df2-4f7e-86f2-002bce00f354 period=2026-03 transactions=4
",011337674220:/aws/lambda/cococash-pdf-maker,2026/03/15/[$LATEST]cf23b45679304821b3c966368a552e3d
2026-03-15T20:23:16.256Z,"2026/03/15 20:23:16 Uploaded PDF to s3://cococash-pdf-odb-011337674220/reportes/b4086408-f091-70c7-1cae-fbf6dea2c607/2026/03/extracto.pdf
",011337674220:/aws/lambda/cococash-pdf-maker,2026/03/15/[$LATEST]cf23b45679304821b3c966368a552e3d
2026-03-15T20:23:16.258Z,"END RequestId: 0b225745-df76-58e7-95f2-3574c8144c3a
",011337674220:/aws/lambda/cococash-pdf-maker,2026/03/15/[$LATEST]cf23b45679304821b3c966368a552e3d
2026-03-15T20:23:16.258Z,"REPORT RequestId: 0b225745-df76-58e7-95f2-3574c8144c3a	Duration: 108.03 ms	Billed Duration: 109 ms	Memory Size: 256 MB	Max Memory Used: 32 MB	
",011337674220:/aws/lambda/cococash-pdf-maker,2026/03/15/[$LATEST]cf23b45679304821b3c966368a552e3d
2026-03-15T20:23:16.153Z,"START RequestId: c90eeab8-11c8-5906-94ed-888906bc39f3 Version: $LATEST
",011337674220:/aws/lambda/cococash-pdf-maker,2026/03/15/[$LATEST]528aa744996a4e95b9ca5ac04c08d6dd
2026-03-15T20:23:16.169Z,"2026/03/15 20:23:16 Generating PDF for user=94180498-80b1-70c6-aa12-1b5de6f27bbb account=8f4fc671-ebc7-489f-b2b2-287c5e1538e2 period=2026-03 transactions=4
",011337674220:/aws/lambda/cococash-pdf-maker,2026/03/15/[$LATEST]528aa744996a4e95b9ca5ac04c08d6dd
2026-03-15T20:23:16.261Z,"2026/03/15 20:23:16 Uploaded PDF to s3://cococash-pdf-odb-011337674220/reportes/94180498-80b1-70c6-aa12-1b5de6f27bbb/2026/03/extracto.pdf
",011337674220:/aws/lambda/cococash-pdf-maker,2026/03/15/[$LATEST]528aa744996a4e95b9ca5ac04c08d6dd
2026-03-15T20:23:16.264Z,"END RequestId: c90eeab8-11c8-5906-94ed-888906bc39f3
",011337674220:/aws/lambda/cococash-pdf-maker,2026/03/15/[$LATEST]528aa744996a4e95b9ca5ac04c08d6dd
2026-03-15T20:23:16.264Z,"REPORT RequestId: c90eeab8-11c8-5906-94ed-888906bc39f3	Duration: 109.39 ms	Billed Duration: 110 ms	Memory Size: 256 MB	Max Memory Used: 32 MB	
",011337674220:/aws/lambda/cococash-pdf-maker,2026/03/15/[$LATEST]528aa744996a4e95b9ca5ac04c08d6dd
2026-03-15T20:23:16.155Z,"START RequestId: 16c86fcc-ad8a-59de-b6fa-0dfdbaf91a20 Version: $LATEST
",011337674220:/aws/lambda/cococash-pdf-maker,2026/03/15/[$LATEST]024661ad47e24db39e4e4702db408b3e
2026-03-15T20:23:16.170Z,"2026/03/15 20:23:16 Generating PDF for user=00000000-0000-0000-0000-000000000001 account=a0000000-0000-0000-0000-000000000001 period=2026-03 transactions=0
",011337674220:/aws/lambda/cococash-pdf-maker,2026/03/15/[$LATEST]024661ad47e24db39e4e4702db408b3e
2026-03-15T20:23:16.394Z,"2026/03/15 20:23:16 Uploaded PDF to s3://cococash-pdf-odb-011337674220/reportes/00000000-0000-0000-0000-000000000001/2026/03/extracto.pdf
",011337674220:/aws/lambda/cococash-pdf-maker,2026/03/15/[$LATEST]024661ad47e24db39e4e4702db408b3e
2026-03-15T20:23:16.396Z,"END RequestId: 16c86fcc-ad8a-59de-b6fa-0dfdbaf91a20
",011337674220:/aws/lambda/cococash-pdf-maker,2026/03/15/[$LATEST]024661ad47e24db39e4e4702db408b3e
2026-03-15T20:23:16.396Z,"REPORT RequestId: 16c86fcc-ad8a-59de-b6fa-0dfdbaf91a20	Duration: 239.96 ms	Billed Duration: 240 ms	Memory Size: 256 MB	Max Memory Used: 32 MB	
",011337674220:/aws/lambda/cococash-pdf-maker,2026/03/15/[$LATEST]024661ad47e24db39e4e4702db408b3e
2026-03-15T20:23:45.028Z,"10.0.1.20 - - [15/Mar/2026:20:23:45 +0000] ""GET / HTTP/1.1"" 200 459 ""-"" ""ELB-HealthChecker/2.0"" ""-""",011337674220:/ecs/cococash-wfe,wfe/wfe/c88d236c7466456d9645d055b1a3262e
2026-03-15T20:23:47.822Z,"10.0.4.151 - - [15/Mar/2026:20:23:47 +0000] ""GET / HTTP/1.1"" 200 459 ""-"" ""ELB-HealthChecker/2.0"" ""-""",011337674220:/ecs/cococash-wfe,wfe/wfe/c88d236c7466456d9645d055b1a3262e
2026-03-15T20:23:15.844Z,"{""httpMethod"":""GET"",""integrationError"":""-"",""ip"":""13.216.212.172"",""protocol"":""HTTP/1.1"",""requestId"":""aSBAKjErIAMEa1g="",""requestTime"":""15/Mar/2026:20:23:15 +0000"",""responseLength"":""821"",""routeKey"":""GET /v1/accounts/all"",""status"":""200""}",011337674220:/apigateway/cococash-api,1klwe2emka_.default-2026-03-15-20-23
2026-03-15T20:23:47.822Z,"10.0.4.151 - - [15/Mar/2026:20:23:47 +0000] ""GET / HTTP/1.1"" 200 459 ""-"" ""ELB-HealthChecker/2.0"" ""-""",011337674220:/ecs/cococash-wfe,wfe/wfe/20973f81ed264592b429b2332dd43237
2026-03-15T20:23:49.984Z,"10.0.1.20 - - [15/Mar/2026:20:23:49 +0000] ""GET / HTTP/1.1"" 200 459 ""-"" ""ELB-HealthChecker/2.0"" ""-""",011337674220:/ecs/cococash-wfe,wfe/wfe/20973f81ed264592b429b2332dd43237
2026-03-15T20:24:15.880Z,2026/03/15 20:24:15 Processing report batch: 3 accounts for period 2026-03,011337674220:/ecs/cococash-transaction,transaction/transaction-ms/429b0449b543441c8b399439fbb31f40
2026-03-15T20:24:15.909Z,2026/03/15 20:24:15 Found 0 transactions for user=00000000-0000-0000-0000-000000000001 period=2026-03,011337674220:/ecs/cococash-transaction,transaction/transaction-ms/429b0449b543441c8b399439fbb31f40
2026-03-15T20:24:15.942Z,2026/03/15 20:24:15 Published consolidated report for user=00000000-0000-0000-0000-000000000001 period=2026-03 (0 txns),011337674220:/ecs/cococash-transaction,transaction/transaction-ms/429b0449b543441c8b399439fbb31f40
2026-03-15T20:24:15.945Z,2026/03/15 20:24:15 Found 4 transactions for user=b4086408-f091-70c7-1cae-fbf6dea2c607 period=2026-03,011337674220:/ecs/cococash-transaction,transaction/transaction-ms/429b0449b543441c8b399439fbb31f40
2026-03-15T20:24:15.954Z,2026/03/15 20:24:15 Published consolidated report for user=b4086408-f091-70c7-1cae-fbf6dea2c607 period=2026-03 (4 txns),011337674220:/ecs/cococash-transaction,transaction/transaction-ms/429b0449b543441c8b399439fbb31f40
2026-03-15T20:24:15.957Z,2026/03/15 20:24:15 Found 4 transactions for user=94180498-80b1-70c6-aa12-1b5de6f27bbb period=2026-03,011337674220:/ecs/cococash-transaction,transaction/transaction-ms/429b0449b543441c8b399439fbb31f40
2026-03-15T20:24:15.967Z,2026/03/15 20:24:15 Published consolidated report for user=94180498-80b1-70c6-aa12-1b5de6f27bbb period=2026-03 (4 txns),011337674220:/ecs/cococash-transaction,transaction/transaction-ms/429b0449b543441c8b399439fbb31f40
2026-03-15T20:24:15.054Z,"10.0.1.20 - - [15/Mar/2026:20:24:15 +0000] ""GET / HTTP/1.1"" 200 459 ""-"" ""ELB-HealthChecker/2.0"" ""-""",011337674220:/ecs/cococash-wfe,wfe/wfe/c88d236c7466456d9645d055b1a3262e
2026-03-15T20:24:17.833Z,"10.0.4.151 - - [15/Mar/2026:20:24:17 +0000] ""GET / HTTP/1.1"" 200 459 ""-"" ""ELB-HealthChecker/2.0"" ""-""",011337674220:/ecs/cococash-wfe,wfe/wfe/20973f81ed264592b429b2332dd43237
2026-03-15T20:24:19.989Z,"10.0.1.20 - - [15/Mar/2026:20:24:19 +0000] ""GET / HTTP/1.1"" 200 459 ""-"" ""ELB-HealthChecker/2.0"" ""-""",011337674220:/ecs/cococash-wfe,wfe/wfe/20973f81ed264592b429b2332dd43237
2026-03-15T20:24:17.834Z,"10.0.4.151 - - [15/Mar/2026:20:24:17 +0000] ""GET / HTTP/1.1"" 200 459 ""-"" ""ELB-HealthChecker/2.0"" ""-""",011337674220:/ecs/cococash-wfe,wfe/wfe/c88d236c7466456d9645d055b1a3262e
2026-03-15T20:24:15.775Z,"START RequestId: 0a20b67c-1b1a-4f9d-8a4e-fbedc2f128ce Version: $LATEST
",011337674220:/aws/lambda/cococash-get-accounts,2026/03/15/[$LATEST]fd4495ceb84c41f79d880be87688ec26
2026-03-15T20:24:15.775Z,"2026/03/15 20:24:15 Starting report generation for period: 2026-03
",011337674220:/aws/lambda/cococash-get-accounts,2026/03/15/[$LATEST]fd4495ceb84c41f79d880be87688ec26
2026-03-15T20:24:15.819Z,"2026/03/15 20:24:15 Fetched 3 active accounts
",011337674220:/aws/lambda/cococash-get-accounts,2026/03/15/[$LATEST]fd4495ceb84c41f79d880be87688ec26
2026-03-15T20:24:15.847Z,"2026/03/15 20:24:15 Published batch 1 (3 accounts)
",011337674220:/aws/lambda/cococash-get-accounts,2026/03/15/[$LATEST]fd4495ceb84c41f79d880be87688ec26
2026-03-15T20:24:15.847Z,"2026/03/15 20:24:15 Completed: published 1 batches for 3 accounts, period 2026-03
",011337674220:/aws/lambda/cococash-get-accounts,2026/03/15/[$LATEST]fd4495ceb84c41f79d880be87688ec26
2026-03-15T20:24:15.848Z,"END RequestId: 0a20b67c-1b1a-4f9d-8a4e-fbedc2f128ce
",011337674220:/aws/lambda/cococash-get-accounts,2026/03/15/[$LATEST]fd4495ceb84c41f79d880be87688ec26
2026-03-15T20:24:15.848Z,"REPORT RequestId: 0a20b67c-1b1a-4f9d-8a4e-fbedc2f128ce	Duration: 73.41 ms	Billed Duration: 74 ms	Memory Size: 128 MB	Max Memory Used: 30 MB	
",011337674220:/aws/lambda/cococash-get-accounts,2026/03/15/[$LATEST]fd4495ceb84c41f79d880be87688ec26
2026-03-15T20:24:15.979Z,"START RequestId: f3894528-fbfc-522d-a341-2719ec5a7c28 Version: $LATEST
",011337674220:/aws/lambda/cococash-pdf-maker,2026/03/15/[$LATEST]024661ad47e24db39e4e4702db408b3e
2026-03-15T20:24:15.979Z,"2026/03/15 20:24:15 Generating PDF for user=00000000-0000-0000-0000-000000000001 account=a0000000-0000-0000-0000-000000000001 period=2026-03 transactions=0
",011337674220:/aws/lambda/cococash-pdf-maker,2026/03/15/[$LATEST]024661ad47e24db39e4e4702db408b3e
2026-03-15T20:24:16.077Z,"2026/03/15 20:24:16 Uploaded PDF to s3://cococash-pdf-odb-011337674220/reportes/00000000-0000-0000-0000-000000000001/2026/03/extracto.pdf
",011337674220:/aws/lambda/cococash-pdf-maker,2026/03/15/[$LATEST]024661ad47e24db39e4e4702db408b3e
2026-03-15T20:24:16.079Z,"END RequestId: f3894528-fbfc-522d-a341-2719ec5a7c28
",011337674220:/aws/lambda/cococash-pdf-maker,2026/03/15/[$LATEST]024661ad47e24db39e4e4702db408b3e
2026-03-15T20:24:16.079Z,"REPORT RequestId: f3894528-fbfc-522d-a341-2719ec5a7c28	Duration: 99.54 ms	Billed Duration: 100 ms	Memory Size: 256 MB	Max Memory Used: 32 MB	
",011337674220:/aws/lambda/cococash-pdf-maker,2026/03/15/[$LATEST]024661ad47e24db39e4e4702db408b3e
2026-03-15T20:24:16.001Z,"START RequestId: 91ca7bca-c115-55ee-bf17-19fbd689e133 Version: $LATEST
",011337674220:/aws/lambda/cococash-pdf-maker,2026/03/15/[$LATEST]528aa744996a4e95b9ca5ac04c08d6dd
2026-03-15T20:24:16.003Z,"2026/03/15 20:24:16 Generating PDF for user=b4086408-f091-70c7-1cae-fbf6dea2c607 account=937c9f9e-5df2-4f7e-86f2-002bce00f354 period=2026-03 transactions=4
",011337674220:/aws/lambda/cococash-pdf-maker,2026/03/15/[$LATEST]528aa744996a4e95b9ca5ac04c08d6dd
2026-03-15T20:24:16.093Z,"2026/03/15 20:24:16 Uploaded PDF to s3://cococash-pdf-odb-011337674220/reportes/b4086408-f091-70c7-1cae-fbf6dea2c607/2026/03/extracto.pdf
",011337674220:/aws/lambda/cococash-pdf-maker,2026/03/15/[$LATEST]528aa744996a4e95b9ca5ac04c08d6dd
2026-03-15T20:24:16.095Z,"END RequestId: 91ca7bca-c115-55ee-bf17-19fbd689e133
",011337674220:/aws/lambda/cococash-pdf-maker,2026/03/15/[$LATEST]528aa744996a4e95b9ca5ac04c08d6dd
2026-03-15T20:24:16.095Z,"REPORT RequestId: 91ca7bca-c115-55ee-bf17-19fbd689e133	Duration: 92.68 ms	Billed Duration: 93 ms	Memory Size: 256 MB	Max Memory Used: 32 MB	
",011337674220:/aws/lambda/cococash-pdf-maker,2026/03/15/[$LATEST]528aa744996a4e95b9ca5ac04c08d6dd
2026-03-15T20:24:16.196Z,"START RequestId: 3ed3870b-a3eb-567e-929d-e53ab477668b Version: $LATEST
",011337674220:/aws/lambda/cococash-pdf-maker,2026/03/15/[$LATEST]528aa744996a4e95b9ca5ac04c08d6dd
2026-03-15T20:24:16.196Z,"2026/03/15 20:24:16 Generating PDF for user=94180498-80b1-70c6-aa12-1b5de6f27bbb account=8f4fc671-ebc7-489f-b2b2-287c5e1538e2 period=2026-03 transactions=4
",011337674220:/aws/lambda/cococash-pdf-maker,2026/03/15/[$LATEST]528aa744996a4e95b9ca5ac04c08d6dd
2026-03-15T20:24:16.225Z,"2026/03/15 20:24:16 Uploaded PDF to s3://cococash-pdf-odb-011337674220/reportes/94180498-80b1-70c6-aa12-1b5de6f27bbb/2026/03/extracto.pdf
",011337674220:/aws/lambda/cococash-pdf-maker,2026/03/15/[$LATEST]528aa744996a4e95b9ca5ac04c08d6dd
2026-03-15T20:24:16.226Z,"END RequestId: 3ed3870b-a3eb-567e-929d-e53ab477668b
",011337674220:/aws/lambda/cococash-pdf-maker,2026/03/15/[$LATEST]528aa744996a4e95b9ca5ac04c08d6dd
2026-03-15T20:24:16.227Z,"REPORT RequestId: 3ed3870b-a3eb-567e-929d-e53ab477668b	Duration: 30.33 ms	Billed Duration: 31 ms	Memory Size: 256 MB	Max Memory Used: 32 MB	
",011337674220:/aws/lambda/cococash-pdf-maker,2026/03/15/[$LATEST]528aa744996a4e95b9ca5ac04c08d6dd
2026-03-15T20:24:15.777Z,"{""httpMethod"":""GET"",""integrationError"":""-"",""ip"":""13.216.212.172"",""protocol"":""HTTP/1.1"",""requestId"":""aSBJhh0SIAMESlA="",""requestTime"":""15/Mar/2026:20:24:15 +0000"",""responseLength"":""821"",""routeKey"":""GET /v1/accounts/all"",""status"":""200""}",011337674220:/apigateway/cococash-api,1klwe2emka_.default-2026-03-15-20-24
2026-03-15T20:24:45.079Z,"10.0.1.20 - - [15/Mar/2026:20:24:45 +0000] ""GET / HTTP/1.1"" 200 459 ""-"" ""ELB-HealthChecker/2.0"" ""-""",011337674220:/ecs/cococash-wfe,wfe/wfe/c88d236c7466456d9645d055b1a3262e
2026-03-15T20:24:47.860Z,"10.0.4.151 - - [15/Mar/2026:20:24:47 +0000] ""GET / HTTP/1.1"" 200 459 ""-"" ""ELB-HealthChecker/2.0"" ""-""",011337674220:/ecs/cococash-wfe,wfe/wfe/20973f81ed264592b429b2332dd43237
2026-03-15T20:24:49.992Z,"10.0.1.20 - - [15/Mar/2026:20:24:49 +0000] ""GET / HTTP/1.1"" 200 459 ""-"" ""ELB-HealthChecker/2.0"" ""-""",011337674220:/ecs/cococash-wfe,wfe/wfe/20973f81ed264592b429b2332dd43237
2026-03-15T20:24:47.861Z,"10.0.4.151 - - [15/Mar/2026:20:24:47 +0000] ""GET / HTTP/1.1"" 200 459 ""-"" ""ELB-HealthChecker/2.0"" ""-""",011337674220:/ecs/cococash-wfe,wfe/wfe/c88d236c7466456d9645d055b1a3262e
2026-03-15T20:25:15.096Z,"10.0.1.20 - - [15/Mar/2026:20:25:15 +0000] ""GET / HTTP/1.1"" 200 459 ""-"" ""ELB-HealthChecker/2.0"" ""-""",011337674220:/ecs/cococash-wfe,wfe/wfe/c88d236c7466456d9645d055b1a3262e
2026-03-15T20:25:17.891Z,"10.0.4.151 - - [15/Mar/2026:20:25:17 +0000] ""GET / HTTP/1.1"" 200 459 ""-"" ""ELB-HealthChecker/2.0"" ""-""",011337674220:/ecs/cococash-wfe,wfe/wfe/20973f81ed264592b429b2332dd43237
2026-03-15T20:25:19.998Z,"10.0.1.20 - - [15/Mar/2026:20:25:19 +0000] ""GET / HTTP/1.1"" 200 459 ""-"" ""ELB-HealthChecker/2.0"" ""-""",011337674220:/ecs/cococash-wfe,wfe/wfe/20973f81ed264592b429b2332dd43237
2026-03-15T20:25:17.891Z,"10.0.4.151 - - [15/Mar/2026:20:25:17 +0000] ""GET / HTTP/1.1"" 200 459 ""-"" ""ELB-HealthChecker/2.0"" ""-""",011337674220:/ecs/cococash-wfe,wfe/wfe/c88d236c7466456d9645d055b1a3262e
2026-03-15T20:25:39.865Z,Published transfer.completed event for transfer d7c9e107-d4a3-4c21-b37e-169311120606,011337674220:/ecs/cococash-wallet,wallet/wallet-ms/211f33717c8c481ca48f63f5b2f22469
2026-03-15T20:25:39.927Z,2026/03/15 20:25:39 Processing event: transfer.completed for transfer d7c9e107-d4a3-4c21-b37e-169311120606,011337674220:/ecs/cococash-transaction,transaction/transaction-ms/16613d4aa3bc43eda88e56a626244b7c
2026-03-15T20:25:39.956Z,2026/03/15 20:25:39 Stored transaction a6e5a9e6-b788-46bd-a9bb-4fd99d0bfd54-debit for user b4086408-f091-70c7-1cae-fbf6dea2c607,011337674220:/ecs/cococash-transaction,transaction/transaction-ms/16613d4aa3bc43eda88e56a626244b7c
2026-03-15T20:25:39.961Z,2026/03/15 20:25:39 Stored transaction a6e5a9e6-b788-46bd-a9bb-4fd99d0bfd54-credit for user 94180498-80b1-70c6-aa12-1b5de6f27bbb,011337674220:/ecs/cococash-transaction,transaction/transaction-ms/16613d4aa3bc43eda88e56a626244b7c
2026-03-15T20:25:39.961Z,2026/03/15 20:25:39 Successfully processed transfer d7c9e107-d4a3-4c21-b37e-169311120606 (transfer.completed),011337674220:/ecs/cococash-transaction,transaction/transaction-ms/16613d4aa3bc43eda88e56a626244b7c
2026-03-15T20:25:45.122Z,"10.0.1.20 - - [15/Mar/2026:20:25:45 +0000] ""GET / HTTP/1.1"" 200 459 ""-"" ""ELB-HealthChecker/2.0"" ""-""",011337674220:/ecs/cococash-wfe,wfe/wfe/c88d236c7466456d9645d055b1a3262e
2026-03-15T20:25:47.920Z,"10.0.4.151 - - [15/Mar/2026:20:25:47 +0000] ""GET / HTTP/1.1"" 200 459 ""-"" ""ELB-HealthChecker/2.0"" ""-""",011337674220:/ecs/cococash-wfe,wfe/wfe/20973f81ed264592b429b2332dd43237
2026-03-15T20:25:50.004Z,"10.0.1.20 - - [15/Mar/2026:20:25:50 +0000] ""GET / HTTP/1.1"" 200 459 ""-"" ""ELB-HealthChecker/2.0"" ""-""",011337674220:/ecs/cococash-wfe,wfe/wfe/20973f81ed264592b429b2332dd43237
2026-03-15T20:25:47.920Z,"10.0.4.151 - - [15/Mar/2026:20:25:47 +0000] ""GET / HTTP/1.1"" 200 459 ""-"" ""ELB-HealthChecker/2.0"" ""-""",011337674220:/ecs/cococash-wfe,wfe/wfe/c88d236c7466456d9645d055b1a3262e
2026-03-15T20:25:41.944Z,"{""httpMethod"":""GET"",""integrationError"":""-"",""ip"":""186.81.58.124"",""protocol"":""HTTP/1.1"",""requestId"":""aSBW_jhNoAMEcSw="",""requestTime"":""15/Mar/2026:20:25:41 +0000"",""responseLength"":""0"",""routeKey"":""GET /v1/accounts/me"",""status"":""304""}",011337674220:/apigateway/cococash-api,1klwe2emka_.default-2026-03-15-20-25
2026-03-15T20:25:41.282Z,"{""httpMethod"":""GET"",""integrationError"":""-"",""ip"":""186.81.58.124"",""protocol"":""HTTP/1.1"",""requestId"":""aSBW4i0coAMEJRg="",""requestTime"":""15/Mar/2026:20:25:41 +0000"",""responseLength"":""271"",""routeKey"":""GET /v1/accounts/me"",""status"":""200""}",011337674220:/apigateway/cococash-api,1klwe2emka_.default-2026-03-15-20-25
2026-03-15T20:26:15.124Z,"10.0.1.20 - - [15/Mar/2026:20:26:15 +0000] ""GET / HTTP/1.1"" 200 459 ""-"" ""ELB-HealthChecker/2.0"" ""-""",011337674220:/ecs/cococash-wfe,wfe/wfe/c88d236c7466456d9645d055b1a3262e
2026-03-15T20:25:39.660Z,"{""httpMethod"":""POST"",""integrationError"":""-"",""ip"":""186.81.58.124"",""protocol"":""HTTP/1.1"",""requestId"":""aSBWoj7_IAMEJFQ="",""requestTime"":""15/Mar/2026:20:25:39 +0000"",""responseLength"":""170"",""routeKey"":""POST /v1/transfers"",""status"":""200""}",011337674220:/apigateway/cococash-api,1klwe2emka_.default-2026-03-15-20-25
2026-03-15T20:25:42.116Z,"{""httpMethod"":""GET"",""integrationError"":""-"",""ip"":""186.81.58.124"",""protocol"":""HTTP/1.1"",""requestId"":""aSBXBhOgoAMEJgA="",""requestTime"":""15/Mar/2026:20:25:42 +0000"",""responseLength"":""0"",""routeKey"":""GET /v1/transfers/account/{accountId}"",""status"":""304""}",011337674220:/apigateway/cococash-api,1klwe2emka_.default-2026-03-15-20-25
2026-03-15T20:25:41.443Z,"{""httpMethod"":""GET"",""integrationError"":""-"",""ip"":""186.81.58.124"",""protocol"":""HTTP/1.1"",""requestId"":""aSBW6iqTIAMEctg="",""requestTime"":""15/Mar/2026:20:25:41 +0000"",""responseLength"":""1839"",""routeKey"":""GET /v1/transfers/account/{accountId}"",""status"":""200""}",011337674220:/apigateway/cococash-api,1klwe2emka_.default-2026-03-15-20-25
2026-03-15T20:26:17.948Z,"10.0.4.151 - - [15/Mar/2026:20:26:17 +0000] ""GET / HTTP/1.1"" 200 459 ""-"" ""ELB-HealthChecker/2.0"" ""-""",011337674220:/ecs/cococash-wfe,wfe/wfe/20973f81ed264592b429b2332dd43237
2026-03-15T20:26:20.010Z,"10.0.1.20 - - [15/Mar/2026:20:26:20 +0000] ""GET / HTTP/1.1"" 200 459 ""-"" ""ELB-HealthChecker/2.0"" ""-""",011337674220:/ecs/cococash-wfe,wfe/wfe/20973f81ed264592b429b2332dd43237
2026-03-15T20:26:17.949Z,"10.0.4.151 - - [15/Mar/2026:20:26:17 +0000] ""GET / HTTP/1.1"" 200 459 ""-"" ""ELB-HealthChecker/2.0"" ""-""",011337674220:/ecs/cococash-wfe,wfe/wfe/c88d236c7466456d9645d055b1a3262e
2026-03-15T20:26:45.140Z,"10.0.1.20 - - [15/Mar/2026:20:26:45 +0000] ""GET / HTTP/1.1"" 200 459 ""-"" ""ELB-HealthChecker/2.0"" ""-""",011337674220:/ecs/cococash-wfe,wfe/wfe/c88d236c7466456d9645d055b1a3262e
2026-03-15T20:26:47.979Z,"10.0.4.151 - - [15/Mar/2026:20:26:47 +0000] ""GET / HTTP/1.1"" 200 459 ""-"" ""ELB-HealthChecker/2.0"" ""-""",011337674220:/ecs/cococash-wfe,wfe/wfe/20973f81ed264592b429b2332dd43237
2026-03-15T20:26:50.016Z,"10.0.1.20 - - [15/Mar/2026:20:26:50 +0000] ""GET / HTTP/1.1"" 200 459 ""-"" ""ELB-HealthChecker/2.0"" ""-""",011337674220:/ecs/cococash-wfe,wfe/wfe/20973f81ed264592b429b2332dd43237
2026-03-15T20:26:47.979Z,"10.0.4.151 - - [15/Mar/2026:20:26:47 +0000] ""GET / HTTP/1.1"" 200 459 ""-"" ""ELB-HealthChecker/2.0"" ""-""",011337674220:/ecs/cococash-wfe,wfe/wfe/c88d236c7466456d9645d055b1a3262e
2026-03-15T20:27:05.992Z,"INIT_START Runtime Version: provided:al2023.v124	Runtime Version ARN: arn:aws:lambda:us-east-1::runtime:b07b728c501d765f715ce5e24338fe899244ba83c91ecf6c67b5cea1dc629a90
",011337674220:/aws/lambda/cococash-pdf-maker,2026/03/15/[$LATEST]ba178b5687114db19c82512f611f1347
2026-03-15T20:27:06.072Z,"START RequestId: e0fdde15-ea22-43e4-b456-7f283d47794d Version: $LATEST
",011337674220:/aws/lambda/cococash-pdf-maker,2026/03/15/[$LATEST]ba178b5687114db19c82512f611f1347
2026-03-15T20:27:06.074Z,"END RequestId: e0fdde15-ea22-43e4-b456-7f283d47794d
",011337674220:/aws/lambda/cococash-pdf-maker,2026/03/15/[$LATEST]ba178b5687114db19c82512f611f1347
2026-03-15T20:27:06.074Z,"REPORT RequestId: e0fdde15-ea22-43e4-b456-7f283d47794d	Duration: 1.80 ms	Billed Duration: 78 ms	Memory Size: 256 MB	Max Memory Used: 21 MB	Init Duration: 75.81 ms	
",011337674220:/aws/lambda/cococash-pdf-maker,2026/03/15/[$LATEST]ba178b5687114db19c82512f611f1347
2026-03-15T20:27:15.165Z,"10.0.1.20 - - [15/Mar/2026:20:27:15 +0000] ""GET / HTTP/1.1"" 200 459 ""-"" ""ELB-HealthChecker/2.0"" ""-""",011337674220:/ecs/cococash-wfe,wfe/wfe/c88d236c7466456d9645d055b1a3262e
2026-03-15T20:27:17.996Z,"10.0.4.151 - - [15/Mar/2026:20:27:17 +0000] ""GET / HTTP/1.1"" 200 459 ""-"" ""ELB-HealthChecker/2.0"" ""-""",011337674220:/ecs/cococash-wfe,wfe/wfe/20973f81ed264592b429b2332dd43237
2026-03-15T20:27:20.021Z,"10.0.1.20 - - [15/Mar/2026:20:27:20 +0000] ""GET / HTTP/1.1"" 200 459 ""-"" ""ELB-HealthChecker/2.0"" ""-""",011337674220:/ecs/cococash-wfe,wfe/wfe/20973f81ed264592b429b2332dd43237
2026-03-15T20:27:17.997Z,"10.0.4.151 - - [15/Mar/2026:20:27:17 +0000] ""GET / HTTP/1.1"" 200 459 ""-"" ""ELB-HealthChecker/2.0"" ""-""",011337674220:/ecs/cococash-wfe,wfe/wfe/c88d236c7466456d9645d055b1a3262e
2026-03-15T20:27:45.190Z,"10.0.1.20 - - [15/Mar/2026:20:27:45 +0000] ""GET / HTTP/1.1"" 200 459 ""-"" ""ELB-HealthChecker/2.0"" ""-""",011337674220:/ecs/cococash-wfe,wfe/wfe/c88d236c7466456d9645d055b1a3262e
2026-03-15T20:27:48.024Z,"10.0.4.151 - - [15/Mar/2026:20:27:48 +0000] ""GET / HTTP/1.1"" 200 459 ""-"" ""ELB-HealthChecker/2.0"" ""-""",011337674220:/ecs/cococash-wfe,wfe/wfe/20973f81ed264592b429b2332dd43237
2026-03-15T20:27:50.027Z,"10.0.1.20 - - [15/Mar/2026:20:27:50 +0000] ""GET / HTTP/1.1"" 200 459 ""-"" ""ELB-HealthChecker/2.0"" ""-""",011337674220:/ecs/cococash-wfe,wfe/wfe/20973f81ed264592b429b2332dd43237
2026-03-15T20:27:48.025Z,"10.0.4.151 - - [15/Mar/2026:20:27:48 +0000] ""GET / HTTP/1.1"" 200 459 ""-"" ""ELB-HealthChecker/2.0"" ""-""",011337674220:/ecs/cococash-wfe,wfe/wfe/c88d236c7466456d9645d055b1a3262e
2026-03-15T20:28:15.200Z,"10.0.1.20 - - [15/Mar/2026:20:28:15 +0000] ""GET / HTTP/1.1"" 200 459 ""-"" ""ELB-HealthChecker/2.0"" ""-""",011337674220:/ecs/cococash-wfe,wfe/wfe/c88d236c7466456d9645d055b1a3262e
2026-03-15T20:28:18.052Z,"10.0.4.151 - - [15/Mar/2026:20:28:18 +0000] ""GET / HTTP/1.1"" 200 459 ""-"" ""ELB-HealthChecker/2.0"" ""-""",011337674220:/ecs/cococash-wfe,wfe/wfe/20973f81ed264592b429b2332dd43237
2026-03-15T20:28:20.032Z,"10.0.1.20 - - [15/Mar/2026:20:28:20 +0000] ""GET / HTTP/1.1"" 200 459 ""-"" ""ELB-HealthChecker/2.0"" ""-""",011337674220:/ecs/cococash-wfe,wfe/wfe/20973f81ed264592b429b2332dd43237
2026-03-15T20:28:18.053Z,"10.0.4.151 - - [15/Mar/2026:20:28:18 +0000] ""GET / HTTP/1.1"" 200 459 ""-"" ""ELB-HealthChecker/2.0"" ""-""",011337674220:/ecs/cococash-wfe,wfe/wfe/c88d236c7466456d9645d055b1a3262e
2026-03-15T20:28:26.617Z,"START RequestId: 0e951504-144c-40a0-b3bd-9d864c6b9277 Version: $LATEST
",011337674220:/aws/lambda/cococash-pdf-maker,2026/03/15/[$LATEST]ba178b5687114db19c82512f611f1347
2026-03-15T20:28:26.618Z,"END RequestId: 0e951504-144c-40a0-b3bd-9d864c6b9277
",011337674220:/aws/lambda/cococash-pdf-maker,2026/03/15/[$LATEST]ba178b5687114db19c82512f611f1347
2026-03-15T20:28:26.618Z,"REPORT RequestId: 0e951504-144c-40a0-b3bd-9d864c6b9277	Duration: 1.18 ms	Billed Duration: 2 ms	Memory Size: 256 MB	Max Memory Used: 21 MB	
",011337674220:/aws/lambda/cococash-pdf-maker,2026/03/15/[$LATEST]ba178b5687114db19c82512f611f1347
2026-03-15T20:28:45.221Z,"10.0.1.20 - - [15/Mar/2026:20:28:45 +0000] ""GET / HTTP/1.1"" 200 459 ""-"" ""ELB-HealthChecker/2.0"" ""-""",011337674220:/ecs/cococash-wfe,wfe/wfe/c88d236c7466456d9645d055b1a3262e
2026-03-15T20:28:48.060Z,"10.0.4.151 - - [15/Mar/2026:20:28:48 +0000] ""GET / HTTP/1.1"" 200 459 ""-"" ""ELB-HealthChecker/2.0"" ""-""",011337674220:/ecs/cococash-wfe,wfe/wfe/20973f81ed264592b429b2332dd43237
2026-03-15T20:28:50.038Z,"10.0.1.20 - - [15/Mar/2026:20:28:50 +0000] ""GET / HTTP/1.1"" 200 459 ""-"" ""ELB-HealthChecker/2.0"" ""-""",011337674220:/ecs/cococash-wfe,wfe/wfe/20973f81ed264592b429b2332dd43237
2026-03-15T20:28:48.060Z,"10.0.4.151 - - [15/Mar/2026:20:28:48 +0000] ""GET / HTTP/1.1"" 200 459 ""-"" ""ELB-HealthChecker/2.0"" ""-""",011337674220:/ecs/cococash-wfe,wfe/wfe/c88d236c7466456d9645d055b1a3262e
2026-03-15T20:29:15.247Z,"10.0.1.20 - - [15/Mar/2026:20:29:15 +0000] ""GET / HTTP/1.1"" 200 459 ""-"" ""ELB-HealthChecker/2.0"" ""-""",011337674220:/ecs/cococash-wfe,wfe/wfe/c88d236c7466456d9645d055b1a3262e
2026-03-15T20:29:18.076Z,"10.0.4.151 - - [15/Mar/2026:20:29:18 +0000] ""GET / HTTP/1.1"" 200 459 ""-"" ""ELB-HealthChecker/2.0"" ""-""",011337674220:/ecs/cococash-wfe,wfe/wfe/20973f81ed264592b429b2332dd43237
2026-03-15T20:29:20.044Z,"10.0.1.20 - - [15/Mar/2026:20:29:20 +0000] ""GET / HTTP/1.1"" 200 459 ""-"" ""ELB-HealthChecker/2.0"" ""-""",011337674220:/ecs/cococash-wfe,wfe/wfe/20973f81ed264592b429b2332dd43237
2026-03-15T20:29:18.076Z,"10.0.4.151 - - [15/Mar/2026:20:29:18 +0000] ""GET / HTTP/1.1"" 200 459 ""-"" ""ELB-HealthChecker/2.0"" ""-""",011337674220:/ecs/cococash-wfe,wfe/wfe/c88d236c7466456d9645d055b1a3262e
2026-03-15T20:29:32.746Z,2026/03/15 20:29:32 Processing report batch: 3 accounts for period 2026-03,011337674220:/ecs/cococash-transaction,transaction/transaction-ms/16613d4aa3bc43eda88e56a626244b7c
2026-03-15T20:29:32.771Z,2026/03/15 20:29:32 Found 0 transactions for user=00000000-0000-0000-0000-000000000001 period=2026-03,011337674220:/ecs/cococash-transaction,transaction/transaction-ms/16613d4aa3bc43eda88e56a626244b7c
2026-03-15T20:29:32.817Z,2026/03/15 20:29:32 Published consolidated report for user=00000000-0000-0000-0000-000000000001 period=2026-03 (0 txns),011337674220:/ecs/cococash-transaction,transaction/transaction-ms/16613d4aa3bc43eda88e56a626244b7c
2026-03-15T20:29:32.819Z,2026/03/15 20:29:32 Found 5 transactions for user=b4086408-f091-70c7-1cae-fbf6dea2c607 period=2026-03,011337674220:/ecs/cococash-transaction,transaction/transaction-ms/16613d4aa3bc43eda88e56a626244b7c
2026-03-15T20:29:32.830Z,2026/03/15 20:29:32 Published consolidated report for user=b4086408-f091-70c7-1cae-fbf6dea2c607 period=2026-03 (5 txns),011337674220:/ecs/cococash-transaction,transaction/transaction-ms/16613d4aa3bc43eda88e56a626244b7c
2026-03-15T20:29:32.833Z,2026/03/15 20:29:32 Found 5 transactions for user=94180498-80b1-70c6-aa12-1b5de6f27bbb period=2026-03,011337674220:/ecs/cococash-transaction,transaction/transaction-ms/16613d4aa3bc43eda88e56a626244b7c
2026-03-15T20:29:32.844Z,2026/03/15 20:29:32 Published consolidated report for user=94180498-80b1-70c6-aa12-1b5de6f27bbb period=2026-03 (5 txns),011337674220:/ecs/cococash-transaction,transaction/transaction-ms/16613d4aa3bc43eda88e56a626244b7c
2026-03-15T20:29:32.504Z,"START RequestId: e70f0e2b-3696-4e14-a067-aa173a66aa2d Version: $LATEST
",011337674220:/aws/lambda/cococash-get-accounts,2026/03/15/[$LATEST]fd4495ceb84c41f79d880be87688ec26
2026-03-15T20:29:32.512Z,"2026/03/15 20:29:32 Starting report generation for period: 2026-03
",011337674220:/aws/lambda/cococash-get-accounts,2026/03/15/[$LATEST]fd4495ceb84c41f79d880be87688ec26
2026-03-15T20:29:32.631Z,"2026/03/15 20:29:32 Fetched 3 active accounts
",011337674220:/aws/lambda/cococash-get-accounts,2026/03/15/[$LATEST]fd4495ceb84c41f79d880be87688ec26
2026-03-15T20:29:32.712Z,"2026/03/15 20:29:32 Published batch 1 (3 accounts)
",011337674220:/aws/lambda/cococash-get-accounts,2026/03/15/[$LATEST]fd4495ceb84c41f79d880be87688ec26
2026-03-15T20:29:32.712Z,"2026/03/15 20:29:32 Completed: published 1 batches for 3 accounts, period 2026-03
",011337674220:/aws/lambda/cococash-get-accounts,2026/03/15/[$LATEST]fd4495ceb84c41f79d880be87688ec26
2026-03-15T20:29:32.714Z,"END RequestId: e70f0e2b-3696-4e14-a067-aa173a66aa2d
",011337674220:/aws/lambda/cococash-get-accounts,2026/03/15/[$LATEST]fd4495ceb84c41f79d880be87688ec26
2026-03-15T20:29:32.714Z,"REPORT RequestId: e70f0e2b-3696-4e14-a067-aa173a66aa2d	Duration: 209.15 ms	Billed Duration: 210 ms	Memory Size: 128 MB	Max Memory Used: 30 MB	
",011337674220:/aws/lambda/cococash-get-accounts,2026/03/15/[$LATEST]fd4495ceb84c41f79d880be87688ec26
2026-03-15T20:29:32.884Z,"START RequestId: 392d27bb-65cc-50e2-b49d-458a7d10177b Version: $LATEST
",011337674220:/aws/lambda/cococash-pdf-maker,2026/03/15/[$LATEST]ba178b5687114db19c82512f611f1347
2026-03-15T20:29:32.885Z,"2026/03/15 20:29:32 Generating PDF for user=00000000-0000-0000-0000-000000000001 account=a0000000-0000-0000-0000-000000000001 period=2026-03 transactions=0
",011337674220:/aws/lambda/cococash-pdf-maker,2026/03/15/[$LATEST]ba178b5687114db19c82512f611f1347
2026-03-15T20:29:33.553Z,"2026/03/15 20:29:33 Uploaded PDF to s3://cococash-pdf-odb-011337674220/reportes/00000000-0000-0000-0000-000000000001/2026/03/extracto.pdf
",011337674220:/aws/lambda/cococash-pdf-maker,2026/03/15/[$LATEST]ba178b5687114db19c82512f611f1347
2026-03-15T20:29:33.555Z,"END RequestId: 392d27bb-65cc-50e2-b49d-458a7d10177b
",011337674220:/aws/lambda/cococash-pdf-maker,2026/03/15/[$LATEST]ba178b5687114db19c82512f611f1347
2026-03-15T20:29:33.555Z,"REPORT RequestId: 392d27bb-65cc-50e2-b49d-458a7d10177b	Duration: 670.10 ms	Billed Duration: 671 ms	Memory Size: 256 MB	Max Memory Used: 31 MB	
",011337674220:/aws/lambda/cococash-pdf-maker,2026/03/15/[$LATEST]ba178b5687114db19c82512f611f1347
2026-03-15T20:29:45.253Z,"10.0.1.20 - - [15/Mar/2026:20:29:45 +0000] ""GET / HTTP/1.1"" 200 459 ""-"" ""ELB-HealthChecker/2.0"" ""-""",011337674220:/ecs/cococash-wfe,wfe/wfe/c88d236c7466456d9645d055b1a3262e
2026-03-15T20:29:48.107Z,"10.0.4.151 - - [15/Mar/2026:20:29:48 +0000] ""GET / HTTP/1.1"" 200 459 ""-"" ""ELB-HealthChecker/2.0"" ""-""",011337674220:/ecs/cococash-wfe,wfe/wfe/20973f81ed264592b429b2332dd43237
2026-03-15T20:29:50.045Z,"10.0.1.20 - - [15/Mar/2026:20:29:50 +0000] ""GET / HTTP/1.1"" 200 459 ""-"" ""ELB-HealthChecker/2.0"" ""-""",011337674220:/ecs/cococash-wfe,wfe/wfe/20973f81ed264592b429b2332dd43237
2026-03-15T20:29:42.825Z,"START RequestId: 63b96d66-f9c6-5458-830f-0f57e11aa731 Version: $LATEST
",011337674220:/aws/lambda/cococash-pdf-maker,2026/03/15/[$LATEST]ba178b5687114db19c82512f611f1347
2026-03-15T20:29:42.825Z,"2026/03/15 20:29:42 Generating PDF for user=94180498-80b1-70c6-aa12-1b5de6f27bbb account=8f4fc671-ebc7-489f-b2b2-287c5e1538e2 period=2026-03 transactions=5
",011337674220:/aws/lambda/cococash-pdf-maker,2026/03/15/[$LATEST]ba178b5687114db19c82512f611f1347
2026-03-15T20:29:42.929Z,"2026/03/15 20:29:42 Uploaded PDF to s3://cococash-pdf-odb-011337674220/reportes/94180498-80b1-70c6-aa12-1b5de6f27bbb/2026/03/extracto.pdf
",011337674220:/aws/lambda/cococash-pdf-maker,2026/03/15/[$LATEST]ba178b5687114db19c82512f611f1347
2026-03-15T20:29:42.931Z,"END RequestId: 63b96d66-f9c6-5458-830f-0f57e11aa731
",011337674220:/aws/lambda/cococash-pdf-maker,2026/03/15/[$LATEST]ba178b5687114db19c82512f611f1347
2026-03-15T20:29:42.931Z,"REPORT RequestId: 63b96d66-f9c6-5458-830f-0f57e11aa731	Duration: 105.41 ms	Billed Duration: 106 ms	Memory Size: 256 MB	Max Memory Used: 31 MB	
",011337674220:/aws/lambda/cococash-pdf-maker,2026/03/15/[$LATEST]ba178b5687114db19c82512f611f1347
2026-03-15T20:29:48.107Z,"10.0.4.151 - - [15/Mar/2026:20:29:48 +0000] ""GET / HTTP/1.1"" 200 459 ""-"" ""ELB-HealthChecker/2.0"" ""-""",011337674220:/ecs/cococash-wfe,wfe/wfe/c88d236c7466456d9645d055b1a3262e
2026-03-15T20:29:52.887Z,"START RequestId: 4cf4447b-8b5b-5c16-b083-264a938626f3 Version: $LATEST
",011337674220:/aws/lambda/cococash-pdf-maker,2026/03/15/[$LATEST]ba178b5687114db19c82512f611f1347
2026-03-15T20:29:52.887Z,"2026/03/15 20:29:52 Generating PDF for user=b4086408-f091-70c7-1cae-fbf6dea2c607 account=937c9f9e-5df2-4f7e-86f2-002bce00f354 period=2026-03 transactions=5
",011337674220:/aws/lambda/cococash-pdf-maker,2026/03/15/[$LATEST]ba178b5687114db19c82512f611f1347
2026-03-15T20:29:53.015Z,"2026/03/15 20:29:53 Uploaded PDF to s3://cococash-pdf-odb-011337674220/reportes/b4086408-f091-70c7-1cae-fbf6dea2c607/2026/03/extracto.pdf
",011337674220:/aws/lambda/cococash-pdf-maker,2026/03/15/[$LATEST]ba178b5687114db19c82512f611f1347
2026-03-15T20:29:53.016Z,"END RequestId: 4cf4447b-8b5b-5c16-b083-264a938626f3
",011337674220:/aws/lambda/cococash-pdf-maker,2026/03/15/[$LATEST]ba178b5687114db19c82512f611f1347
2026-03-15T20:29:53.016Z,"REPORT RequestId: 4cf4447b-8b5b-5c16-b083-264a938626f3	Duration: 129.02 ms	Billed Duration: 130 ms	Memory Size: 256 MB	Max Memory Used: 31 MB	
",011337674220:/aws/lambda/cococash-pdf-maker,2026/03/15/[$LATEST]ba178b5687114db19c82512f611f1347
2026-03-15T20:29:32.573Z,"{""httpMethod"":""GET"",""integrationError"":""-"",""ip"":""13.216.212.172"",""protocol"":""HTTP/1.1"",""requestId"":""aSB7Bi8ioAMEJiQ="",""requestTime"":""15/Mar/2026:20:29:32 +0000"",""responseLength"":""820"",""routeKey"":""GET /v1/accounts/all"",""status"":""200""}",011337674220:/apigateway/cococash-api,1klwe2emka_.default-2026-03-15-20-29
2026-03-15T20:29:33.424Z,"{""httpMethod"":""GET"",""integrationError"":""-"",""ip"":""44.222.73.4"",""protocol"":""HTTP/1.1"",""requestId"":""aSB7KifyoAMEZFQ="",""requestTime"":""15/Mar/2026:20:29:33 +0000"",""responseLength"":""820"",""routeKey"":""GET /v1/accounts/all"",""status"":""200""}",011337674220:/apigateway/cococash-api,1klwe2emka_.default-2026-03-15-20-29
2026-03-15T20:30:15.279Z,"10.0.1.20 - - [15/Mar/2026:20:30:15 +0000] ""GET / HTTP/1.1"" 200 459 ""-"" ""ELB-HealthChecker/2.0"" ""-""",011337674220:/ecs/cococash-wfe,wfe/wfe/c88d236c7466456d9645d055b1a3262e
2026-03-15T20:30:18.124Z,"10.0.4.151 - - [15/Mar/2026:20:30:18 +0000] ""GET / HTTP/1.1"" 200 459 ""-"" ""ELB-HealthChecker/2.0"" ""-""",011337674220:/ecs/cococash-wfe,wfe/wfe/20973f81ed264592b429b2332dd43237
2026-03-15T20:30:20.050Z,"10.0.1.20 - - [15/Mar/2026:20:30:20 +0000] ""GET / HTTP/1.1"" 200 459 ""-"" ""ELB-HealthChecker/2.0"" ""-""",011337674220:/ecs/cococash-wfe,wfe/wfe/20973f81ed264592b429b2332dd43237
2026-03-15T20:30:18.125Z,"10.0.4.151 - - [15/Mar/2026:20:30:18 +0000] ""GET / HTTP/1.1"" 200 459 ""-"" ""ELB-HealthChecker/2.0"" ""-""",011337674220:/ecs/cococash-wfe,wfe/wfe/c88d236c7466456d9645d055b1a3262e
2026-03-15T20:29:52.888Z,"{""httpMethod"":""GET"",""integrationError"":""-"",""ip"":""44.222.73.4"",""protocol"":""HTTP/1.1"",""requestId"":""aSB-MhtHIAMEPkA="",""requestTime"":""15/Mar/2026:20:29:52 +0000"",""responseLength"":""820"",""routeKey"":""GET /v1/accounts/all"",""status"":""200""}",011337674220:/apigateway/cococash-api,1klwe2emka_.default-2026-03-15-20-29